,name,github_id,category,resource,homepage,contributor_count,description,projectrank,show,pypi_id,conda_id,dockerhub_id,docs_url,labels,dependent_project_count,github_dependent_project_count,pypi_url,pypi_monthly_downloads,monthly_downloads,conda_url,created_at,conda_latest_release_published_at,updated_at,conda_total_downloads,release_count,dockerhub_url,dockerhub_latest_release_published_at,dockerhub_stars,star_count,dockerhub_pulls,projectrank_placing,license,npm_id,npm_url,npm_monthly_downloads,trending,helm_id,brew_id,apt_id,yum_id,maven_id,maven_url
0,ANN Benchmarks,erikbern/ann-benchmarks,nn-search,True,{},112.0,,0,True,,,,,,,,,,,,,,,,,,,,,,,,,,,,,,,,,
1,best-of-web-python - Web Scraping,ml-tooling/best-of-web-python,web-scraping,True,https://github.com/ml-tooling/best-of-web-python#web-scraping--crawling,17.0,Collection of web-scraping and crawling libraries.,0,True,,,,,,,,,,,,,,,,,,,,,,,,,,,,,,,,,
2,best-of-python - Data Extraction,ml-tooling/best-of-python,data-loading,True,https://github.com/ml-tooling/best-of-python#data-loading--extraction,18.0,Collection of data-loading and -extraction libraries.,0,True,,,,,,,,,,,,,,,,,,,,,,,,,,,,,,,,,
3,best-of-python - DB Clients,ml-tooling/best-of-python,db-clients,True,https://github.com/ml-tooling/best-of-python#database-clients,18.0,Collection of database clients for python.,0,True,,,,,,,,,,,,,,,,,,,,,,,,,,,,,,,,,
4,best-of-python - Data Containers,ml-tooling/best-of-python,data-containers,True,https://github.com/ml-tooling/best-of-python#data-containers--dataframes,18.0,"Collection of data-container, dataframe, and pandas-utility libraries.",0,True,,,,,,,,,,,,,,,,,,,,,,,,,,,,,,,,,
5,best-of-python - Data Pipelines,ml-tooling/best-of-python,data-pipelines,True,https://github.com/ml-tooling/best-of-python#data-pipelines--streaming,18.0,"Libraries for data batch- and stream-processing, workflow automation, job scheduling, and other data pipeline tasks.",0,True,,,,,,,,,,,,,,,,,,,,,,,,,,,,,,,,,
6,Tensorflow,tensorflow/tensorflow,ml-frameworks,,{},5277.0,TensorFlow is an end-to-end open source platform for machine learning.,25,False,tensorflow,conda-forge/tensorflow,tensorflow/tensorflow,https://www.tensorflow.org/overview,['tensorflow'],547727.0,547727.0,https://pypi.org/project/tensorflow,17552802.0,18784320.0,https://anaconda.org/conda-forge/tensorflow,2020-07-15 17:39:13.415,2026-08-19 19:35:24.819,2026-08-27 12:49:50.623162,7313773.0,47.0,https://hub.docker.com/r/tensorflow/tensorflow,2026-08-27 12:49:50.623162,2918.0,2918.0,82587106.0,1.0,,,,,,,,,,,
7,Pillow,python-pillow/Pillow,image,,{},522.0,Pillow is the friendly PIL fork by Alex Clark and Contributors.,25,True,Pillow,conda-forge/pillow,,,,2478966.0,2478966.0,https://pypi.org/project/Pillow,552120285.0,553262749.0,https://anaconda.org/conda-forge/pillow,2020-07-02 12:37:30.903,2026-07-01 14:19:14.756,2026-07-01 14:19:14.756000,83399909.0,60.0,,,,,,1.0,PIL,,,,,,,,,,
8,Matplotlib,matplotlib/matplotlib,data-viz,,{},1906.0,Publication quality figures in Python.,25,True,matplotlib,conda-forge/matplotlib,,,,1917551.0,1917551.0,https://pypi.org/project/matplotlib,236029624.0,236598252.0,https://anaconda.org/conda-forge/matplotlib,2020-06-19 14:20:14.311,2026-07-28 04:12:59.218,2026-07-28 04:12:59.218000,42078502.0,84.0,,,,,,1.0,,,,,,,,,,,
9,PyTorch,pytorch/pytorch,ml-frameworks,,{},6901.0,PyTorch is an optimized tensor library for deep learning using GPUs and CPUs.,24,False,torch,pytorch/pytorch,,https://pytorch.org/docs/stable/index.html,['pytorch'],874364.0,874364.0,https://pypi.org/project/torch,88822077.0,89363292.0,https://anaconda.org/pytorch/pytorch,2021-09-14 15:18:07.767,2025-03-25 16:24:31.802,2025-03-25 16:24:31.802000,31931705.0,32.0,,,,,,1.0,BSD-3-Clause,,,,,,,,,,
10,scikit-learn,scikit-learn/scikit-learn,ml-frameworks,,{},3557.0,A set of python modules for machine learning and data mining.,24,False,scikit-learn,conda-forge/scikit-learn,,,['sklearn'],1372060.0,1372060.0,https://pypi.org/project/scikit-learn,236983257.0,237662054.0,https://anaconda.org/conda-forge/scikit-learn,2020-05-13 13:26:05.862,2026-06-02 15:39:39.655,2026-06-02 15:39:39.655000,50909816.0,63.0,,,,,,1.0,,,,,,,,,,,
11,transformers,huggingface/transformers,nlp,,{},4090.0,State-of-the-art Natural Language Processing for TensorFlow 2.0 and PyTorch.,24,False,transformers,conda-forge/transformers,,,"['pytorch', 'tensorflow']",433118.0,433118.0,https://pypi.org/project/transformers,191238276.0,191306283.0,https://anaconda.org/conda-forge/transformers,2020-07-21 09:47:14.490,2026-08-26 18:41:47.006,2026-08-26 18:41:47.006000,4964511.0,197.0,,,,,,1.0,,,,,,,,,,,
12,nltk,nltk/nltk,nlp,,{},518.0,Suite of libraries and programs for symbolic and statistical natural language processing for English.,22,False,nltk,conda-forge/nltk,,,,422439.0,422439.0,https://pypi.org/project/nltk,69175089.0,69239519.0,https://anaconda.org/conda-forge/nltk,2021-03-23 13:25:58.880,2026-08-16 01:44:08.443,2026-08-16 01:44:08.443000,4187988.0,26.0,,,,,,1.0,,,,,,,,,,,
13,Tokenizers,huggingface/tokenizers,nlp,,{},150.0,Fast State-of-the-Art Tokenizers optimized for Research and Production.,22,False,tokenizers,conda-forge/tokenizers,,,,206877.0,206877.0,https://pypi.org/project/tokenizers,264906538.0,264979794.0,https://anaconda.org/conda-forge/tokenizers,2020-07-20 15:07:28.335,2026-06-29 18:15:09.757,2026-06-29 18:15:09.757000,5347714.0,39.0,,,,,,1.0,,,,,,,,,,,
14,Plotly,plotly/plotly.py,data-viz,,{},332.0,"An interactive, browser-based graphing library for Python.",22,False,plotly,conda-forge/plotly,,,,476771.0,476771.0,https://pypi.org/project/plotly,68071014.0,68285725.0,https://anaconda.org/conda-forge/plotly,2020-05-26 16:18:32.550,2026-07-09 19:32:48.385,2026-07-09 19:32:48.385000,16033431.0,119.0,,,,,,1.0,,plotlywidget,https://www.npmjs.com/package/plotlywidget,932.0,,,,,,,
15,networkx,networkx/networkx,graph,,{},850.0,Python package for creating and manipulating complex networks.,22,False,networkx,conda-forge/networkx,,,,460788.0,460788.0,https://pypi.org/project/networkx,268565377.0,269059884.0,https://anaconda.org/conda-forge/networkx,2020-08-23 19:28:59.969,2025-12-08 17:32:15.937,2025-12-08 17:32:15.937000,35604550.0,33.0,,,,,,1.0,,,,,,,,,,,
16,Keras,keras-team/keras,ml-frameworks,,{},1552.0,Deep Learning for Python.,21,False,keras,conda-forge/keras,,https://keras.io,['tensorflow'],308374.0,308374.0,https://pypi.org/project/keras,17480680.0,17553546.0,https://anaconda.org/conda-forge/keras,2020-06-25 19:13:32.150,2026-07-30 13:59:39.561,2026-07-30 13:59:39.561000,5392136.0,52.0,,,,,,1.0,,,,,,,,,,,
17,XGBoost,dmlc/xgboost,ml-frameworks,,{},703.0,"Scalable, Portable and Distributed Gradient Boosting (GBDT, GBRT or GBM) Library, for Python, R, Java, Scala, C++ and..",21,False,xgboost,conda-forge/xgboost,,https://xgboost.readthedocs.io/en/latest/,,173132.0,173132.0,https://pypi.org/project/xgboost,48569743.0,48681686.0,https://anaconda.org/conda-forge/xgboost,2020-07-02 21:36:28.150,2026-08-20 00:30:29.570,2026-08-20 00:30:29.570000,8171843.0,45.0,,,,,,1.0,,,,,,,,,,,
18,StatsModels,statsmodels/statsmodels,ml-frameworks,,{},564.0,Statistical computations and models for Python.,21,False,statsmodels,conda-forge/statsmodels,,,,185960.0,185960.0,https://pypi.org/project/statsmodels,39716976.0,40098195.0,https://anaconda.org/conda-forge/statsmodels,2020-06-12 12:09:15.928,2026-08-27 17:35:42.252,2026-08-27 17:35:42.252000,28210267.0,24.0,,,,,,1.0,,,,,1.0,,,,,,
19,sentence-transformers,UKPLab/sentence-transformers,nlp,,{},289.0,Sentence Embeddings using BERT / RoBERTa / XLNet.,21,False,sentence-transformers,conda-forge/sentence-transformers,,,['pytorch'],140214.0,140214.0,https://pypi.org/project/sentence-transformers,32707570.0,32737811.0,https://anaconda.org/conda-forge/sentence-transformers,2020-09-18 19:41:05.496,2026-08-18 16:03:44.738,2026-08-18 16:03:44.738000,2147117.0,51.0,,,,,,1.0,,,,,,,,,,,
20,Seaborn,mwaskom/seaborn,data-viz,,{},217.0,Statistical data visualization.,21,False,seaborn,conda-forge/seaborn,,,,718772.0,718772.0,https://pypi.org/project/seaborn,34930267.0,35180706.0,https://anaconda.org/conda-forge/seaborn,2020-06-11 12:34:59.562,2025-04-22 14:56:26.328,2025-04-22 14:56:26.328000,18532494.0,15.0,,,,,,1.0,,,,,,,,,,,
21,Altair,altair-viz/altair,data-viz,,{},200.0,Altair: A declarative statistical visualization library for Python.,21,False,altair,conda-forge/altair,,,,249641.0,249641.0,https://pypi.org/project/altair,52337917.0,52404712.0,https://anaconda.org/conda-forge/altair,2021-12-29 16:43:13.728,2026-06-25 09:08:16.682,2026-06-25 09:08:16.682000,3740560.0,35.0,,,,,,1.0,,,,,,,,,,,
22,pyproj,pyproj4/pyproj,geospatial-data,,{},82.0,Python interface to PROJ library.,21,False,pyproj,conda-forge/pyproj,,,,49969.0,49969.0,https://pypi.org/project/pyproj,25397451.0,25602494.0,https://anaconda.org/conda-forge/pyproj,2020-07-28 04:30:26.055,2026-08-10 09:08:02.355,2026-08-10 09:08:02.355000,14968163.0,37.0,,,,,,1.0,MIT,,,,,,,,,,
23,wandb client,wandb/client,ml-experiments,,{},251.0,"The AI developer platform. Use Weights & Biases to train and fine-tune models, and manage models from experimentation..",21,False,wandb,conda-forge/wandb,,,,90144.0,90144.0,https://pypi.org/project/wandb,26097627.0,26121537.0,https://anaconda.org/conda-forge/wandb,2020-07-28 19:00:23.555,2026-08-17 21:59:15.492,2026-08-17 21:59:15.492000,1745501.0,112.0,,,,,,1.0,,,,,,,,,,,
24,mlflow,mlflow/mlflow,ml-experiments,,{},1160.0,MLflow is an open source platform for the machine learning lifecycle.,21,False,mlflow,conda-forge/mlflow,,,,69317.0,69317.0,https://pypi.org/project/mlflow,41084045.0,41155372.0,https://anaconda.org/conda-forge/mlflow,2020-06-25 18:11:47.672,2026-08-26 10:40:04.182,2026-08-26 10:40:04.182000,5278249.0,124.0,,,,,,1.0,,,,,,,,,,,
25,dask,dask/dask,distributed-ml,,{},656.0,Parallel PyData with Task Scheduling.,21,False,dask,conda-forge/dask,,,,80320.0,80320.0,https://pypi.org/project/dask,28197553.0,28432892.0,https://anaconda.org/conda-forge/dask,2020-05-27 04:42:11.739,2026-07-14 19:10:02.983,2026-07-14 19:10:02.983000,17650468.0,210.0,,,,,,1.0,,,,,,stable/dask,,,,,
26,Ray,ray-project/ray,distributed-ml,,{},1706.0,Ray is a fast and simple framework for building and running distributed applications.,21,False,ray,conda-forge/ray-tune,,,,29441.0,29441.0,https://pypi.org/project/ray,56021306.0,56039703.0,https://anaconda.org/conda-forge/ray-tune,2020-12-10 16:27:52.723,2026-08-26 07:46:31.601,2026-08-26 07:46:31.601000,1251026.0,79.0,,,,,,1.0,,,,,1.0,,,,,,
27,accelerate,huggingface/accelerate,pytorch-utils,,{},426.0,Training loop of PyTorch without boilerplate code.,21,False,accelerate,conda-forge/accelerate,,,['pytorch'],117895.0,117895.0,https://pypi.org/project/accelerate,25552645.0,25582933.0,https://anaconda.org/conda-forge/accelerate,2021-10-11 19:33:54.475,2026-06-12 15:26:42.843,2026-06-12 15:26:42.843000,1756760.0,64.0,,,,,,1.0,,,,,,,,,,,
28,SymPy,sympy/sympy,others,,{},1508.0,Python library for symbolic mathematics.,21,False,sympy,conda-forge/sympy,,,,309864.0,309864.0,https://pypi.org/project/sympy,170041571.0,170257289.0,https://anaconda.org/conda-forge/sympy,2020-05-24 15:55:07.810,2026-02-24 17:00:41.277,2026-02-24 17:00:41.277000,16178909.0,25.0,,,,,,1.0,,,,,,,,,,,
29,jax,google/jax,ml-frameworks,,{},1117.0,"Composable transformations of Python+NumPy programs: differentiate, vectorize, JIT to GPU/TPU, and more.",20,False,jax,conda-forge/jaxlib,,,,50957.0,50957.0,https://pypi.org/project/jax,19978369.0,20038246.0,https://anaconda.org/conda-forge/jaxlib,2020-06-16 01:44:03.567,2026-07-06 18:55:29.549,2026-07-06 18:55:29.549000,4430947.0,93.0,,,,,,2.0,,,,,,,,,,,
30,spaCy,explosion/spaCy,nlp,,{},782.0,Industrial-strength Natural Language Processing.,20,False,spacy,conda-forge/spacy,,,,146418.0,146418.0,https://pypi.org/project/spacy,26171194.0,26295342.0,https://anaconda.org/conda-forge/spacy,2020-06-17 09:17:51.026,2026-03-29 21:12:40.594,2026-03-29 21:12:40.594000,9186962.0,92.0,,,,,,1.0,,,,,,,,,,,
31,sentencepiece,google/sentencepiece,nlp,,{},117.0,Unsupervised text tokenizer for Neural Network-based text generation.,20,False,sentencepiece,conda-forge/sentencepiece,,,,130847.0,130847.0,https://pypi.org/project/sentencepiece,37160696.0,37192320.0,https://anaconda.org/conda-forge/sentencepiece,2020-07-09 18:30:01.986,2026-08-21 10:25:28.125,2026-08-21 10:25:28.125000,2308577.0,8.0,,,,,,1.0,,,,,,,,,,,
32,langchain,langchain-ai/langchain,agents,,{},3730.0,,20,False,langchain,,,,,290820.0,290820.0,https://pypi.org/project/langchain,251783839.0,251783839.0,,,,,,,,,,,,1.0,,,,,,,,,,,
33,scikit-image,scikit-image/scikit-image,image,,{},651.0,Image processing in Python.,20,False,scikit-image,conda-forge/scikit-image,,,,247773.0,247773.0,https://pypi.org/project/scikit-image,26362797.0,26513939.0,https://anaconda.org/conda-forge/scikit-image,2020-06-09 21:49:09.288,2025-12-25 22:03:47.378,2025-12-25 22:03:47.378000,11184526.0,29.0,,,,,,1.0,,,,,,,,,,,
34,Bokeh,bokeh/bokeh,data-viz,,{},738.0,Statistical and novel interactive HTML plots for Python.,20,False,bokeh,conda-forge/bokeh,,,,105984.0,105984.0,https://pypi.org/project/bokeh,7991060.0,8273632.0,https://anaconda.org/conda-forge/bokeh,2020-06-16 00:40:01.624,2026-08-19 13:07:16.399,2026-08-19 13:07:16.399000,20910345.0,78.0,,,,,,1.0,,,,,,,,,,,
35,dash,plotly/dash,data-viz,,{},221.0,A Python framework for building reactive web-apps. Developed by Plotly.,20,False,dash,conda-forge/dash,,,,91062.0,91062.0,https://pypi.org/project/dash,8810461.0,8845606.0,https://anaconda.org/conda-forge/dash,2020-06-21 21:47:00.236,2026-07-22 05:14:16.153,2026-07-22 05:14:16.153000,2600734.0,126.0,,,,,,1.0,,,,,,,,,,,
36,Shapely,shapely/shapely,geospatial-data,,{},175.0,Python package for manipulation and analysis of geometric objects in the Cartesian plane.,20,False,shapely,conda-forge/shapely,,,,123686.0,123686.0,https://pypi.org/project/shapely,77138029.0,77404694.0,https://anaconda.org/conda-forge/shapely,2020-08-21 06:18:37.778,2025-11-07 14:27:39.980,2025-11-07 14:27:39.980000,19199949.0,36.0,,,,,,1.0,,,,,,,,,,,
37,Tensorboard,tensorflow/tensorboard,ml-experiments,,{},336.0,TensorFlows Visualization Toolkit.,20,False,tensorboard,conda-forge/tensorboard,,,['tensorflow'],340244.0,340244.0,https://pypi.org/project/tensorboard,24851569.0,24960383.0,https://anaconda.org/conda-forge/tensorboard,2020-06-22 10:06:52.606,2026-05-24 17:36:10.396,2026-05-24 17:36:10.396000,8052306.0,45.0,,,,,,1.0,,,,,,,,,,,
38,Gymnasium,Farama-Foundation/Gymnasium,reinforcement-learning,,{},604.0,A standard API for reinforcement learning and a diverse set of reference environments (formerly Gym).,20,False,gymnasium,conda-forge/gymnasium,,,,23362.0,23362.0,https://pypi.org/project/gymnasium,5679117.0,5689265.0,https://anaconda.org/conda-forge/gymnasium,2022-12-09 21:41:49.555,2026-05-28 18:13:39.730,2026-05-28 18:13:39.730000,446542.0,12.0,,,,,,1.0,MIT,,,,,,,,,,
39,pytorch-lightning,Lightning-AI/lightning,ml-frameworks,,{},1070.0,PyTorch Lightning is the lightweight PyTorch wrapper for ML researchers. Scale your models. Write less boilerplate.,19,False,pytorch-lightning,conda-forge/pytorch-lightning,,,['pytorch'],50929.0,50929.0,https://pypi.org/project/pytorch-lightning,12864071.0,12893872.0,https://anaconda.org/conda-forge/pytorch-lightning,2020-06-03 07:36:42.521,2026-06-02 08:12:13.235,2026-06-02 08:12:13.235000,2205312.0,129.0,,,,,,2.0,,,,,,,,,,,
40,einops,arogozhnikov/einops,ml-frameworks,,{},38.0,A new flavour of deep learning operations.,19,False,einops,conda-forge/einops,,,,91089.0,91089.0,https://pypi.org/project/einops,26948546.0,26960384.0,https://anaconda.org/conda-forge/einops,2020-10-15 20:10:16.939,2026-01-26 11:30:26.666,2026-01-26 11:30:26.666000,828699.0,12.0,,,,,,2.0,,,,,,,,,,,
41,litellm,BerriAI/litellm,nlp,,{},1644.0,,19,False,litellm,,,,,28184.0,28184.0,https://pypi.org/project/litellm,707500997.0,707500997.0,,,,,,,,,,,,2.0,,,,,,,,,,,
42,gensim,RaRe-Technologies/gensim,nlp,,{},464.0,Topic Modelling for Humans.,19,False,gensim,conda-forge/gensim,,,,78879.0,78879.0,https://pypi.org/project/gensim,4454776.0,4488904.0,https://anaconda.org/conda-forge/gensim,2021-03-31 07:19:16.610,2026-03-18 20:01:38.726,2026-03-18 20:01:38.726000,2218329.0,23.0,,,,,,2.0,,,,,,,,,,,
43,PyTorch Image Models,rwightman/pytorch-image-models,image,,{},201.0,(Unofficial) PyTorch Image Models.,19,False,timm,conda-forge/timm,,,['pytorch'],66156.0,66156.0,https://pypi.org/project/timm,15340958.0,15351149.0,https://anaconda.org/conda-forge/timm,2020-07-18 18:44:49.142,2026-07-16 02:58:41.608,2026-07-16 02:58:41.608000,743983.0,47.0,,,,,,1.0,,,,,,,,,,,
44,imageio,imageio/imageio,image,,{},131.0,A Python library for reading and writing image data.,19,False,imageio,conda-forge/imageio,,,,190034.0,190034.0,https://pypi.org/project/imageio,40902514.0,41046454.0,https://anaconda.org/conda-forge/imageio,2020-07-06 14:13:23.772,2025-04-22 14:56:30.839,2025-04-22 14:56:30.839000,10507643.0,52.0,,,,,,1.0,,,,,,,,,,,
45,shap,slundberg/shap,interpretability,,{},323.0,A unified approach to explain the output of any machine learning model.,19,False,shap,conda-forge/shap,,,,37900.0,37900.0,https://pypi.org/project/shap,14927021.0,15076360.0,https://anaconda.org/conda-forge/shap,2020-12-16 18:34:09.024,2026-06-12 18:46:58.089,2026-06-12 18:46:58.089000,10155095.0,41.0,,,,,,1.0,,,,,,,,,,,
46,pydeck,visgl/deck.gl,geospatial-data,,{},321.0,Widget for deck.gl maps.,19,False,pydeck,conda-forge/pydeck,,,['jupyter'],9651.0,9651.0,https://pypi.org/project/pydeck,26328848.0,27425388.0,https://anaconda.org/conda-forge/pydeck,2020-07-24 06:30:33.668,2026-07-03 03:15:08.148,2026-07-03 03:15:08.148000,1161723.0,16.0,,,,,,2.0,,deck.gl,https://www.npmjs.com/package/deck.gl,1080626.0,,,,,,,
47,GeoPandas,geopandas/geopandas,geospatial-data,,{},266.0,Geographic pandas extensions.,19,False,geopandas,conda-forge/geopandas,,,['pandas'],63302.0,63302.0,https://pypi.org/project/geopandas,17436958.0,17543494.0,https://anaconda.org/conda-forge/geopandas,2020-06-24 14:59:24.383,2026-06-26 20:58:44.934,2026-06-26 20:58:44.934000,7883684.0,44.0,,,,,,2.0,,,,,,,,,,,
48,Rasterio,rasterio/rasterio,geospatial-data,,{},185.0,Rasterio reads and writes geospatial raster datasets.,19,False,rasterio,conda-forge/rasterio,,,,20590.0,20590.0,https://pypi.org/project/rasterio,6891750.0,7006840.0,https://anaconda.org/conda-forge/rasterio,2021-01-25 19:58:39.144,2026-08-09 22:38:17.456,2026-08-09 22:38:17.456000,7711035.0,88.0,,,,,,2.0,,,,,,,,,,,
49,Optuna,optuna/optuna,hyperopt,,{},397.0,A hyperparameter optimization framework.,19,False,optuna,conda-forge/optuna,,,,33411.0,33411.0,https://pypi.org/project/optuna,18369023.0,18426497.0,https://anaconda.org/conda-forge/optuna,2020-06-01 09:17:12.717,2026-06-01 10:52:13.216,2026-06-01 10:52:13.216000,4253130.0,46.0,,,,,,1.0,,,,,,,,,,,
50,dask.distributed,dask/distributed,distributed-ml,,{},351.0,Distributed scheduler for Dask.,19,False,distributed,conda-forge/distributed,,,,43031.0,43031.0,https://pypi.org/project/distributed,7423890.0,7771495.0,https://anaconda.org/conda-forge/distributed,2020-05-27 03:49:13.707,2026-08-27 20:46:16.705,2026-08-27 20:46:16.705000,26070411.0,233.0,,,,,,1.0,,,,,,,,,,,
51,onnx,onnx/onnx,model-serialisation,,{},414.0,Open Neural Network Exchange library.,19,False,onnx,conda-forge/onnx,,,,54043.0,54043.0,https://pypi.org/project/onnx,17715736.0,17761231.0,https://anaconda.org/conda-forge/onnx,2020-06-03 11:32:32.173,2026-06-23 19:00:35.296,2026-06-23 19:00:35.296000,3366661.0,35.0,,,,,,1.0,,,,,,,,,,,
52,Streamlit,streamlit/streamlit,model-serialisation,,{},338.0,,19,False,streamlit,,,,,1015592.0,1015592.0,https://pypi.org/project/streamlit,29836894.0,29836894.0,,,,,,,,,,,,1.0,,,,,,,,,,,
53,Thinc,explosion/thinc,ml-frameworks,,{},68.0,thinc: a lightweight deep learning library.,18,False,thinc,conda-forge/thinc,,,,72933.0,72933.0,https://pypi.org/project/thinc,25557045.0,25628419.0,https://anaconda.org/conda-forge/thinc,2020-05-25 09:58:57.636,2026-03-24 12:17:35.079,2026-03-24 12:17:35.079000,5353113.0,66.0,,,,,,2.0,,,,,,,,,,,
54,Flax,google/flax,ml-frameworks,,{},306.0,Flax: A neural network library for JAX designed for flexibility.,18,False,flax,conda-forge/flax,,,['jax'],16773.0,16773.0,https://pypi.org/project/flax,4288186.0,4291497.0,https://anaconda.org/conda-forge/flax,2021-03-31 20:01:18.364,2026-07-21 05:36:54.150,2026-07-21 05:36:54.150000,215251.0,31.0,,,,,,2.0,,,,,,,,,,,
55,Wand,emcconville/wand,image,,{},113.0,"Wand is a ctypes-based simple ImageMagick binding for Python, supporting 2.7, 3.6+, and PyPy.",18,False,wand,conda-forge/wand,,,,21512.0,21512.0,https://pypi.org/project/wand,1423172.0,1425888.0,https://anaconda.org/conda-forge/wand,2019-08-27 18:03:26.696,2025-04-22 14:57:10.980,2025-04-22 14:57:10.980000,228219.0,6.0,,,,,,1.0,MIT,,,,,,,,,,
56,MoviePy,Zulko/moviepy,image,,{},193.0,Video editing with Python.,18,False,moviepy,conda-forge/moviepy,,,,68870.0,68870.0,https://pypi.org/project/moviepy,6588342.0,6599001.0,https://anaconda.org/conda-forge/moviepy,2022-04-16 23:09:16.118,2026-02-01 17:50:06.530,2026-02-01 17:50:06.530000,554310.0,8.0,,,,,,1.0,,,,,,,,,,,
57,arviz,arviz-devs/arviz,interpretability,,{},196.0,Exploratory analysis of Bayesian models with Python.,18,False,arviz,conda-forge/arviz,,,,12009.0,12009.0,https://pypi.org/project/arviz,3500185.0,3538363.0,https://anaconda.org/conda-forge/arviz,2020-05-23 03:05:32.458,2026-08-16 16:52:08.302,2026-08-16 16:52:08.302000,2863413.0,39.0,,,,,,1.0,,,,,,,,,,,
58,folium,python-visualization/folium,geospatial-data,,{},196.0,Make beautiful maps with Leaflet.js and Python.,18,False,folium,conda-forge/folium,,,,66074.0,66074.0,https://pypi.org/project/folium,3402208.0,3501167.0,https://anaconda.org/conda-forge/folium,2021-01-06 21:06:07.776,2025-06-16 22:46:07.761,2025-06-16 22:46:07.761000,6630270.0,31.0,,,,,,2.0,,,,,,,,,,,
59,Faiss,facebookresearch/faiss,nn-search,,{},343.0,A library for efficient similarity search and clustering of dense vectors.,18,False,pymilvus,conda-forge/faiss,,,,5023.0,5023.0,https://pypi.org/project/pymilvus,5751157.0,5806569.0,https://anaconda.org/conda-forge/faiss,2020-06-13 12:51:19.207,2026-08-12 02:39:26.284,2026-08-12 02:39:26.284000,4100522.0,12.0,,,,,,1.0,,,,,,,,,,,
60,Pydub,jiaaro/pydub,audio,,{},96.0,Manipulate audio with a simple and easy high level interface.,18,False,pydub,conda-forge/pydub,,,,112665.0,112665.0,https://pypi.org/project/pydub,21596560.0,21601564.0,https://anaconda.org/conda-forge/pydub,2021-03-07 19:47:43.182,2025-04-22 14:56:58.184,2025-04-22 14:56:58.184000,325284.0,4.0,,,,,,1.0,,,,,,,,,,,
61,PyOD,yzhao062/pyod,ml-frameworks,,{},75.0,A Python Toolkit for Scalable Outlier Detection (Anomaly Detection).,17,False,pyod,conda-forge/pyod,,,,5718.0,5718.0,https://pypi.org/project/pyod,4942124.0,4945034.0,https://anaconda.org/conda-forge/pyod,2020-05-21 23:31:10.016,2026-08-17 20:55:42.478,2026-08-17 20:55:42.478000,218267.0,59.0,,,,,,2.0,,,,,,,,,,,
62,ftfy,rspeer/python-ftfy,nlp,,{},22.0,Fixes some problems with Unicode text after the fact.,17,False,ftfy,conda-forge/ftfy,,,,35991.0,35991.0,https://pypi.org/project/ftfy,16503905.0,16512543.0,https://anaconda.org/conda-forge/ftfy,2021-01-20 08:08:07.817,2025-04-22 14:56:35.312,2025-04-22 14:56:35.312000,578808.0,15.0,,,,,,2.0,,,,,,,,,,,
63,llama_index,run-llama/llama_index,agents,,{},1991.0,,17,False,llama_index,,,,,25380.0,25380.0,https://pypi.org/project/llama_index,7167281.0,7167281.0,,,,,,,,,,,,2.0,,,,,,,,,,,
64,langgraph,langchain-ai/langgraph,agents,,{},284.0,,17,False,langgraph,,,,,46595.0,46595.0,https://pypi.org/project/langgraph,69344306.0,69344306.0,,,,,,,,,,,,2.0,,,,,,,,,,,
65,crewAI,crewAIInc/crewAI,agents,,{},304.0,,17,False,crewai,,,,,20515.0,20515.0,https://pypi.org/project/crewai,30450518.0,30450518.0,,,,,,,,,,,,2.0,,,,,,,,,,,
66,ImageHash,JohannesBuchner/imagehash,image,,{},30.0,A Python Perceptual Image Hahsing Module.,17,False,ImageHash,conda-forge/imagehash,,,,18859.0,18859.0,https://pypi.org/project/ImageHash,5785738.0,5795138.0,https://anaconda.org/conda-forge/imagehash,2020-11-19 18:20:47.916,2025-04-22 14:56:29.803,2025-04-22 14:56:29.803000,648641.0,8.0,,,,,,2.0,,,,,,,,,,,
67,Kornia,kornia/kornia,image,,{},370.0,Kornia is a differentiable computer vision library for PyTorch.,17,False,kornia,conda-forge/kornia,,,['pytorch'],17862.0,17862.0,https://pypi.org/project/kornia,3233255.0,3237768.0,https://anaconda.org/conda-forge/kornia,2020-12-09 16:29:41.029,2025-11-08 13:20:35.488,2025-11-08 13:20:35.488000,306920.0,27.0,,,,,,2.0,,,,,,,,,,,
68,HoloViews,holoviz/holoviews,data-viz,,{},163.0,Stop plotting your data - annotate your data and let it visualize itself.,17,False,holoviews,conda-forge/holoviews,,,['jupyter'],16854.0,16854.0,https://pypi.org/project/holoviews,1802500.0,1851612.0,https://anaconda.org/conda-forge/holoviews,2020-06-23 16:07:32.048,2026-08-24 12:07:40.636,2026-08-24 12:07:40.636000,3626451.0,78.0,,,,,,2.0,,@pyviz/jupyterlab_pyviz,https://www.npmjs.com/package/@pyviz/jupyterlab_pyviz,106.0,,,,,,,
69,PyVista,pyvista/pyvista,data-viz,,{},210.0,3D plotting and mesh analysis through a streamlined interface for the Visualization Toolkit (VTK).,17,False,pyvista,conda-forge/pyvista,,,['jupyter'],6032.0,6032.0,https://pypi.org/project/pyvista,1425080.0,1440932.0,https://anaconda.org/conda-forge/pyvista,2020-06-02 20:15:44.310,2026-07-22 01:06:54.890,2026-07-22 01:06:54.890000,1173087.0,97.0,,,,,,2.0,,,,,,,,,,,
70,PyTorch Geometric,pyg-team/pytorch_geometric,graph,,{},568.0,Graph Neural Network Library for PyTorch.,17,False,torch-geometric,conda-forge/pytorch_geometric,,,['pytorch'],11502.0,11502.0,https://pypi.org/project/torch-geometric,1395385.0,1398807.0,https://anaconda.org/conda-forge/pytorch_geometric,2020-07-07 13:17:41.291,2026-07-21 06:53:45.431,2026-07-21 06:53:45.431000,249858.0,19.0,,,,,,1.0,,,,,6.0,,,,,,
71,geojson,jazzband/geojson,geospatial-data,,{},61.0,Python bindings and utilities for GeoJSON.,17,False,geojson,conda-forge/geojson,,,,21292.0,21292.0,https://pypi.org/project/geojson,4492234.0,4532774.0,https://anaconda.org/conda-forge/geojson,2023-02-16 15:57:16.750,2026-05-29 12:40:14.414,2026-05-29 12:40:14.414000,1702697.0,13.0,,,,,,2.0,,,,,,,,,,,
72,Fiona,Toblerity/Fiona,geospatial-data,,{},78.0,Fiona reads and writes spatial data files.,17,False,fiona,conda-forge/fiona,,,,27651.0,27651.0,https://pypi.org/project/fiona,5308599.0,5466610.0,https://anaconda.org/conda-forge/fiona,2020-07-27 18:07:57.882,2025-12-29 23:44:48.634,2025-12-29 23:44:48.634000,11534806.0,51.0,,,,,,2.0,,,,,,,,,,,
73,Hyperopt,hyperopt/hyperopt,hyperopt,,{},108.0,Distributed Asynchronous Hyper-parameter Optimization.,17,False,hyperopt,conda-forge/hyperopt,,,,22658.0,22658.0,https://pypi.org/project/hyperopt,2540100.0,2553279.0,https://anaconda.org/conda-forge/hyperopt,2020-10-14 07:57:11.589,2026-08-04 16:49:49.497,2026-08-04 16:49:49.497000,922594.0,8.0,,,,,,1.0,,,,,,,,,,,
74,DVC,iterative/dvc,ml-experiments,,{},332.0,DVC tracks ML models and data sets.,17,False,dvc,conda-forge/dvc,,,,24742.0,24742.0,https://pypi.org/project/dvc,2657040.0,2708404.0,https://anaconda.org/conda-forge/dvc,2020-06-19 15:26:50.030,2026-03-31 06:31:23.617,2026-03-31 06:31:23.617000,3800950.0,340.0,,,,,,2.0,,,,,,,dvc,dvc,dvc,,
75,tensorboardX,lanpa/tensorboardX,ml-experiments,,{},86.0,tensorboard for pytorch.,17,False,tensorboardX,conda-forge/tensorboardx,,,,61867.0,61867.0,https://pypi.org/project/tensorboardX,5448199.0,5468205.0,https://anaconda.org/conda-forge/tensorboardx,2020-07-06 20:33:54.325,2025-04-22 14:56:45.200,2025-04-22 14:56:45.200000,1460486.0,17.0,,,,,,2.0,,,,,,,,,,,
76,NiBabel,nipy/nibabel,medical-data,,{},116.0,Python package to access a cacophony of neuro-imaging file formats.,17,False,nibabel,conda-forge/nibabel,,,,31251.0,31251.0,https://pypi.org/project/nibabel,1817333.0,1837756.0,https://anaconda.org/conda-forge/nibabel,2020-06-30 18:23:29.640,2026-06-09 01:40:14.470,2026-06-09 01:40:14.470000,1511317.0,33.0,,,,,,1.0,,,,,,,,,,,
77,NIPYPE,nipy/nipype,medical-data,,{},269.0,"Nipype, an open-source, community-developed initiative under the umbrella of NiPy, is a Python project that provides a..",17,False,nipype,conda-forge/nipype,,,,7321.0,7321.0,https://pypi.org/project/nipype,246372.0,269032.0,https://anaconda.org/conda-forge/nipype,2020-08-16 18:50:39.769,2025-05-05 13:43:30.848,2025-05-05 13:43:30.848000,1631528.0,49.0,,,,,,1.0,Apache-2.0,,,,,,,,,,
78,PyNNDescent,lmcinnes/pynndescent,nn-search,,{},33.0,Simple fast approximate nearest neighbor search.,17,False,pynndescent,conda-forge/pynndescent,,,,14100.0,14100.0,https://pypi.org/project/pynndescent,6506122.0,6546879.0,https://anaconda.org/conda-forge/pynndescent,2020-07-01 15:27:13.844,2026-07-31 16:12:10.661,2026-07-31 16:12:10.661000,2975301.0,26.0,,,,,,1.0,,,,,,,,,,,
79,Core ML Tools,apple/coremltools,model-serialisation,,{},235.0,Core ML is an Apple framework to integrate machine learning models into your app. Core ML provides a unified..,17,False,coremltools,conda-forge/coremltools,,,,5620.0,5620.0,https://pypi.org/project/coremltools,3012245.0,3014535.0,https://anaconda.org/conda-forge/coremltools,2020-10-16 19:48:15.220,2026-06-22 13:38:39.137,2026-06-22 13:38:39.137000,160357.0,5.0,,,,,,2.0,,,,,,,,,,,
80,Gradio,gradio-app/gradio,model-serialisation,,{},506.0,,17,False,gradio,,,,,89610.0,89610.0,https://pypi.org/project/gradio,14972953.0,14972953.0,,,,,,,,,,,,2.0,,,,,,,,,,,
81,optimum,huggingface/optimum,gpu-utilities,,{},166.0,"Optimum Library is an extension of the Hugging Face Transformers library, providing a framework to integrate third-..",17,False,optimum,conda-forge/optimum,,,,7312.0,7312.0,https://pypi.org/project/optimum,1924019.0,1926277.0,https://anaconda.org/conda-forge/optimum,2022-04-01 08:22:36.713,2026-08-04 22:32:24.368,2026-08-04 22:32:24.368000,117454.0,33.0,,,,,,1.0,,,,,,,,,,,
82,pymc,pymc-devs/pymc,probabilistics,,{},570.0,Probabilistic Programming in Python.,17,False,pymc,conda-forge/pymc,,,,8105.0,8105.0,https://pypi.org/project/pymc,1832173.0,1846295.0,https://anaconda.org/conda-forge/pymc,2020-10-13 03:19:15.240,2026-08-16 12:00:47.436,2026-08-16 12:00:47.436000,988590.0,92.0,,,,,,1.0,,,,,,,,,,,
83,TensorFlow Datasets,tensorflow/datasets,tensorflow-utils,,{},329.0,tensorflow/datasets is a library of datasets ready to use with TensorFlow.,17,False,tensorflow-datasets,conda-forge/tensorflow-datasets,,,['tensorflow'],25585.0,25585.0,https://pypi.org/project/tensorflow-datasets,1451167.0,1452108.0,https://anaconda.org/conda-forge/tensorflow-datasets,2021-05-04 09:11:33.308,2025-04-22 14:57:51.541,2025-04-22 14:57:51.541000,59309.0,9.0,,,,,,1.0,,,,,,,,,,,
84,MLxtend,rasbt/mlxtend,sklearn-utils,,{},122.0,Machine Learning Library Extensions.,17,False,mlxtend,conda-forge/mlxtend,,,['sklearn'],21020.0,21020.0,https://pypi.org/project/mlxtend,1036064.0,1047789.0,https://anaconda.org/conda-forge/mlxtend,2020-07-28 03:34:49.886,2026-06-09 21:10:46.329,2026-06-09 21:10:46.329000,855927.0,25.0,,,,,,1.0,,,,,,,,,,,
85,agate,wireservice/agate,others,,{},62.0,A data analysis library that is optimized for humans instead of machines.,17,False,agate,conda-forge/agate,,,,5901.0,5901.0,https://pypi.org/project/agate,33730700.0,33742225.0,https://anaconda.org/conda-forge/agate,2021-05-30 20:16:52.450,2026-02-27 18:41:38.959,2026-02-27 18:41:38.959000,726107.0,19.0,,,,,,1.0,,,,,,,,,,,
86,CuPy,cupy/cupy,gpu-utilities,,{},464.0,CuPy: NumPy & SciPy for GPU.,16,False,cupy,conda-forge/cupy,cupy/cupy,,,7933.0,7933.0,https://pypi.org/project/cupy,33094.0,158020.0,https://anaconda.org/conda-forge/cupy,2020-05-23 18:55:49.350,2026-08-20 20:43:41.242,2026-08-20 20:43:41.242000,9254854.0,66.0,https://hub.docker.com/r/cupy/cupy,2026-08-20 06:37:15.062453,14.0,14.0,114614.0,1.0,,,,,,,,,,,
87,LightGBM,microsoft/LightGBM,ml-frameworks,,{},351.0,LightGBM is a gradient boosting framework that uses tree based learning algorithms.,16,False,lightgbm,conda-forge/lightgbm,,,,175.0,175.0,https://pypi.org/project/lightgbm,24849102.0,24927085.0,https://anaconda.org/conda-forge/lightgbm,2020-09-01 12:55:08.262,2026-07-20 03:34:31.957,2026-07-20 03:34:31.957000,5536853.0,32.0,,,,,,2.0,,,,,,,,,,,
88,Ignite,pytorch/ignite,ml-frameworks,,{},262.0,A lightweight library to help with training neural networks in PyTorch.,16,False,pytorch-ignite,pytorch/ignite,,,['pytorch'],4043.0,4043.0,https://pypi.org/project/pytorch-ignite,264538.0,267378.0,https://anaconda.org/pytorch/ignite,2018-06-20 15:36:52.783,2026-07-22 15:14:18.114,2026-07-22 15:14:18.114000,278404.0,28.0,,,,,,2.0,,,,,,,,,,,
89,jellyfish,jamesturk/jellyfish,nlp,,{},37.0,A library for doing approximate and phonetic matching of strings.,16,False,jellyfish,conda-forge/jellyfish,,,,15483.0,15483.0,https://pypi.org/project/jellyfish,10332147.0,10365043.0,https://anaconda.org/conda-forge/jellyfish,2020-06-10 16:23:01.195,2025-11-25 21:17:09.326,2025-11-25 21:17:09.326000,2434324.0,19.0,,,,,,2.0,,,,,,,,,,,
90,ultralytics,ultralytics/ultralytics,image,,{},442.0,,16,False,ultralytics,,,,,59693.0,59693.0,https://pypi.org/project/ultralytics,7734172.0,7734172.0,,,,,,,,,,,,2.0,,,,,,,,,,,
91,imgaug,aleju/imgaug,image,,{},36.0,Image augmentation for machine learning experiments.,16,False,imgaug,conda-forge/imgaug,,,,26568.0,26568.0,https://pypi.org/project/imgaug,864663.0,867776.0,https://anaconda.org/conda-forge/imgaug,2019-06-05 06:04:19.977,2025-04-22 14:57:06.395,2025-04-22 14:57:06.395000,267776.0,3.0,,,,,,2.0,,,,,,,,,,,
92,imutils,PyImageSearch/imutils,image,,{},21.0,"A series of convenience functions to make basic image processing functions such as translation, rotation, resizing,..",16,False,imutils,conda-forge/imutils,,,,54254.0,54254.0,https://pypi.org/project/imutils,765534.0,769669.0,https://anaconda.org/conda-forge/imutils,2020-07-07 12:49:26.774,2025-04-22 14:57:06.837,2025-04-22 14:57:06.837000,301858.0,3.0,,,,,,2.0,,,,,,,,,,,
93,cartopy,SciTools/cartopy,data-viz,,{},142.0,A library providing cartographic tools for python.,16,False,cartopy,conda-forge/cartopy,,,,8858.0,8858.0,https://pypi.org/project/cartopy,1786488.0,1893859.0,https://anaconda.org/conda-forge/cartopy,2020-05-18 16:23:27.911,2026-08-10 13:47:41.548,2026-08-10 13:47:41.548000,8052844.0,27.0,,,,,,2.0,,,,,,,,,,,
94,plotnine,has2k1/plotnine,data-viz,,{},121.0,A grammar of graphics for python.,16,False,plotnine,conda-forge/plotnine,,,,13057.0,13057.0,https://pypi.org/project/plotnine,3116920.0,3127701.0,https://anaconda.org/conda-forge/plotnine,2020-06-05 19:51:41.903,2026-08-14 16:58:02.909,2026-08-14 16:58:02.909000,797842.0,38.0,,,,,,2.0,,,,,,,,,,,
95,PyQtGraph,pyqtgraph/pyqtgraph,data-viz,,{},325.0,Scientific Graphics and GUI Library for Python.,16,False,pyqtgraph,conda-forge/pyqtgraph,,,,13909.0,13909.0,https://pypi.org/project/pyqtgraph,968062.0,985434.0,https://anaconda.org/conda-forge/pyqtgraph,2020-06-09 00:20:24.502,2025-11-19 10:58:06.682,2025-11-19 10:58:06.682000,1285546.0,18.0,,,,,,2.0,,,,,,,,,,,
96,BoTorch,pytorch/botorch,hyperopt,,{},165.0,Bayesian Optimization in PyTorch.,16,False,botorch,conda-forge/botorch,,,['pytorch'],1953.0,1953.0,https://pypi.org/project/botorch,840486.0,843658.0,https://anaconda.org/conda-forge/botorch,2020-08-01 11:16:39.122,2026-06-09 03:34:16.649,2026-06-09 03:34:16.649000,228433.0,43.0,,,,,,1.0,,,,,,,,,,,
97,Nilearn,nilearn/nilearn,medical-data,,{},285.0,Statistical learning for neuroimaging in Python.,16,False,nilearn,conda-forge/nilearn,,,['sklearn'],4606.0,4606.0,https://pypi.org/project/nilearn,206377.0,215371.0,https://anaconda.org/conda-forge/nilearn,2020-11-12 13:26:01.761,2026-07-02 10:30:48.603,2026-07-02 10:30:48.603000,620647.0,31.0,,,,,,2.0,,,,,,,,,,,
98,MONAI,Project-MONAI/MONAI,medical-data,,{},301.0,AI Toolkit for Healthcare Imaging.,16,False,monai,conda-forge/monai,,,['pytorch'],4752.0,4752.0,https://pypi.org/project/monai,731406.0,732763.0,https://anaconda.org/conda-forge/monai,2021-12-29 09:55:36.763,2026-01-28 07:31:46.743,2026-01-28 07:31:46.743000,76011.0,15.0,,,,,,2.0,,,,,,,,,,,
99,sktime,alan-turing-institute/sktime,time-series-data,,{},653.0,A unified framework for machine learning with time series.,16,False,sktime,conda-forge/sktime-all-extras,,,['sklearn'],4883.0,4883.0,https://pypi.org/project/sktime,1073720.0,1095417.0,https://anaconda.org/conda-forge/sktime-all-extras,2021-07-28 06:16:34.545,2025-12-07 07:18:44.347,2025-12-07 07:18:44.347000,1323549.0,76.0,,,,,,1.0,,,,,,,,,,,
100,metrics,Lightning-AI/metrics,pytorch-utils,,{},294.0,Collection of PyTorch native metrics for easy evaluating machine learning models.,16,False,metrics,conda-forge/torchmetrics,,,['pytorch'],48034.0,48034.0,https://pypi.org/project/metrics,23007.0,71985.0,https://anaconda.org/conda-forge/torchmetrics,2021-03-16 10:50:04.846,2026-03-18 09:56:39.711,2026-03-18 09:56:39.711000,3183570.0,61.0,,,,,,1.0,,,,,,,,,,,
101,category_encoders,scikit-learn-contrib/category_encoders,sklearn-utils,,{},75.0,A collection of sklearn transformers to encode categorical variables as numeric.,16,False,category_encoders,conda-forge/category_encoders,,,['sklearn'],4231.0,4231.0,https://pypi.org/project/category_encoders,2722404.0,2732197.0,https://anaconda.org/conda-forge/category_encoders,2021-10-13 18:33:31.261,2026-07-28 19:16:21.783,2026-07-28 19:16:21.783000,568051.0,26.0,,,,,,1.0,,,,,,,,,,,
102,TorchServe,pytorch/serve,model-serialisation,,{},222.0,Model serving on PyTorch.,15,False,torchserve,pytorch/torchserve,pytorch/torchserve,,['pytorch'],954.0,954.0,https://pypi.org/project/torchserve,31261.0,62595.0,https://anaconda.org/pytorch/torchserve,2020-04-21 03:52:57.365,2025-03-25 16:24:31.948,2025-03-25 16:24:31.948000,759196.0,25.0,https://hub.docker.com/r/pytorch/torchserve,2024-09-30 22:07:15.226668,33.0,33.0,1622263.0,2.0,,,,,,,,,,,
103,Fastai,fastai/fastai,ml-frameworks,,{},263.0,,15,False,fastai,,,,['pytorch'],23530.0,23530.0,https://pypi.org/project/fastai,650239.0,650239.0,,,,,,,,,,,,2.0,,,,,,,,,,,
104,PaddlePaddle,PaddlePaddle/Paddle,ml-frameworks,,{},1531.0,,15,False,paddlepaddle,,,,['paddle'],9680.0,9680.0,https://pypi.org/project/paddlepaddle,2010629.0,2010629.0,,,,,,,,,,,,2.0,,,,,,,,,,,
105,thefuzz,seatgeek/thefuzz,nlp,,{},13.0,Fuzzy string matching in python.,15,False,thefuzz,conda-forge/thefuzz,,,,6071.0,6071.0,https://pypi.org/project/thefuzz,9963608.0,9965039.0,https://anaconda.org/conda-forge/thefuzz,2022-01-13 22:10:32.583,2025-04-22 14:58:08.752,2025-04-22 14:58:08.752000,78722.0,2.0,,,,,,2.0,,,,,,,,,,,
106,flair,flairNLP/flair,nlp,,{},278.0,A very simple framework for state-of-the-art NLP.,15,False,flair,conda-forge/python-flair,,,['pytorch'],4182.0,4182.0,https://pypi.org/project/flair,144377.0,145214.0,https://anaconda.org/conda-forge/python-flair,2020-07-28 19:00:35.095,2025-04-22 14:57:32.879,2025-04-22 14:57:32.879000,61140.0,14.0,,,,,,2.0,,,,,,,,,,,
107,stanza,stanfordnlp/stanza,nlp,,{},78.0,"Stanza: A Python NLP Library for Many Human Languages, by the Stanford NLP Group.",15,False,stanza,stanfordnlp/stanza,,,,4345.0,4345.0,https://pypi.org/project/stanza,1094987.0,1095112.0,https://anaconda.org/stanfordnlp/stanza,2020-03-14 02:34:20.643,2025-03-25 16:28:39.162,2025-03-25 16:28:39.162000,9678.0,13.0,,,,,,2.0,,,,,,,,,,,
108,torchvision,pytorch/vision,image,,{},692.0,Image and video datasets and models for torch deep learning.,15,False,torchvision,conda-forge/torchvision,,,['pytorch'],24.0,24.0,https://pypi.org/project/torchvision,33253367.0,33334908.0,https://anaconda.org/conda-forge/torchvision,2021-03-09 23:13:43.284,2026-08-24 17:58:00.745,2026-08-24 17:58:00.745000,5300223.0,32.0,,,,,,2.0,,,,,,,,,,,
109,pyvips,libvips/pyvips,image,,{},21.0,Binding for libvips.,15,False,pyvips,conda-forge/pyvips,,,,1440.0,1440.0,https://pypi.org/project/pyvips,880576.0,886067.0,https://anaconda.org/conda-forge/pyvips,2020-10-14 09:36:00.636,2026-06-01 08:56:11.218,2026-06-01 08:56:11.218000,384439.0,9.0,,,,,,2.0,,,,,,,,,,,
110,OCRmyPDF,ocrmypdf/OCRmyPDF,ocr,,{},124.0,"OCRmyPDF adds an OCR text layer to scanned PDF files, allowing them to be searched.",15,False,ocrmypdf,conda-forge/ocrmypdf,,,,1588.0,1588.0,https://pypi.org/project/ocrmypdf,1179434.0,1181792.0,https://anaconda.org/conda-forge/ocrmypdf,2021-02-25 13:52:39.515,2026-08-05 07:56:00.221,2026-08-05 07:56:00.221000,155690.0,55.0,,,,,,1.0,,,,,,,ocrmypdf,ocrmypdf,,,
111,EasyOCR,JaidedAI/EasyOCR,ocr,,{},129.0,,15,False,easyocr,,,,,18181.0,18181.0,https://pypi.org/project/easyocr,3334707.0,3334707.0,,,,,,,,,,,,1.0,,,,,,,,,,,
112,mpld3,mpld3/mpld3,data-viz,,{},55.0,D3 Viewer for Matplotlib.,15,False,mpld3,conda-forge/mpld3,,,,7760.0,7760.0,https://pypi.org/project/mpld3,472137.0,479216.0,https://anaconda.org/conda-forge/mpld3,2020-06-15 20:42:17.133,2025-11-05 19:20:00.823,2025-11-05 19:20:00.823000,449908.0,13.0,,,,,,2.0,,mpld3,https://www.npmjs.com/package/mpld3,1000.0,,,,,,,
113,hvPlot,holoviz/hvplot,data-viz,,{},54.0,A high-level plotting API for the PyData ecosystem built on HoloViews.,15,False,hvplot,conda-forge/hvplot,,,,7538.0,7538.0,https://pypi.org/project/hvplot,1166678.0,1181180.0,https://anaconda.org/conda-forge/hvplot,2020-06-02 12:42:34.211,2025-12-18 15:35:41.427,2025-12-18 15:35:41.427000,1073199.0,26.0,,,,,,2.0,,,,,,,,,,,
114,missingno,ResidentMario/missingno,data-viz,,{},18.0,Missing data visualization module for Python.,15,False,missingno,conda-forge/missingno,,,,23634.0,23634.0,https://pypi.org/project/missingno,476048.0,496430.0,https://anaconda.org/conda-forge/missingno,2024-03-02 01:06:25.066,2025-09-17 20:28:20.219,2025-09-17 20:28:20.219000,591079.0,5.0,,,,,,2.0,,,,,,,,,,,
115,VisPy,vispy/vispy,data-viz,,{},211.0,High-performance interactive 2D/3D data visualization library.,15,False,vispy,conda-forge/vispy,,,['jupyter'],2328.0,2328.0,https://pypi.org/project/vispy,1255688.0,1276265.0,https://anaconda.org/conda-forge/vispy,2020-09-24 16:39:06.228,2026-05-20 16:45:50.072,2026-05-20 16:45:50.072000,1458893.0,38.0,,,,,,2.0,,vispy,https://www.npmjs.com/package/vispy,30.0,,,,,,,
116,evaluate,huggingface/evaluate,interpretability,,{},139.0,,15,False,evaluate,,,,,25953.0,25953.0,https://pypi.org/project/evaluate,5063191.0,5063191.0,,,,,,,,,,,,1.0,,,,,,,,,,,
117,Lime,marcotcr/lime,interpretability,,{},62.0,Explaining the predictions of any machine learning classifier.,15,False,lime,conda-forge/lime,,,,9866.0,9866.0,https://pypi.org/project/lime,458108.0,463501.0,https://anaconda.org/conda-forge/lime,2020-06-28 01:02:39.858,2025-04-22 14:56:30.659,2025-04-22 14:56:30.659000,399089.0,11.0,,,,,,1.0,,,,,,,,,,,
118,igraph,igraph/python-igraph,graph,,{},81.0,An open source and free collection of network analysis tool.,15,False,python-igraph,conda-forge/igraph,,,,4951.0,4951.0,https://pypi.org/project/python-igraph,556259.0,573947.0,https://anaconda.org/conda-forge/igraph,2020-08-20 13:08:22.426,2025-12-27 19:06:26.854,2025-12-27 19:06:26.854000,1273574.0,35.0,,,,,,1.0,,,,,,,,,,,
119,ipyleaflet,jupyter-widgets/ipyleaflet,geospatial-data,,{},98.0,A Jupyter widget for dynamic Leaflet maps.,15,False,ipyleaflet,conda-forge/ipyleaflet,,,['jupyter'],18330.0,18330.0,https://pypi.org/project/ipyleaflet,393524.0,438098.0,https://anaconda.org/conda-forge/ipyleaflet,2020-05-25 11:11:25.372,2025-06-13 19:35:58.799,2025-06-13 19:35:58.799000,3153121.0,74.0,,,,,,3.0,,jupyter-leaflet,https://www.npmjs.com/package/jupyter-leaflet,2533.0,,,,,,,
120,ta,bukosabino/ta,financial-data,,{},34.0,Technical Analysis Library in Python.,15,False,ta,conda-forge/ta,,,,10447.0,10447.0,https://pypi.org/project/ta,973461.0,974199.0,https://anaconda.org/conda-forge/ta,2021-02-08 22:42:23.078,2025-04-22 14:57:46.184,2025-04-22 14:57:46.184000,48741.0,7.0,,,,,,1.0,,,,,,,,,,,
121,arch,bashtage/arch,financial-data,,{},40.0,Autoregressive Conditional Heteroskedasticity (ARCH) and other tools for financial econometrics.,15,False,arch,conda-forge/arch-py,,,,3863.0,3863.0,https://pypi.org/project/arch,976445.0,987734.0,https://anaconda.org/conda-forge/arch-py,2020-06-25 00:04:53.242,2025-10-21 13:02:21.450,2025-10-21 13:02:21.450000,835387.0,23.0,,,,,,1.0,,,,,,,,,,,
122,scikit-optimize,scikit-optimize/scikit-optimize,hyperopt,,{},76.0,Sequential model-based optimization toolbox.,15,False,scikit-optimize,conda-forge/scikit-optimize,,,,9121.0,9121.0,https://pypi.org/project/scikit-optimize,811104.0,824512.0,https://anaconda.org/conda-forge/scikit-optimize,2020-08-07 15:12:33.756,2025-07-26 15:19:34.264,2025-07-26 15:19:34.264000,965439.0,14.0,,,,,,1.0,,,,,,,,,,,
123,Ax,facebook/Ax,hyperopt,,{},218.0,Adaptive Experimentation.,15,False,ax-platform,conda-forge/ax-platform,,,['pytorch'],1341.0,1341.0,https://pypi.org/project/ax-platform,187162.0,188336.0,https://anaconda.org/conda-forge/ax-platform,2021-06-22 17:59:01.165,2026-06-17 01:27:01.329,2026-06-17 01:27:01.329000,72818.0,29.0,,,,,,1.0,,,,,,,,,,,
124,snakemake,snakemake/snakemake,ml-experiments,,{},406.0,A popular workflow management system aiming at full in-silico reproducibility.,15,False,snakemake,bioconda/snakemake,,,,2705.0,2705.0,https://pypi.org/project/snakemake,245254.0,259805.0,https://anaconda.org/bioconda/snakemake,2015-10-17 15:43:54.867,2026-08-26 13:57:03.300,2026-08-26 13:57:03.300000,1891716.0,371.0,,,,,,2.0,,,,,,,,,,,
125,Metaflow,Netflix/metaflow,ml-experiments,,{},148.0,"Metaflow: More Data Science, Less Engineering.",15,False,metaflow,conda-forge/metaflow,,,,1028.0,1028.0,https://pypi.org/project/metaflow,768496.0,774856.0,https://anaconda.org/conda-forge/metaflow,2020-07-29 21:37:08.322,2026-08-18 02:18:44.551,2026-08-18 02:18:44.551000,464338.0,209.0,,,,,,2.0,,,,,,,,,,,
126,Lifelines,CamDavidsonPilon/lifelines,medical-data,,{},124.0,"Survival analysis in Python, including Kaplan Meier, Nelson Aalen and regression.",15,False,lifelines,conda-forge/lifelines,,,,4529.0,4529.0,https://pypi.org/project/lifelines,2422851.0,2432581.0,https://anaconda.org/conda-forge/lifelines,2020-05-25 23:39:09.984,2026-04-29 14:43:19.233,2026-04-29 14:43:19.233000,729790.0,65.0,,,,,,2.0,,,,,,,,,,,
127,DIPY,dipy/dipy,medical-data,,{},204.0,Diffusion MR Imaging in Python.,15,False,dipy,conda-forge/dipy,,,,1660.0,1660.0,https://pypi.org/project/dipy,81513.0,99318.0,https://anaconda.org/conda-forge/dipy,2020-09-15 04:04:39.951,2026-08-06 14:06:10.268,2026-08-06 14:06:10.268000,1264181.0,21.0,,,,,,2.0,,,,,,,,,,,
128,Submit it,facebookincubator/submitit,distributed-ml,,{},29.0,Python 3.6+ toolbox for submitting jobs to Slurm.,15,False,submitit,conda-forge/submitit,,,,5168.0,5168.0,https://pypi.org/project/submitit,3153000.0,3154096.0,https://anaconda.org/conda-forge/submitit,2020-08-26 15:42:24.203,2025-12-18 14:08:10.664,2025-12-18 14:08:10.664000,78920.0,12.0,,,,,,2.0,,,,,,,,,,,
129,mpi4py,mpi4py/mpi4py,distributed-ml,,{},30.0,Python bindings for MPI.,15,False,mpi4py,conda-forge/mpi4py,,,,12555.0,12555.0,https://pypi.org/project/mpi4py,946604.0,1037391.0,https://anaconda.org/conda-forge/mpi4py,2020-10-09 13:03:47.206,2026-05-16 11:28:40.096,2026-05-16 11:28:40.096000,6355092.0,19.0,,,,,,2.0,,,,,,,,,,,
130,DEAP,deap/deap,distributed-ml,,{},93.0,Distributed Evolutionary Algorithms in Python.,15,False,deap,conda-forge/deap,,,,7091.0,7091.0,https://pypi.org/project/deap,468322.0,479762.0,https://anaconda.org/conda-forge/deap,2020-10-12 23:47:32.551,2026-05-06 22:52:09.525,2026-05-06 22:52:09.525000,800861.0,9.0,,,,,,2.0,,,,,,,,,,,
131,StatsForecast,Nixtla/statsforecast,time-series-data,,{},68.0,Time series forecasting suite using statistical models.,15,False,statsforecast,conda-forge/statsforecast,,,,2234.0,2234.0,https://pypi.org/project/statsforecast,1854022.0,1859989.0,https://anaconda.org/conda-forge/statsforecast,2022-03-04 23:51:03.641,2026-07-16 21:01:59.106,2026-07-16 21:01:59.106000,316251.0,37.0,,,,,,1.0,,,,,,,,,,,
132,Annoy,spotify/annoy,nn-search,,{},90.0,Approximate Nearest Neighbors in C++/Python optimized for memory usage and loading/saving to disk.,15,False,annoy,conda-forge/python-annoy,,,,5626.0,5626.0,https://pypi.org/project/annoy,1284398.0,1307452.0,https://anaconda.org/conda-forge/python-annoy,2020-09-18 19:43:51.472,2025-09-01 16:14:20.560,2025-09-01 16:14:20.560000,1636861.0,22.0,,,,,,2.0,,,,,,,,,,,
133,weaviate,weaviate/weaviate,nn-search,,{},186.0,,15,False,weaviate-client,,,,,1124.0,1124.0,https://pypi.org/project/weaviate-client,105908176.0,105908176.0,,,,,,,,,,,,2.0,,,,,,,,,,,
134,hnswlib,nmslib/hnswlib,nn-search,,{},75.0,"Python bindings for Hnswlib, a fast approximate nearest neighbor search package.",15,False,hnswlib,conda-forge/hnswlib,,,,8869.0,8869.0,https://pypi.org/project/hnswlib,560283.0,567697.0,https://anaconda.org/conda-forge/hnswlib,2020-12-23 06:04:48.389,2025-08-30 15:22:17.304,2025-08-30 15:22:17.304000,504155.0,6.0,,,,,,2.0,,,,,,,,,,,
135,GPyTorch,cornellius-gp/gpytorch,probabilistics,,{},154.0,An implementation of Gaussian Processes in Pytorch.,15,False,gpytorch,conda-forge/gpytorch,,,['pytorch'],3464.0,3464.0,https://pypi.org/project/gpytorch,1134621.0,1138414.0,https://anaconda.org/conda-forge/gpytorch,2020-05-21 18:18:14.146,2026-02-28 20:41:43.640,2026-02-28 20:41:43.640000,284494.0,26.0,,,,,,1.0,,,,,,,,,,,
136,PML,KevinMusgrave/pytorch-metric-learning,pytorch-utils,,{},45.0,"The easiest way to use deep metric learning in your application. Modular, flexible, and extensible. Written in PyTorch.",15,False,pytorch-metric-learning,metric-learning/pytorch-metric-learning,,,['pytorch'],3266.0,3266.0,https://pypi.org/project/pytorch-metric-learning,3279077.0,3279252.0,https://anaconda.org/metric-learning/pytorch-metric-learning,2020-01-15 21:48:23.571,2025-03-25 16:28:35.582,2025-03-25 16:28:35.582000,13896.0,54.0,,,,,,1.0,,,,,,,,,,,
137,torchdiffeq,rtqichen/torchdiffeq,pytorch-utils,,{},23.0,ODE solvers and adjoint sensitivity analysis in PyTorch.,15,False,torchdiffeq,conda-forge/torchdiffeq,,,['pytorch'],5977.0,5977.0,https://pypi.org/project/torchdiffeq,913259.0,913654.0,https://anaconda.org/conda-forge/torchdiffeq,2020-05-06 16:34:48.157,2025-04-22 14:57:25.759,2025-04-22 14:57:25.759000,29684.0,4.0,,,,,,1.0,,,,,,,,,,,
138,scikit-learn-intelex,intel/scikit-learn-intelex,sklearn-utils,,{},88.0,Extension for Scikit-learn* (CPU runtime) is a seamless way to speed up your Scikit-learn application.,15,False,scikit-learn-intelex,conda-forge/scikit-learn-intelex,,,['sklearn'],13872.0,13872.0,https://pypi.org/project/scikit-learn-intelex,136005.0,148391.0,https://anaconda.org/conda-forge/scikit-learn-intelex,2021-04-08 23:29:40.051,2026-07-14 07:44:54.068,2026-07-14 07:44:54.068000,792748.0,31.0,,,,,,2.0,,,,,,,,,,,
139,DeepSpeed,microsoft/DeepSpeed,distributed-ml,,{},506.0,https://www.deepspeed.ai for more info.,14,False,deepspeed,,deepspeed/deepspeed,,['pytorch'],16048.0,16048.0,https://pypi.org/project/deepspeed,1054030.0,1054030.0,,,,2022-09-02 00:25:31.275782,,,https://hub.docker.com/r/deepspeed/deepspeed,2022-09-02 00:25:31.275782,5.0,5.0,27738.0,2.0,,,,,,,,,,,
140,Catboost,catboost/catboost,ml-frameworks,,{},1425.0,Gradient boosting on decision trees library.,14,False,catboost,conda-forge/catboost,,,,21.0,21.0,https://pypi.org/project/catboost,6366470.0,6406254.0,https://anaconda.org/conda-forge/catboost,2020-11-05 20:16:46.091,2026-02-23 23:23:44.774,2026-02-23 23:23:44.774000,2745139.0,71.0,,,,,,2.0,,,,,,,,,,,
141,PySpark,apache/spark,ml-frameworks,,{},3573.0,Apache Spark Python API.,14,False,pyspark,conda-forge/pyspark,,,['spark'],,,https://pypi.org/project/pyspark,46800756.0,46867725.0,https://anaconda.org/conda-forge/pyspark,2020-06-06 07:35:29.643,2026-07-16 15:46:27.659,2026-07-16 15:46:27.659000,4955721.0,43.0,,,,,,2.0,,,,,,stable/spark,,,,,
142,Sumy,miso-belica/sumy,nlp,,{},34.0,Module for automatic summarization of text documents and HTML pages.,14,False,sumy,conda-forge/sumy,,,,4356.0,4356.0,https://pypi.org/project/sumy,160283.0,160567.0,https://anaconda.org/conda-forge/sumy,2021-06-22 09:34:48.682,2025-04-22 14:57:55.728,2025-04-22 14:57:55.728000,17651.0,4.0,,,,,,2.0,,,,,,,,,,,
143,TextDistance,life4/textdistance,nlp,,{},18.0,TextDistance python library for comparing distance between two or more sequences by many algorithms.,14,False,textdistance,conda-forge/textdistance,,,,8987.0,8987.0,https://pypi.org/project/textdistance,2420593.0,2438572.0,https://anaconda.org/conda-forge/textdistance,2020-11-09 13:54:55.292,2025-04-22 14:56:50.409,2025-04-22 14:56:50.409000,1240570.0,14.0,,,,,,2.0,,,,,,,,,,,
144,autogen,microsoft/autogen,agents,,{},534.0,,14,False,autogen-agentchat,,,,,4566.0,4566.0,https://pypi.org/project/autogen-agentchat,1018696.0,1018696.0,,,,,,,,,,,,3.0,,,,,,,,,,,
145,sahi,obss/sahi,image,,{},80.0,A vision library for performing sliced inference on large images/small objects.,14,False,sahi,conda-forge/sahi,,,,1985.0,1985.0,https://pypi.org/project/sahi,253628.0,256417.0,https://anaconda.org/conda-forge/sahi,2021-10-08 17:03:02.074,2026-08-18 02:17:21.223,2026-08-18 02:17:21.223000,161816.0,75.0,,,,,,2.0,,,,,,,,,,,
146,detectron2,facebookresearch/detectron2,image,,{},287.0,Detectron2 is FAIRs next-generation platform for object detection and segmentation.,14,False,detectron2,conda-forge/detectron2,,,['pytorch'],2646.0,2646.0,https://pypi.org/project/detectron2,,15322.0,https://anaconda.org/conda-forge/detectron2,2020-07-09 13:12:53.248,2026-06-18 17:18:26.312,2026-06-18 17:18:26.312000,1118537.0,9.0,,,,,,2.0,,,,,,,,,,,
147,MMDetection,open-mmlab/mmdetection,image,,{},453.0,,14,False,mmdet,,,,['pytorch'],4136.0,4136.0,https://pypi.org/project/mmdet,464202.0,464202.0,,,,,,,,,,,,2.0,,,,,,,,,,,
148,PaddleOCR,PaddlePaddle/PaddleOCR,ocr,,{},295.0,,14,False,paddleocr,,,,['paddle'],7041.0,7041.0,https://pypi.org/project/paddleocr,2529617.0,2529617.0,,,,,,,,,,,,2.0,,,,,,,,,,,
149,tesserocr,sirfz/tesserocr,ocr,,{},35.0,"A simple, Pillow-friendly, Python wrapper around tesseract-ocr API using Cython.",14,False,tesserocr,conda-forge/tesserocr,,,,1470.0,1470.0,https://pypi.org/project/tesserocr,475263.0,480452.0,https://anaconda.org/conda-forge/tesserocr,2020-07-10 15:30:26.694,2025-04-22 14:57:14.353,2025-04-22 14:57:14.353000,378797.0,6.0,,,,,,2.0,,,,,,,,,,,
150,datashader,holoviz/datashader,data-viz,,{},65.0,Data visualization toolchain based on aggregating into a grid.,14,False,datashader,conda-forge/datashader,,,,6473.0,6473.0,https://pypi.org/project/datashader,351861.0,378382.0,https://anaconda.org/conda-forge/datashader,2020-05-25 22:22:03.938,2026-05-19 13:17:28.903,2026-05-19 13:17:28.903000,1989114.0,33.0,,,,,,2.0,,,,,,,,,,,
151,pyLDAvis,bmabey/pyLDAvis,interpretability,,{},42.0,Python library for interactive topic model visualization.,14,False,pyldavis,conda-forge/pyldavis,,,['jupyter'],7511.0,7511.0,https://pypi.org/project/pyldavis,120569.0,122334.0,https://anaconda.org/conda-forge/pyldavis,2021-03-22 07:23:59.104,2025-04-22 14:56:51.622,2025-04-22 14:56:51.622000,114751.0,7.0,,,,,,1.0,,,,,,,,,,,
152,dtreeviz,parrt/dtreeviz,interpretability,,{},29.0,A python library for decision tree visualization and model interpretation.,14,False,dtreeviz,conda-forge/dtreeviz,,,,1633.0,1633.0,https://pypi.org/project/dtreeviz,66002.0,68080.0,https://anaconda.org/conda-forge/dtreeviz,2020-11-11 13:07:21.019,2026-07-23 07:45:21.686,2026-07-23 07:45:21.686000,143383.0,22.0,,,,,,1.0,,,,,,,,,,,
153,Captum,pytorch/captum,interpretability,,{},148.0,Model interpretability for PyTorch.,14,False,captum,conda-forge/captum,,,['pytorch'],3748.0,3748.0,https://pypi.org/project/captum,540993.0,544197.0,https://anaconda.org/conda-forge/captum,2021-12-30 19:59:39.750,2026-04-17 07:52:38.995,2026-04-17 07:52:38.995000,179460.0,5.0,,,,,,1.0,,,,,,,,,,,
154,PySAL,pysal/pysal,geospatial-data,,{},82.0,Library of spatial analysis functions.,14,False,pysal,conda-forge/pysal,,,,1874.0,1874.0,https://pypi.org/project/pysal,127743.0,142471.0,https://anaconda.org/conda-forge/pysal,2020-07-30 10:24:56.727,2026-08-01 14:34:03.251,2026-08-01 14:34:03.251000,1075201.0,25.0,,,,,,3.0,,,,,,,,,,,
155,Keras Tuner,keras-team/keras-tuner,hyperopt,,{},61.0,Hypertuner for Keras.,14,False,keras-tuner,conda-forge/keras-tuner,,,['tensorflow'],6280.0,6280.0,https://pypi.org/project/keras-tuner,163675.0,165054.0,https://anaconda.org/conda-forge/keras-tuner,2021-08-02 13:21:10.519,2025-12-30 15:56:03.681,2025-12-30 15:56:03.681000,82765.0,16.0,,,,,,2.0,,,,,,,,,,,
156,PyCaret,pycaret/pycaret,hyperopt,,{},144.0,"PyCaret - An open source, low-code machine learning library in Python.",14,False,pycaret,conda-forge/pycaret,,,,7965.0,7965.0,https://pypi.org/project/pycaret,418477.0,419837.0,https://anaconda.org/conda-forge/pycaret,2020-08-12 05:38:21.683,2025-04-22 14:57:34.170,2025-04-22 14:57:34.170000,97957.0,19.0,,,,,,2.0,,,,,,,,,,,
157,stable-baselines3,DLR-RM/stable-baselines3,reinforcement-learning,,{},174.0,,14,False,stable-baselines3,,,,,10546.0,10546.0,https://pypi.org/project/stable-baselines3,1320149.0,1320149.0,,,,,,,,,,,,1.0,,,,,,,,,,,
158,SDV,sdv-dev/SDV,tabular,,{},51.0,"Synthetic Data Generation for tabular, relational and time series data.",14,False,sdv,conda-forge/sdv,,,,915.0,915.0,https://pypi.org/project/sdv,91914.0,93799.0,https://anaconda.org/conda-forge/sdv,2021-12-01 17:23:52.352,2026-08-23 07:30:56.307,2026-08-23 07:30:56.307000,105598.0,76.0,,,,,,1.0,,,,,,,,,,,
159,tslearn,tslearn-team/tslearn,time-series-data,,{},54.0,A machine learning toolkit dedicated to time-series data.,14,False,tslearn,conda-forge/tslearn,,,['sklearn'],2012.0,2012.0,https://pypi.org/project/tslearn,246837.0,274788.0,https://anaconda.org/conda-forge/tslearn,2020-06-15 20:45:09.304,2026-07-03 08:42:17.384,2026-07-03 08:42:17.384000,2068411.0,30.0,,,,,,1.0,,,,,,,,,,,
160,GluonTS,awslabs/gluon-ts,time-series-data,,{},119.0,"GluonTS is a Python toolkit for probabilistic time series modeling, built around Apache MXNet (incubating).",14,False,gluonts,anaconda/gluonts,,,['pytorch'],1694.0,1694.0,https://pypi.org/project/gluonts,517877.0,517961.0,https://anaconda.org/anaconda/gluonts,2021-10-14 12:53:05.194,2025-12-17 11:42:34.161,2025-12-17 11:42:34.161000,4915.0,6.0,,,,,,1.0,,,,,,,,,,,
161,Coqui TTS,coqui-ai/TTS,audio,,{},166.0,Deep learning for Text to Speech by Coqui.,14,False,tts,conda-forge/tts,,,"['pytorch', 'tensorflow']",3802.0,3802.0,https://pypi.org/project/tts,95341.0,96010.0,https://anaconda.org/conda-forge/tts,2021-10-18 17:44:58.974,2025-04-22 14:58:02.848,2025-04-22 14:58:02.848000,38837.0,4.0,,,,,,1.0,,,,,,,,,,,
162,speechbrain,speechbrain/speechbrain,audio,,{},283.0,,14,False,speechbrain,,,,['pytorch'],4394.0,4394.0,https://pypi.org/project/speechbrain,1559897.0,1559897.0,,,,,,,,,,,,1.0,,,,,,,,,,,
163,huggingface_hub,huggingface/huggingface_hub,model-serialisation,,{},366.0,"Client library to download and publish models, datasets and other repos on the huggingface.co hub.",14,False,huggingface_hub,conda-forge/huggingface_hub,,,,,,https://pypi.org/project/huggingface_hub,499074281.0,499180847.0,https://anaconda.org/conda-forge/huggingface_hub,2021-02-12 21:11:22.751,2026-08-27 14:54:23.611,2026-08-27 14:54:23.611000,7033389.0,171.0,,,,,,2.0,,,,,,,,,,,
164,gpustat,wookayin/gpustat,gpu-utilities,,{},17.0,A simple command-line utility for querying and monitoring GPU status.,14,False,gpustat,conda-forge/gpustat,,,,8233.0,8233.0,https://pypi.org/project/gpustat,1282532.0,1287499.0,https://anaconda.org/conda-forge/gpustat,2020-11-24 19:59:02.801,2025-04-22 14:57:03.401,2025-04-22 14:57:03.401000,342736.0,5.0,,,,,,2.0,,,,,,,,,,,
165,emcee,dfm/emcee,probabilistics,,{},78.0,The Python ensemble sampling toolkit for MCMC.,14,False,emcee,conda-forge/emcee,,,,3449.0,3449.0,https://pypi.org/project/emcee,1309875.0,1323344.0,https://anaconda.org/conda-forge/emcee,2021-06-27 13:53:55.745,2025-04-22 14:56:23.732,2025-04-22 14:56:23.732000,835135.0,12.0,,,,,,2.0,,,,,,,,,,,
166,PyStan,stan-dev/pystan,probabilistics,,{},14.0,"Python interface to Stan, a package for Bayesian inference.",14,False,pystan,conda-forge/pystan,,,,10632.0,10632.0,https://pypi.org/project/pystan,1255304.0,1305386.0,https://anaconda.org/conda-forge/pystan,2020-08-25 22:10:44.292,2025-04-22 14:56:33.006,2025-04-22 14:56:33.006000,3605969.0,13.0,,,,,,2.0,,,,,,,,,,,
167,pingouin,raphaelvallat/pingouin,probabilistics,,{},50.0,Pingouin is an open-source statistical package written in Python 3 and based mostly on Pandas and NumPy.,14,False,pingouin,conda-forge/pingouin,,,,3583.0,3583.0,https://pypi.org/project/pingouin,553514.0,556730.0,https://anaconda.org/conda-forge/pingouin,2020-06-15 06:04:02.429,2026-03-28 17:04:20.161,2026-03-28 17:04:20.161000,238025.0,30.0,,,,,,2.0,,,,,,,,,,,
168,scikit-survival,sebp/scikit-survival,sklearn-utils,,{},26.0,Survival analysis built on top of scikit-learn.,14,False,scikit-survival,conda-forge/scikit-survival,,,['sklearn'],1031.0,1031.0,https://pypi.org/project/scikit-survival,246320.0,253231.0,https://anaconda.org/conda-forge/scikit-survival,2021-11-09 12:11:50.632,2026-07-05 12:16:19.854,2026-07-05 12:16:19.854000,393961.0,19.0,,,,,,2.0,,,,,,,,,,,
169,Feature Engine,feature-engine/feature_engine,others,,{},68.0,Feature engineering and selection package with Scikit-learns fit and transform functionality.,14,False,feature_engine,conda-forge/feature_engine,,,,3929.0,3929.0,https://pypi.org/project/feature_engine,292347.0,293712.0,https://anaconda.org/conda-forge/feature_engine,2020-08-06 19:43:35.639,2026-02-28 00:54:25.851,2026-02-28 00:54:25.851000,98340.0,26.0,,,,,,1.0,,,,,,,,,,,
170,PennyLane,PennyLaneAI/PennyLane,others,,{},229.0,PennyLane is a Python quantum machine learning library by Xanadu Inc.,14,False,pennylane,conda-forge/pennylane,,,,2174.0,2174.0,https://pypi.org/project/pennylane,311293.0,319203.0,https://anaconda.org/conda-forge/pennylane,2021-11-24 17:17:59.313,2025-04-22 14:58:05.852,2025-04-22 14:58:05.852000,450912.0,19.0,,,,,,1.0,,,,,,,,,,,
171,River,online-ml/river,others,,{},148.0,Online machine learning in Python.,14,False,river,conda-forge/river,,,,914.0,914.0,https://pypi.org/project/river,237650.0,240323.0,https://anaconda.org/conda-forge/river,2021-04-19 20:23:28.936,2026-08-21 20:07:57.737,2026-08-21 20:07:57.737000,171110.0,9.0,,,,,,1.0,,,,,,,,,,,
172,kmodes,nicodv/kmodes,others,,{},22.0,Python implementations of the k-modes and k-prototypes clustering algorithms for clustering categorical data.,14,False,kmodes,conda-forge/kmodes,,,,3214.0,3214.0,https://pypi.org/project/kmodes,515952.0,517148.0,https://anaconda.org/conda-forge/kmodes,2020-04-04 05:32:53.353,2025-04-22 14:57:23.933,2025-04-22 14:57:23.933000,90954.0,6.0,,,,,,1.0,,,,,,,,,,,
173,pyjanitor,pyjanitor-devs/pyjanitor,others,,{},125.0,Tools for cleaning pandas DataFrames.,14,False,pyjanitor,conda-forge/pyjanitor,,,,1020.0,1020.0,https://pypi.org/project/pyjanitor,279792.0,285236.0,https://anaconda.org/conda-forge/pyjanitor,2020-05-18 15:23:06.586,2026-08-17 20:57:54.500,2026-08-17 20:57:54.500000,408365.0,79.0,,,,,,1.0,,,,,,,,,,,
174,Datasette,simonw/datasette,others,,{},95.0,An open source multi-tool for exploring and publishing data.,14,False,datasette,conda-forge/datasette,,,,1824.0,1824.0,https://pypi.org/project/datasette,189087.0,190540.0,https://anaconda.org/conda-forge/datasette,2021-04-21 16:46:59.352,2026-08-09 22:33:07.062,2026-08-09 22:33:07.062000,93051.0,33.0,,,,,,1.0,,,,,,,datasette,,,,
175,AutoGluon,autogluon/autogluon,hyperopt,,{},166.0,"AutoGluon: AutoML for Text, Image, and Tabular Data.",13,False,autogluon,,autogluon/autogluon,https://auto.gluon.ai,"['pytorch', 'sklearn']",1298.0,1298.0,https://pypi.org/project/autogluon,1015555.0,1015555.0,,,,2025-06-16 23:01:47.182920,,,https://hub.docker.com/r/autogluon/autogluon,2025-06-16 23:01:47.182920,20.0,20.0,26070.0,2.0,,,,,,,,,,,
176,skorch,skorch-dev/skorch,ml-frameworks,,{},75.0,A scikit-learn compatible neural network library that wraps pytorch.,13,False,skorch,conda-forge/skorch,,,"['pytorch', 'sklearn']",1815.0,1815.0,https://pypi.org/project/skorch,121376.0,133318.0,https://anaconda.org/conda-forge/skorch,2020-09-19 04:12:05.913,2026-05-20 05:57:04.606,2026-05-20 05:57:04.606000,847949.0,18.0,,,,,,3.0,,,,,,,,,,,
177,ngboost,stanfordmlgroup/ngboost,ml-frameworks,,{},62.0,Natural Gradient Boosting for Probabilistic Prediction.,13,False,ngboost,conda-forge/ngboost,,,,309.0,309.0,https://pypi.org/project/ngboost,180351.0,181774.0,https://anaconda.org/conda-forge/ngboost,2020-07-18 02:10:27.277,2026-06-26 06:33:29.103,2026-06-26 06:33:29.103000,103938.0,34.0,,,,,,3.0,,,,,,,,,,,
178,textacy,chartbeat-labs/textacy,nlp,,{},35.0,"NLP, before and after spaCy.",13,False,textacy,conda-forge/textacy,,,,2090.0,2090.0,https://pypi.org/project/textacy,103071.0,105849.0,https://anaconda.org/conda-forge/textacy,2017-05-12 21:55:59.675,2025-04-22 14:56:36.813,2025-04-22 14:56:36.813000,308389.0,12.0,,,,,,2.0,,,,,,,,,,,
179,nlpaug,makcedward/nlpaug,nlp,,{},34.0,Natrual language processing data Augmentation library.,13,False,nlpaug,conda-forge/nlpaug,,,,1897.0,1897.0,https://pypi.org/project/nlpaug,184823.0,185738.0,https://anaconda.org/conda-forge/nlpaug,2021-06-28 02:58:38.053,2025-04-22 14:57:56.135,2025-04-22 14:57:56.135000,56783.0,7.0,,,,,,2.0,,,,,,,,,,,
180,spacy-transformers,explosion/spacy-transformers,nlp,,{},24.0,"Use pretrained transformers like BERT, XLNet and GPT-2 in spaCy.",13,False,spacy-transformers,conda-forge/spacy-transformers,,,['spacy'],2424.0,2424.0,https://pypi.org/project/spacy-transformers,276588.0,279911.0,https://anaconda.org/conda-forge/spacy-transformers,2021-11-18 17:41:04.018,2026-03-24 13:10:30.640,2026-03-24 13:10:30.640000,189421.0,22.0,,,,,,2.0,,,,,,,,,,,
181,haystack,deepset-ai/haystack,agents,,{},431.0,,13,False,haystack-ai,,,,,1819.0,1819.0,https://pypi.org/project/haystack-ai,822717.0,822717.0,,,,,,,,,,,,3.0,,,,,,,,,,,
182,agno,agno-agi/agno,agents,,{},545.0,,13,False,agno,,,,,3106.0,3106.0,https://pypi.org/project/agno,2200323.0,2200323.0,,,,,,,,,,,,3.0,,,,,,,,,,,
183,deepface,serengil/deepface,image,,{},101.0,,13,False,deepface,,,,,8733.0,8733.0,https://pypi.org/project/deepface,455744.0,455744.0,,,,,,,,,,,,2.0,,,,,,,,,,,
184,mahotas,luispedro/mahotas,image,,{},35.0,Mahotas: Computer Vision Library.,13,False,mahotas,conda-forge/mahotas,,,,1591.0,1591.0,https://pypi.org/project/mahotas,64458.0,82531.0,https://anaconda.org/conda-forge/mahotas,2020-06-12 13:41:17.109,2025-10-21 21:07:30.102,2025-10-21 21:07:30.102000,1337449.0,14.0,,,,,,2.0,,,,,,,,,,,
185,Face Recognition,ageitgey/face_recognition,image,,{},55.0,Recognize faces from Python or from the command line.,13,False,face_recognition,conda-forge/face_recognition,,,['pytorch'],5675.0,5675.0,https://pypi.org/project/face_recognition,179632.0,180273.0,https://anaconda.org/conda-forge/face_recognition,2020-09-14 16:50:56.246,2025-04-22 14:57:35.730,2025-04-22 14:57:35.730000,45564.0,1.0,,,,,,2.0,,,,,,,,,,,
186,InsightFace,deepinsight/insightface,image,,{},67.0,,13,False,insightface,,,,['mxnet'],5333.0,5333.0,https://pypi.org/project/insightface,1075713.0,1075713.0,,,,,,,,,,,,2.0,,,,,,,,,,,
187,Plotly-Resampler,predict-idlab/plotly-resampler,data-viz,,{},14.0,Visualizing large time series with plotly.,13,False,plotly-resampler,conda-forge/plotly-resampler,,,,2102.0,2102.0,https://pypi.org/project/plotly-resampler,470195.0,473604.0,https://anaconda.org/conda-forge/plotly-resampler,2022-01-13 19:12:38.352,2025-10-09 21:44:53.402,2025-10-09 21:44:53.402000,187549.0,23.0,,,,,,2.0,,,,,,,,,,,
188,D-Tale,man-group/dtale,data-viz,,{},33.0,D-Tale is the combination of a Flask back-end and a React front-end to bring you an easy way to view & analyze Pandas..,13,False,dtale,conda-forge/dtale,,,"['pandas', 'jupyter']",1538.0,1538.0,https://pypi.org/project/dtale,48803.0,56794.0,https://anaconda.org/conda-forge/dtale,2020-05-31 14:48:59.449,2026-04-01 13:43:46.846,2026-04-01 13:43:46.846000,599391.0,160.0,,,,,,2.0,LGPL-2.1,,,,,,,,,,
189,pyvis,WestHealth/pyvis,data-viz,,{},32.0,,13,False,pyvis,,,,,12667.0,12667.0,https://pypi.org/project/pyvis,2159534.0,2159534.0,,,,,,,,,,,,2.0,,,,,,,,,,,
190,Perspective,finos/perspective,data-viz,,{},104.0,Streaming pivot visualization via WebAssembly.,13,False,perspective-python,conda-forge/perspective,,,['jupyter'],215.0,215.0,https://pypi.org/project/perspective-python,39461.0,81442.0,https://anaconda.org/conda-forge/perspective,2020-06-07 15:10:08.248,2026-08-23 18:44:06.284,2026-08-23 18:44:06.284000,3055086.0,90.0,,,,,,2.0,,@finos/perspective-jupyterlab,https://www.npmjs.com/package/@finos/perspective-jupyterlab,697.0,,,,,,,
191,pyecharts,pyecharts/pyecharts,data-viz,,{},45.0,,13,False,pyecharts,,,https://github.com/pyecharts/pyecharts/blob/master/README.en.md,['jupyter'],5699.0,5699.0,https://pypi.org/project/pyecharts,1068569.0,1068569.0,,,,,,,,,,,,2.0,,,,,,,,,,,
192,scikit-plot,reiinakano/scikit-plot,interpretability,,{},13.0,An intuitive library to add plotting functionality to scikit-learn objects.,13,False,scikit-plot,conda-forge/scikit-plot,,,['sklearn'],6606.0,6606.0,https://pypi.org/project/scikit-plot,419979.0,425310.0,https://anaconda.org/conda-forge/scikit-plot,2017-07-28 13:12:37.676,2025-04-22 14:56:38.875,2025-04-22 14:56:38.875000,581181.0,6.0,,,,,,2.0,,,,,,,,,,,
193,dgl,dmlc/dgl,graph,,{},298.0,,13,False,dgl,,,,,4267.0,4267.0,https://pypi.org/project/dgl,135283.0,135283.0,,,,,,,,,,,,2.0,,,,,,,,,,,
194,ogb,snap-stanford/ogb,graph,,{},32.0,Open Graph Benchmark.,13,False,ogb,conda-forge/ogb,,,,2797.0,2797.0,https://pypi.org/project/ogb,91087.0,92209.0,https://anaconda.org/conda-forge/ogb,2020-09-02 17:22:47.382,2025-04-22 14:57:35.121,2025-04-22 14:57:35.121000,79720.0,11.0,,,,,,2.0,,,,,,,,,,,
195,Bayesian Optimization,fmfn/BayesianOptimization,hyperopt,,{},58.0,,13,False,bayesian-optimization,,,,,4241.0,4241.0,https://pypi.org/project/bayesian-optimization,628133.0,628133.0,,,,,,,,,,,,2.0,,,,,,,,,,,
196,nevergrad,facebookresearch/nevergrad,hyperopt,,{},59.0,A Python toolbox for performing gradient-free optimization.,13,False,nevergrad,conda-forge/nevergrad,,,,1255.0,1255.0,https://pypi.org/project/nevergrad,363475.0,364501.0,https://anaconda.org/conda-forge/nevergrad,2020-05-26 12:59:59.482,2025-04-22 14:57:24.222,2025-04-22 14:57:24.222000,76950.0,15.0,,,,,,2.0,,,,,,,,,,,
197,featuretools,alteryx/featuretools,hyperopt,,{},75.0,a framework for automated feature engineering.,13,False,featuretools,conda-forge/featuretools,,,,2169.0,2169.0,https://pypi.org/project/featuretools,138994.0,143302.0,https://anaconda.org/conda-forge/featuretools,2020-06-04 23:17:05.307,2025-04-22 14:56:57.460,2025-04-22 14:56:57.460000,318796.0,77.0,,,,,,2.0,,,,,,,,,,,
198,Neptune.ai,neptune-ai/neptune-client,ml-experiments,,{},59.0,Neptune Client.,13,False,neptune-client,conda-forge/neptune-client,,,,983.0,983.0,https://pypi.org/project/neptune-client,54130.0,60303.0,https://anaconda.org/conda-forge/neptune-client,2020-05-20 10:42:43.652,2025-04-22 14:57:20.407,2025-04-22 14:57:20.407000,462985.0,132.0,,,,,,2.0,,,,,,,,,,,
199,aim,aimhubio/aim,ml-experiments,,{},82.0,"A super-easy way to record, search and compare 1000s of ML training runs.",13,False,aim,conda-forge/aim,,,,1239.0,1239.0,https://pypi.org/project/aim,102949.0,106009.0,https://anaconda.org/conda-forge/aim,2021-07-07 13:38:09.942,2026-02-02 15:43:00.878,2026-02-02 15:43:00.878000,186691.0,12.0,,,,,,2.0,,,,,,,,,,,
200,pyRiemann,pyRiemann/pyRiemann,ml-frameworks,,{},44.0,Biosignals classification with Riemannian Geometry.,13,False,pyriemann,conda-forge/pyriemann,,https://pyriemann.readthedocs.io/en/latest/,['sklearn'],517.0,517.0,https://pypi.org/project/pyriemann,66734.0,67235.0,https://anaconda.org/conda-forge/pyriemann,2022-06-08 12:07:57.776,2026-07-21 00:00:13.884,2026-07-21 00:00:13.884000,25056.0,11.0,,,,,,3.0,,,,,,,,,,,
201,dask-ml,dask/dask-ml,distributed-ml,,{},82.0,Distributed and parallel machine learning using dask.,13,False,dask-ml,conda-forge/dask-ml,,,,1356.0,1356.0,https://pypi.org/project/dask-ml,75172.0,93289.0,https://anaconda.org/conda-forge/dask-ml,2020-05-26 20:29:09.888,2025-04-22 14:56:42.913,2025-04-22 14:56:42.913000,1358813.0,31.0,,,,,,2.0,,,,,,,,,,,
202,pytorch-forecasting,jdb78/pytorch-forecasting,time-series-data,,{},111.0,Timeseries forecasting with PyTorch.,13,False,pytorch-forecasting,conda-forge/pytorch-forecasting,,,,711.0,711.0,https://pypi.org/project/pytorch-forecasting,312706.0,314209.0,https://anaconda.org/conda-forge/pytorch-forecasting,2020-09-14 11:56:00.946,2026-06-25 08:25:03.077,2026-06-25 08:25:03.077000,106747.0,32.0,,,,,,2.0,,,,,,,,,,,
203,implicit,benfred/implicit,recommender-systems,,{},37.0,Fast Python Collaborative Filtering for Implicit Datasets.,13,False,implicit,conda-forge/implicit,,,,2023.0,2023.0,https://pypi.org/project/implicit,319897.0,349066.0,https://anaconda.org/conda-forge/implicit,2020-09-15 03:41:22.783,2026-05-14 22:07:46.291,2026-05-14 22:07:46.291000,2071040.0,18.0,,,,,,1.0,,,,,,,,,,,
204,SpeechRecognition,Uberi/speech_recognition,audio,,{},62.0,"Library for performing speech recognition, with support for several engines and APIs, online and offline.",13,False,SpeechRecognition,conda-forge/speechrecognition,,,,24.0,24.0,https://pypi.org/project/SpeechRecognition,9126421.0,9135113.0,https://anaconda.org/conda-forge/speechrecognition,2020-08-20 04:16:29.624,2026-06-17 03:46:16.860,2026-06-17 03:46:16.860000,625836.0,27.0,,,,,,2.0,,,,,,,,,,,
205,tinytag,devsnd/tinytag,audio,,{},28.0,,13,False,tinytag,,,,,2008.0,2008.0,https://pypi.org/project/tinytag,5090392.0,5090392.0,,,,,,,,,,,,2.0,,,,,,,,,,,
206,Opacus,pytorch/opacus,privacy-ml,,{},91.0,Train PyTorch models with Differential Privacy.,13,False,opacus,conda-forge/opacus,,,['pytorch'],1296.0,1296.0,https://pypi.org/project/opacus,164769.0,165450.0,https://anaconda.org/conda-forge/opacus,2022-01-11 20:35:33.574,2026-05-05 21:02:34.391,2026-05-05 21:02:34.391000,37456.0,12.0,,,,,,1.0,,,,,,,,,,,
207,Apex,NVIDIA/apex,gpu-utilities,,{},140.0,a Pytorch extension with NVIDIA-maintained utilities to streamline mixed precision and distributed training.,13,False,,conda-forge/nvidia-apex,,,['pytorch'],3372.0,3372.0,,,11067.0,https://anaconda.org/conda-forge/nvidia-apex,2020-10-08 01:21:09.615,2026-06-17 09:19:03.496,2026-06-17 09:19:03.496000,774731.0,5.0,,,,,,2.0,,,,,,,,,,,
208,bambi,bambinos/bambi,probabilistics,,{},55.0,BAyesian Model Building Interface in Python.,13,False,bambi,conda-forge/bambi,,,,253.0,253.0,https://pypi.org/project/bambi,82477.0,83587.0,https://anaconda.org/conda-forge/bambi,2020-12-17 13:09:13.632,2026-08-10 16:11:42.596,2026-08-10 16:11:42.596000,75512.0,25.0,,,,,,2.0,,,,,,,,,,,
209,pgmpy,pgmpy/pgmpy,probabilistics,,{},240.0,,13,False,pgmpy,,,,,1809.0,1809.0,https://pypi.org/project/pgmpy,749478.0,749478.0,,,,,,,,,,,,2.0,,,,,,,,,,,
210,scikit-posthocs,maximtrp/scikit-posthocs,probabilistics,,{},19.0,Statistical post-hoc analysis and outlier detection algorithms.,13,False,scikit-posthocs,conda-forge/scikit-posthocs,,,['sklearn'],1287.0,1287.0,https://pypi.org/project/scikit-posthocs,137369.0,154563.0,https://anaconda.org/conda-forge/scikit-posthocs,2020-10-13 01:11:10.773,2026-08-23 17:59:22.209,2026-08-23 17:59:22.209000,1203625.0,16.0,,,,,,2.0,,,,,1.0,,,,,,
211,torchinfo,TylerYep/torchinfo,pytorch-utils,,{},29.0,,13,False,torchinfo,,,,['pytorch'],8263.0,8263.0,https://pypi.org/project/torchinfo,592292.0,592292.0,,,,,,,,,,,,2.0,,,,,,,,,,,
212,Sonnet,deepmind/sonnet,ml-frameworks,,{},63.0,Multi-language spell checker.,12,False,dm-sonnet,conda-forge/sonnet,,,['tensorflow'],1584.0,1584.0,https://pypi.org/project/dm-sonnet,20116.0,20814.0,https://anaconda.org/conda-forge/sonnet,2019-11-20 21:03:41.099,2025-04-22 14:57:17.453,2025-04-22 14:57:17.453000,56604.0,13.0,,,,,,3.0,,,,,,,,,,,
213,flashtext,vi3k6i5/flashtext,nlp,,{},7.0,This module can be used to replace keywords in sentences or extract keywords from sentences. It is based on the..,12,False,flashtext,conda-forge/flashtext,,,,2116.0,2116.0,https://pypi.org/project/flashtext,2416048.0,2416392.0,https://anaconda.org/conda-forge/flashtext,2020-07-16 16:37:57.409,2025-04-22 14:57:29.789,2025-04-22 14:57:29.789000,25143.0,1.0,,,,,,2.0,,,,,,,,,,,
214,ag2,ag2ai/ag2,agents,,{},503.0,,12,False,ag2,,,,,999.0,999.0,https://pypi.org/project/ag2,354491.0,354491.0,,,,,,,,,,,,3.0,,,,,,,,,,,
215,PyTorch3D,facebookresearch/pytorch3d,image,,{},185.0,3d Geometry for pytorch.,12,False,pytorch3d,pytorch3d/pytorch3d,,,['pytorch'],1389.0,1389.0,https://pypi.org/project/pytorch3d,1175.0,6534.0,https://anaconda.org/pytorch3d/pytorch3d,2019-11-19 20:10:38.667,2025-03-25 16:29:23.925,2025-03-25 16:29:23.925000,434118.0,18.0,,,,,,2.0,,,,,,,,,,,
216,FiftyOne,voxel51/fiftyone,data-viz,,{},205.0,"Visualize, create, and debug image and video datasets and model predictions.",12,False,fiftyone,,,,"['tensorflow', 'pytorch', 'jupyter']",1098.0,1098.0,https://pypi.org/project/fiftyone,260359.0,260359.0,,,,,,,,,,,,3.0,,,,,,,,,,,
217,wordcloud,amueller/word_cloud,data-viz,,{},76.0,A little word cloud generator in Python.,12,False,wordcloud,conda-forge/wordcloud,,,,24.0,24.0,https://pypi.org/project/wordcloud,2033936.0,2049652.0,https://anaconda.org/conda-forge/wordcloud,2020-07-07 12:57:01.655,2026-08-09 16:35:22.475,2026-08-09 16:35:22.475000,1147309.0,15.0,,,,,,3.0,,,,,,,,,,,
218,ydata-profiling,ydataai/ydata-profiling,data-viz,,{},142.0,Generate profile report for pandas DataFrame.,12,False,ydata-profiling,conda-forge/ydata-profiling,,,"['jupyter', 'pandas']",19.0,19.0,https://pypi.org/project/ydata-profiling,1512195.0,1514821.0,https://anaconda.org/conda-forge/ydata-profiling,2023-02-27 12:22:21.195,2026-07-03 11:16:07.164,2026-07-03 11:16:07.164000,110306.0,34.0,,,,,,3.0,,,,,,,,,,,
219,Sweetviz,fbdesignpro/sweetviz,data-viz,,{},13.0,A pandas-based library to visualize and compare datasets.,12,False,sweetviz,conda-forge/sweetviz,,,,3203.0,3203.0,https://pypi.org/project/sweetviz,119218.0,120234.0,https://anaconda.org/conda-forge/sweetviz,2021-02-03 19:13:59.125,2026-04-11 23:31:56.666,2026-04-11 23:31:56.666000,67107.0,15.0,,,,,,3.0,,,,,,,,,,,
220,openTSNE,pavlin-policar/openTSNE,data-viz,,{},15.0,"Extensible, parallel implementations of t-SNE.",12,False,opentsne,conda-forge/opentsne,,,,1146.0,1146.0,https://pypi.org/project/opentsne,129636.0,138477.0,https://anaconda.org/conda-forge/opentsne,2020-08-04 09:05:14.594,2026-01-16 07:03:04.711,2026-01-16 07:03:04.711000,636563.0,24.0,,,,,,3.0,,,,,,,,,,,
221,DoWhy,py-why/dowhy,interpretability,,{},117.0,DoWhy is a Python library for causal inference that supports explicit modeling and testing of causal assumptions.,12,False,dowhy,conda-forge/dowhy,,,,766.0,766.0,https://pypi.org/project/dowhy,237109.0,237983.0,https://anaconda.org/conda-forge/dowhy,2020-11-22 07:16:29.903,2025-07-13 12:15:04.418,2025-07-13 12:15:04.418000,60323.0,12.0,,,,,,2.0,,,,,,,,,,,
222,Satpy,pytroll/satpy,geospatial-data,,{},194.0,Meteorological processing package.,12,False,satpy,conda-forge/satpy,,,,209.0,209.0,https://pypi.org/project/satpy,40781.0,47493.0,https://anaconda.org/conda-forge/satpy,2020-06-10 19:56:45.218,2026-03-05 18:39:22.244,2026-03-05 18:39:22.244000,496696.0,76.0,,,,,,3.0,,,,,,,,,,,
223,pymap3d,geospace-code/pymap3d,geospatial-data,,{},19.0,Pure Python 3-D geographic coordinate conversions and geodesy.,12,False,pymap3d,conda-forge/pymap3d,,,,590.0,590.0,https://pypi.org/project/pymap3d,912583.0,914633.0,https://anaconda.org/conda-forge/pymap3d,2020-09-24 05:54:03.868,2025-07-08 12:06:19.595,2025-07-08 12:06:19.595000,145562.0,19.0,,,,,,3.0,,,,,,,,,,,
224,empyrical,quantopian/empyrical,financial-data,,{},23.0,Common financial risk metrics.,12,False,empyrical,conda-forge/empyrical,,,,1825.0,1825.0,https://pypi.org/project/empyrical,22702.0,23288.0,https://anaconda.org/conda-forge/empyrical,2018-02-15 14:11:16.165,2025-04-22 14:56:47.167,2025-04-22 14:56:47.167000,59845.0,4.0,,,,,,2.0,,,,,,,,,,,
225,bt,pmorissette/bt,financial-data,,{},39.0,bt - flexible backtesting for Python.,12,False,bt,conda-forge/bt,,,,1752.0,1752.0,https://pypi.org/project/bt,24343.0,26847.0,https://anaconda.org/conda-forge/bt,2021-04-23 10:15:55.354,2026-04-26 16:07:23.806,2026-04-26 16:07:23.806000,160318.0,9.0,,,,,,2.0,,,,,,,,,,,
226,yfinance,ranaroussi/yfinance,financial-data,,{},185.0,,12,False,yfinance,ranaroussi/yfinance,,,,,,https://pypi.org/project/yfinance,27750619.0,27752242.0,https://anaconda.org/ranaroussi/yfinance,2021-07-03 13:58:30.250,2025-03-25 16:27:42.706,2025-03-25 16:27:42.706000,99029.0,4.0,,,,,,2.0,,,,,,,,,,,
227,ClearML,allegroai/clearml,ml-experiments,,{},117.0,Auto-Magical Experiment Manager & Version Control for AI.,12,False,clearml,,allegroai/trains,,,1978.0,1978.0,https://pypi.org/project/clearml,649852.0,649852.0,,,,2020-10-05 10:16:46.865671,,,https://hub.docker.com/r/allegroai/trains,2020-10-05 10:16:46.865671,,,34107.0,2.0,,,,,,,,,,,
228,sacred,IDSIA/sacred,ml-experiments,,{},107.0,Facilitates automated and reproducible experimental research.,12,False,sacred,conda-forge/sacred,,,,3671.0,3671.0,https://pypi.org/project/sacred,34301.0,34515.0,https://anaconda.org/conda-forge/sacred,2021-11-14 09:49:21.832,2025-04-22 14:58:05.313,2025-04-22 14:58:05.313000,12215.0,3.0,,,,,,2.0,,,,,,,,,,,
229,kaggle,Kaggle/kaggle-api,ml-experiments,,{},72.0,Kaggle API.,12,False,kaggle,conda-forge/kaggle,,,,24.0,24.0,https://pypi.org/project/kaggle,815706.0,820100.0,https://anaconda.org/conda-forge/kaggle,2020-09-04 15:05:55.697,2026-06-26 00:57:52.829,2026-06-26 00:57:52.829000,311994.0,35.0,,,,,,2.0,,,,,,,,,,,
230,H2O-3,h2oai/h2o-3,distributed-ml,,{},288.0,,12,False,h2o,,,,,100.0,100.0,https://pypi.org/project/h2o,200138.0,200138.0,,,,,,,,,,,,2.0,Apache-2.0,,,,,,,,,,
231,qdrant,qdrant/qdrant,nn-search,,{},191.0,,12,False,qdrant-client,,,,,117.0,117.0,https://pypi.org/project/qdrant-client,18023997.0,18023997.0,,,,,,,,,,,,3.0,,,,,,,,,,,
232,lightfm,lyst/lightfm,recommender-systems,,{},47.0,"A Python implementation of LightFM, a hybrid recommendation algorithm.",12,False,lightfm,conda-forge/lightfm,,,,1948.0,1948.0,https://pypi.org/project/lightfm,43540.0,48197.0,https://anaconda.org/conda-forge/lightfm,2018-01-05 14:24:50.552,2025-04-22 14:56:45.003,2025-04-22 14:56:45.003000,479741.0,4.0,,,,,,1.0,,,,,,,,,,,
233,Cornac,PreferredAI/cornac,recommender-systems,,{},31.0,A Comparative Framework for Multimodal Recommender Systems.,12,False,cornac,conda-forge/cornac,,,,306.0,306.0,https://pypi.org/project/cornac,40557.0,55846.0,https://anaconda.org/conda-forge/cornac,2020-06-06 08:50:52.981,2026-07-15 17:00:30.148,2026-07-15 17:00:30.148000,1131459.0,58.0,,,,,,1.0,,,,,,,,,,,
234,spleeter,deezer/spleeter,audio,,{},22.0,The Deezer source separation library with pretrained models based on tensorflow.,12,False,spleeter,conda-forge/spleeter,,,['tensorflow'],1099.0,1099.0,https://pypi.org/project/spleeter,18580.0,20267.0,https://anaconda.org/conda-forge/spleeter,2019-11-08 20:02:52.483,2025-04-22 14:57:16.666,2025-04-22 14:57:16.666000,136659.0,10.0,,,,,,2.0,,,,,,,,,,,
235,BentoML,bentoml/BentoML,model-serialisation,,{},238.0,,12,False,bentoml,,,,,2869.0,2869.0,https://pypi.org/project/bentoml,248444.0,248444.0,,,,,,,,,,,,3.0,,,,,,,,,,,
236,equinox,patrick-kidger/equinox,jax-utils,,{},101.0,,12,False,equinox,,,,['jax'],1959.0,1959.0,https://pypi.org/project/equinox,1106393.0,1106393.0,,,,,,,,,,,,1.0,,,,,,,,,,,
237,scikit-lego,koaning/scikit-lego,sklearn-utils,,{},72.0,missing blocks for sklearn pipelines.,12,False,scikit-lego,conda-forge/scikit-lego,,,['sklearn'],192.0,192.0,https://pypi.org/project/scikit-lego,69949.0,71149.0,https://anaconda.org/conda-forge/scikit-lego,2020-05-26 10:44:57.130,2025-04-22 14:57:15.493,2025-04-22 14:57:15.493000,90016.0,25.0,,,,,,2.0,,,,,,,,,,,
238,Prince,MaxHalford/prince,sklearn-utils,,{},20.0,Statistical factor analysis in Python.,12,False,prince,conda-forge/prince-factor-analysis,,,['sklearn'],798.0,798.0,https://pypi.org/project/prince,132130.0,132628.0,https://anaconda.org/conda-forge/prince-factor-analysis,2020-10-06 17:12:24.107,2026-07-01 06:43:52.593,2026-07-01 06:43:52.593000,34878.0,8.0,,,,,,2.0,,,,,,,,,,,
239,DeepChem,deepchem/deepchem,others,,{},262.0,"Democratizing Deep-Learning for Drug Discovery, Quantum Chemistry, Materials Science and Biology.",12,False,deepchem,conda-forge/deepchem,,,['tensorflow'],670.0,670.0,https://pypi.org/project/deepchem,42473.0,44170.0,https://anaconda.org/conda-forge/deepchem,2020-06-10 18:42:21.688,2025-04-22 14:57:21.461,2025-04-22 14:57:21.461000,125613.0,7.0,,,,,,2.0,,,,,,,,,,,
240,cleanlab,cleanlab/cleanlab,others,,{},55.0,The standard package for machine learning with noisy labels and finding mislabeled data in Python.,12,False,cleanlab,conda-forge/cleanlab,,,,541.0,541.0,https://pypi.org/project/cleanlab,92199.0,93508.0,https://anaconda.org/conda-forge/cleanlab,2021-04-19 15:02:45.542,2026-01-14 17:49:56.450,2026-01-14 17:49:56.450000,83806.0,19.0,,,,,,2.0,,,,,,,,,,,
241,datalad,datalad/datalad,others,,{},65.0,data distribution geared toward scientific datasets.,12,False,datalad,conda-forge/datalad,,,,586.0,586.0,https://pypi.org/project/datalad,35950.0,52469.0,https://anaconda.org/conda-forge/datalad,2020-06-24 04:55:07.916,2026-08-17 17:33:35.137,2026-08-17 17:33:35.137000,1222419.0,80.0,,,,,,2.0,,,,,,,,,,,
242,Milvus,milvus-io/milvus,nn-search,,{},372.0,"Milvus --- an open-source, high-performance vector database (https://milvus.io).",11,False,pymilvus,,milvusdb/milvus,,,,,https://pypi.org/project/pymilvus,5751157.0,5751157.0,,,,2026-08-28 00:36:36.310189,,,https://hub.docker.com/r/milvusdb/milvus,2026-08-28 00:36:36.310189,106.0,106.0,78399725.0,3.0,,,,,,,,,,,
243,spark-nlp,JohnSnowLabs/spark-nlp,nlp,,{},116.0,,11,False,spark-nlp,,,,['spark'],622.0,622.0,https://pypi.org/project/spark-nlp,1014520.0,1014520.0,,,,,,,,,,,,2.0,,,,,,,,,,,
244,argilla,argilla-io/argilla,nlp,,{},110.0,,11,False,argilla,,,,,3179.0,3179.0,https://pypi.org/project/argilla,107021.0,107021.0,,,,,,,,,,,,2.0,,,,,,,,,,,
245,opik,comet-ml/opik,nlp,,{},152.0,,11,False,opik,,,,,56.0,56.0,https://pypi.org/project/opik,3168230.0,3168230.0,,,,,,,,,,,,2.0,,,,,,,,,,,
246,fastText,facebookresearch/fastText,nlp,,{},68.0,fastText - Library for efficient text classification and representation learning.,11,False,fasttext,conda-forge/fasttext,,,,24.0,24.0,https://pypi.org/project/fasttext,2420956.0,2423970.0,https://anaconda.org/conda-forge/fasttext,2020-09-22 18:15:34.037,2025-11-05 20:00:51.025,2025-11-05 20:00:51.025000,214050.0,3.0,,,,,,2.0,,,,,,,,,,,
247,fairseq,facebookresearch/fairseq,nlp,,{},433.0,Facebook AI Research Sequence-to-Sequence Toolkit.,11,False,fairseq,conda-forge/fairseq,,,['pytorch'],24.0,24.0,https://pypi.org/project/fairseq,49475.0,52431.0,https://anaconda.org/conda-forge/fairseq,2020-07-24 16:44:47.386,2026-08-18 00:26:45.420,2026-08-18 00:26:45.420000,215828.0,4.0,,,,,,2.0,,,,,,,,,,,
248,Dedupe,dedupeio/dedupe,nlp,,{},72.0,A python library for accurate and scaleable data deduplication and entity-resolution.,11,False,dedupe,conda-forge/dedupe,,,,385.0,385.0,https://pypi.org/project/dedupe,49435.0,52438.0,https://anaconda.org/conda-forge/dedupe,2021-12-08 17:23:58.376,2025-04-22 14:58:06.931,2025-04-22 14:58:06.931000,168202.0,12.0,,,,,,2.0,,,,,,,,,,,
249,Albumentations,albumentations-team/albumentations,image,,{},172.0,Fast image augmentation library and easy to use wrapper around other libraries.,11,False,albumentations,conda-forge/albumentations,,,['pytorch'],,,https://pypi.org/project/albumentations,4926037.0,4931726.0,https://anaconda.org/conda-forge/albumentations,2020-07-10 06:51:58.141,2025-05-28 13:47:29.423,2025-05-28 13:47:29.423000,415354.0,38.0,,,,,,3.0,,,,,,,,,,,
250,doctr,mindee/doctr,image,,{},76.0,,11,False,python-doctr,,,,"['tensorflow', 'pytorch']",1282.0,1282.0,https://pypi.org/project/python-doctr,318917.0,318917.0,,,,,,,,,,,,3.0,,,,,,,,,,,
251,AutoViz,AutoViML/AutoViz,data-viz,,{},17.0,"Automatically Visualize any dataset, any size with a single line of code.",11,False,autoviz,conda-forge/autoviz,,,,904.0,904.0,https://pypi.org/project/autoviz,17942.0,20028.0,https://anaconda.org/conda-forge/autoviz,2021-08-25 18:46:27.137,2025-04-22 14:57:59.344,2025-04-22 14:57:59.344000,125166.0,46.0,,,,,,3.0,,,,,,,,,,,
252,bqplot,bqplot/bqplot,data-viz,,{},71.0,Plotting library for Jupyter.,11,False,bqplot,conda-forge/bqplot,,,['jupyter'],65.0,65.0,https://pypi.org/project/bqplot,343743.0,392502.0,https://anaconda.org/conda-forge/bqplot,2020-05-24 11:30:38.431,2026-05-07 12:02:44.851,2026-05-07 12:02:44.851000,3487318.0,68.0,,,,,,3.0,,bqplot,https://www.npmjs.com/package/bqplot,2262.0,,,,,,,
253,python-ternary,marcharper/python-ternary,data-viz,,{},28.0,Make ternary plots in matplotlib.,11,False,python-ternary,conda-forge/python-ternary,,,,243.0,243.0,https://pypi.org/project/python-ternary,35632.0,41206.0,https://anaconda.org/conda-forge/python-ternary,2021-02-17 20:33:02.087,2025-04-22 14:56:22.353,2025-04-22 14:56:22.353000,367944.0,8.0,,,,,,3.0,,,,,,,,,,,
254,ridgeplot,tpvasconcelos/ridgeplot,data-viz,,{},5.0,Provides a simple interface for plotting beautiful and interactive ridgeline plots within the extensive Plotly..,11,False,ridgeplot,conda-forge/ridgeplot,,,,288.0,288.0,https://pypi.org/project/ridgeplot,112367.0,112644.0,https://anaconda.org/conda-forge/ridgeplot,2024-12-20 08:59:41.148,2026-04-07 18:29:09.233,2026-04-07 18:29:09.233000,5553.0,6.0,,,,,,3.0,,,,,,,,,,,
255,explainerdashboard,oegedijk/explainerdashboard,interpretability,,{},23.0,explainerdashboard allows you quickly build an interactive dashboard to explain the inner workings of your machine..,11,False,explainerdashboard,conda-forge/explainerdashboard,,,,663.0,663.0,https://pypi.org/project/explainerdashboard,50387.0,51767.0,https://anaconda.org/conda-forge/explainerdashboard,2020-12-01 04:42:10.329,2026-02-09 15:37:35.767,2026-02-09 15:37:35.767000,93881.0,33.0,,,,,,2.0,,,,,,,,,,,
256,InterpretML,interpretml/interpret,interpretability,,{},59.0,,11,False,interpret,,,,['jupyter'],986.0,986.0,https://pypi.org/project/interpret,364568.0,364568.0,,,,,,,,,,,,2.0,,,,,,,,,,,
257,DALEX,ModelOriented/DALEX,interpretability,,{},28.0,Responsible Machine Learning in Python.,11,False,dalex,conda-forge/dalex,,,,241.0,241.0,https://pypi.org/project/dalex,44893.0,45748.0,https://anaconda.org/conda-forge/dalex,2021-01-06 18:42:09.821,2025-04-22 14:57:44.228,2025-04-22 14:57:44.228000,57318.0,7.0,,,,,,2.0,,,,,,,,,,,
258,AIF 360,Trusted-AI/AIF360,interpretability,,{},75.0,IBM AI Fairness 360.,11,False,aif360,conda-forge/aif360,,,,799.0,799.0,https://pypi.org/project/aif360,30259.0,30838.0,https://anaconda.org/conda-forge/aif360,2020-09-28 14:34:26.554,2025-04-22 14:57:36.856,2025-04-22 14:57:36.856000,41169.0,5.0,,,,,,2.0,,,,,,,,,,,
259,Node2Vec,eliorc/node2vec,graph,,{},16.0,"The node2vec algorithm learns continuous representations for nodes in any (un)directed, (un)weighted graph.",11,False,node2vec,conda-forge/node2vec,,,,984.0,984.0,https://pypi.org/project/node2vec,45540.0,45971.0,https://anaconda.org/conda-forge/node2vec,2018-05-03 02:54:12.032,2025-04-22 14:56:50.341,2025-04-22 14:56:50.341000,42708.0,3.0,,,,,,2.0,,,,,,,,,,,
260,EarthPy,earthlab/earthpy,geospatial-data,,{},45.0,Utility functions for the working with spatial data.,11,False,earthpy,conda-forge/earthpy,,,,448.0,448.0,https://pypi.org/project/earthpy,10467.0,11720.0,https://anaconda.org/conda-forge/earthpy,2019-04-02 17:33:42.874,2025-04-22 14:57:03.644,2025-04-22 14:57:03.644000,110334.0,14.0,,,,,,3.0,,,,,,,,,,,
261,geopy,geopy/geopy,geospatial-data,,{},138.0,Python Geocoding Toolbox.,11,False,geopy,conda-forge/geopy,,,,,,https://pypi.org/project/geopy,13447143.0,13478469.0,https://anaconda.org/conda-forge/geopy,2020-06-27 22:25:51.029,2026-07-13 01:38:53.987,2026-07-13 01:38:53.987000,2318177.0,20.0,,,,,,3.0,,,,,,,,,,,
262,ArcGIS API,Esri/arcgis-python-api,geospatial-data,,{},100.0,,11,False,arcgis,,esridocker/arcgis-api-python-notebook,,,1041.0,1041.0,https://pypi.org/project/arcgis,183329.0,183329.0,,,,,,,https://hub.docker.com/r/esridocker/arcgis-api-python-notebook,,,,,3.0,,,,,,,,,,,
263,pyfolio,quantopian/pyfolio,financial-data,,{},60.0,pyfolio is a Python library for performance and risk analysis of financial portfolios.,11,False,pyfolio,conda-forge/pyfolio,,,,1394.0,1394.0,https://pypi.org/project/pyfolio,11555.0,11768.0,https://anaconda.org/conda-forge/pyfolio,2018-02-15 19:39:31.850,2025-04-22 14:56:47.184,2025-04-22 14:56:47.184000,21779.0,1.0,,,,,,2.0,,,,,,,,,,,
264,zipline,quantopian/zipline,financial-data,,{},161.0,A backtester for financial algorithms.,11,False,zipline,conda-forge/zipline,,,,1045.0,1045.0,https://pypi.org/project/zipline,847.0,1031.0,https://anaconda.org/conda-forge/zipline,2020-09-08 02:54:53.875,2025-04-22 14:57:35.321,2025-04-22 14:57:35.321000,13067.0,2.0,,,,,,2.0,,,,,,,,,,,
265,ffn,pmorissette/ffn,financial-data,,{},44.0,ffn - a financial function library for Python.,11,False,ffn,conda-forge/ffn,,,,631.0,631.0,https://pypi.org/project/ffn,50651.0,51191.0,https://anaconda.org/conda-forge/ffn,2021-04-22 14:02:52.723,2026-03-25 03:10:25.056,2026-03-25 03:10:25.056000,34608.0,12.0,,,,,,2.0,,,,,,,,,,,
266,backtrader,mementum/backtrader,financial-data,,{},56.0,,11,False,backtrader,,,,,3649.0,3649.0,https://pypi.org/project/backtrader,284555.0,284555.0,,,,,,,,,,,,2.0,,,,,,,,,,,
267,TPOT,EpistasisLab/tpot,hyperopt,,{},10.0,A Python tool that automatically creates and optimizes Machine Learning pipelines using genetic programming.,11,False,tpot,conda-forge/tpot,,,['sklearn'],3614.0,3614.0,https://pypi.org/project/tpot,19630.0,25460.0,https://anaconda.org/conda-forge/tpot,2020-06-02 00:25:11.879,2026-02-18 16:47:35.862,2026-02-18 16:47:35.862000,431430.0,24.0,,,,,,2.0,,,,,,,,,,,
268,lazypredict,shankarpandala/lazypredict,hyperopt,,{},20.0,Rapid low code ML testing with multiple basic models.,11,False,lazypredict,conda-forge/lazypredict,,,['sklearn'],1421.0,1421.0,https://pypi.org/project/lazypredict,16805.0,16979.0,https://anaconda.org/conda-forge/lazypredict,2021-08-24 21:48:59.448,2026-03-15 20:11:16.863,2026-03-15 20:11:16.863000,10457.0,5.0,,,,,,2.0,,,,,,,,,,,
269,knockknock,huggingface/knockknock,ml-experiments,,{},20.0,Be notified when your training is complete with only two additional lines of code.,11,False,knockknock,conda-forge/knockknock,,,,1472.0,1472.0,https://pypi.org/project/knockknock,18335.0,19609.0,https://anaconda.org/conda-forge/knockknock,2025-01-09 04:44:32.681,2025-04-22 14:57:16.064,2025-04-22 14:57:16.064000,24217.0,5.0,,,,,,3.0,,,,,,,,,,,
270,VisualDL,PaddlePaddle/VisualDL,ml-experiments,,{},37.0,,11,False,visualdl,,,,['paddle'],3628.0,3628.0,https://pypi.org/project/visualdl,199927.0,199927.0,,,,,,,,,,,,3.0,,,,,,,,,,,
271,Catalyst,catalyst-team/catalyst,ml-experiments,,{},104.0,,11,False,catalyst,,,,['pytorch'],1300.0,1300.0,https://pypi.org/project/catalyst,65889.0,65889.0,,,,,,,,,,,,3.0,,,,,,,,,,,
272,SageMaker SDK,aws/sagemaker-python-sdk,ml-experiments,,{},527.0,Open source library for training and deploying models on Amazon SageMaker.,11,False,sagemaker,conda-forge/sagemaker-python-sdk,,,,,,https://pypi.org/project/sagemaker,19062120.0,19093907.0,https://anaconda.org/conda-forge/sagemaker-python-sdk,2020-08-20 11:36:30.719,2026-05-21 10:16:09.524,2026-05-21 10:16:09.524000,2288701.0,225.0,,,,,,3.0,,,,,,,,,,,
273,MedPy,loli/medpy,medical-data,,{},20.0,Medical image processing in Python.,11,False,MedPy,conda-forge/medpy,,,,2945.0,2945.0,https://pypi.org/project/MedPy,30492.0,33537.0,https://anaconda.org/conda-forge/medpy,2021-06-26 05:26:40.356,2026-04-25 10:59:35.660,2026-04-25 10:59:35.660000,188841.0,3.0,,,,,,2.0,,,,,,,,,,,
274,NIPY,nipy/nipy,medical-data,,{},70.0,Neuroimaging in Python FMRI analysis package.,11,False,nipy,conda-forge/nipy,,,,251.0,251.0,https://pypi.org/project/nipy,5474.0,23931.0,https://anaconda.org/conda-forge/nipy,2024-07-26 12:46:26.095,2025-04-22 14:56:38.480,2025-04-22 14:56:38.480000,461437.0,3.0,,,,,,2.0,,,,,,,,,,,
275,FairScale,facebookresearch/fairscale,distributed-ml,,{},77.0,PyTorch extensions for high performance and large scale training.,11,False,fairscale,conda-forge/fairscale,,,['pytorch'],,,https://pypi.org/project/fairscale,534543.0,546580.0,https://anaconda.org/conda-forge/fairscale,2021-11-07 09:02:15.377,2025-04-22 14:58:04.549,2025-04-22 14:58:04.549000,686134.0,9.0,,,,,,2.0,BSD-3-Clause,,,,,,,,,,
276,Prophet,facebook/prophet,time-series-data,,{},196.0,Automatic Forecasting Procedure.,11,False,fbprophet,conda-forge/prophet,,,,24.0,24.0,https://pypi.org/project/fbprophet,24397.0,53079.0,https://anaconda.org/conda-forge/prophet,2021-04-14 22:10:05.951,2026-08-26 20:03:40.165,2026-08-26 20:03:40.165000,1835700.0,13.0,,,,,,2.0,,,,,,,,,,,
277,tsfresh,blue-yonder/tsfresh,time-series-data,,{},103.0,Automatic extraction of relevant features from time series.,11,False,tsfresh,conda-forge/tsfresh,,,['sklearn'],24.0,24.0,https://pypi.org/project/tsfresh,333170.0,354839.0,https://anaconda.org/conda-forge/tsfresh,2020-05-13 05:51:14.110,2026-06-13 13:50:18.940,2026-06-13 13:50:18.940000,1625226.0,18.0,,,,,,2.0,,,,,,,,,,,
278,STUMPY,TDAmeritrade/stumpy,time-series-data,,{},46.0,"STUMPY is a powerful and scalable Python library that computes something called a matrix profile, which can then be..",11,False,stumpy,conda-forge/stumpy,,,,,,https://pypi.org/project/stumpy,457191.0,474488.0,https://anaconda.org/conda-forge/stumpy,2020-06-15 15:52:12.048,2026-02-08 02:09:16.381,2026-02-08 02:09:16.381000,1280007.0,29.0,,,,,,2.0,BSD-3-Clause,,,,-5.0,,,,,,
279,scikit-surprise,NicolasHug/Surprise,recommender-systems,,{},46.0,A Python scikit for building and analyzing recommender systems.,11,False,scikit-surprise,conda-forge/scikit-surprise,,,,24.0,24.0,https://pypi.org/project/scikit-surprise,94439.0,105440.0,https://anaconda.org/conda-forge/scikit-surprise,2020-07-19 15:23:16.043,2026-06-02 08:01:57.981,2026-06-02 08:01:57.981000,803095.0,10.0,,,,,,2.0,,,,,,,,,,,
280,librosa,librosa/librosa,audio,,{},140.0,Python module for audio and music processing.,11,False,librosa,conda-forge/librosa,,,,,,https://pypi.org/project/librosa,11027843.0,11052329.0,https://anaconda.org/conda-forge/librosa,2020-07-22 10:27:16.474,2026-08-11 15:54:43.554,2026-08-11 15:54:43.554000,1787538.0,25.0,,,,,,2.0,,,,,,,,,,,
281,audiomentations,iver56/audiomentations,audio,,{},34.0,,11,False,audiomentations,,,,,918.0,918.0,https://pypi.org/project/audiomentations,235084.0,235084.0,,,,,,,,,,,,2.0,,,,,,,,,,,
282,aubio,aubio/aubio,audio,,{},32.0,tools for audio and music analysis and transformation.,11,False,aubio,conda-forge/aubio,,,,597.0,597.0,https://pypi.org/project/aubio,18969.0,40741.0,https://anaconda.org/conda-forge/aubio,2017-03-19 18:06:20.550,2025-04-22 14:56:33.269,2025-04-22 14:56:33.269000,2460284.0,7.0,,,,,,2.0,,,,,,,,,,,
283,tensorflow-probability,tensorflow/probability,probabilistics,,{},512.0,TensorFlow Probability is a library for probabilistic reasoning and statistical analysis in TensorFlow.,11,False,tensorflow-probability,conda-forge/tensorflow-probability,,,['tensorflow'],5.0,5.0,https://pypi.org/project/tensorflow-probability,1170808.0,1174386.0,https://anaconda.org/conda-forge/tensorflow-probability,2021-02-10 20:08:37.772,2025-11-05 10:36:05.008,2025-11-05 10:36:05.008000,236193.0,20.0,,,,,,3.0,,,,,,,,,,,
284,GPflow,GPflow/GPflow,probabilistics,,{},85.0,Gaussian processes in TensorFlow.,11,False,gpflow,conda-forge/gpflow,,,['tensorflow'],807.0,807.0,https://pypi.org/project/gpflow,44272.0,45473.0,https://anaconda.org/conda-forge/gpflow,2022-02-02 14:43:05.929,2025-04-22 14:56:50.649,2025-04-22 14:56:50.649000,64892.0,7.0,,,,,,3.0,,,,,,,,,,,
285,ART,Trusted-AI/adversarial-robustness-toolbox,adversarial,,{},145.0,Toolbox for adversarial machine learning.,11,False,adversarial-robustness-toolbox,conda-forge/adversarial-robustness-toolbox,,,,821.0,821.0,https://pypi.org/project/adversarial-robustness-toolbox,15956.0,17441.0,https://anaconda.org/conda-forge/adversarial-robustness-toolbox,2020-07-24 16:49:13.769,2025-07-07 22:05:57.819,2025-07-07 22:05:57.819000,108420.0,37.0,,,,,,1.0,,,,,,,,,,,
286,Foolbox,bethgelab/foolbox,adversarial,,{},35.0,"Foolbox Native is an adversarial attacks library that works natively with PyTorch, TensorFlow and JAX.",11,False,foolbox,conda-forge/foolbox,,,,778.0,778.0,https://pypi.org/project/foolbox,15422.0,15739.0,https://anaconda.org/conda-forge/foolbox,2020-07-06 12:59:52.009,2025-04-22 14:57:29.383,2025-04-22 14:57:29.383000,23185.0,5.0,,,,,,1.0,,,,,,,,,,,
287,TextAttack,QData/TextAttack,adversarial,,{},74.0,Generating adversarial examples for NLP models.,11,False,textattack,conda-forge/textattack,,,,436.0,436.0,https://pypi.org/project/textattack,41909.0,42100.0,https://anaconda.org/conda-forge/textattack,2020-09-28 19:49:15.208,2025-04-22 14:57:36.874,2025-04-22 14:57:36.874000,13610.0,4.0,,,,,,1.0,,,,,,,,,,,
288,TFX,tensorflow/tfx,tensorflow-utils,,{},199.0,,11,False,tfx,,,,['tensorflow'],1867.0,1867.0,https://pypi.org/project/tfx,22302.0,22302.0,,,,,,,,,,,,2.0,,,,,,,,,,,
289,imbalanced-learn,scikit-learn-contrib/imbalanced-learn,sklearn-utils,,{},90.0,Python module to balance data set using under- and over-sampling.,11,False,imbalanced-learn,conda-forge/imbalanced-learn,,,['sklearn'],,,https://pypi.org/project/imbalanced-learn,12012813.0,12024522.0,https://anaconda.org/conda-forge/imbalanced-learn,2020-06-09 15:38:02.306,2026-06-07 21:56:18.335,2026-06-07 21:56:18.335000,866503.0,27.0,,,,,,2.0,,,,,,,,,,,
290,BioPandas,rasbt/biopandas,others,,{},19.0,Molecular Structures in Pandas DataFrames.,11,False,biopandas,conda-forge/biopandas,,,['pandas'],414.0,414.0,https://pypi.org/project/biopandas,36216.0,41606.0,https://anaconda.org/conda-forge/biopandas,2020-08-04 11:39:32.572,2026-08-25 14:54:10.199,2026-08-25 14:54:10.199000,388119.0,13.0,,,,,,2.0,,,,,,,,,,,
291,metricflow,transform-data/metricflow,others,,{},61.0,,11,False,metricflow,,,,,175.0,175.0,https://pypi.org/project/metricflow,8395458.0,8395458.0,,,,,,,,,,,,2.0,,,,,,,,,,,
292,gplearn,trevorstephens/gplearn,others,,{},13.0,"gplearn implements Genetic Programming in Python, with a scikit-learn inspired and compatible API.",11,False,gplearn,conda-forge/gplearn,,,['sklearn'],748.0,748.0,https://pypi.org/project/gplearn,61836.0,62027.0,https://anaconda.org/conda-forge/gplearn,2020-06-18 15:08:16.907,2026-01-07 23:59:23.701,2026-01-07 23:59:23.701000,14146.0,3.0,,,,,,2.0,,,,,,,,,,,
293,carla,carla-simulator/carla,others,,{},203.0,,11,False,carla,,,,,1127.0,1127.0,https://pypi.org/project/carla,23779.0,23779.0,,,,,,,,,,,,2.0,,,,,,,,,,,
294,minisom,JustGlowing/minisom,others,,{},32.0,,11,False,minisom,,,,,941.0,941.0,https://pypi.org/project/minisom,34773.0,34773.0,,,,,,,,,,,,2.0,CC-BY-3.0,,,,,,,,,,
295,Geomstats,geomstats/geomstats,ml-frameworks,,{},101.0,Geometric statistics on manifolds.,10,False,geomstats,conda-forge/geomstats,,https://geomstats.github.io/,,164.0,164.0,https://pypi.org/project/geomstats,16487.0,16718.0,https://anaconda.org/conda-forge/geomstats,2022-06-01 11:18:15.215,2025-04-22 14:58:18.165,2025-04-22 14:58:18.165000,11580.0,4.0,,,,,,3.0,,,,,,,,,,,
296,Vowpal Wabbit,VowpalWabbit/vowpal_wabbit,ml-frameworks,,{},343.0,Vowpal Wabbit Python package.,10,False,vowpalwabbit,conda-forge/vowpalwabbit,,,,2.0,2.0,https://pypi.org/project/vowpalwabbit,34732.0,42245.0,https://anaconda.org/conda-forge/vowpalwabbit,2020-10-06 12:47:15.817,2025-04-22 14:57:07.942,2025-04-22 14:57:07.942000,525917.0,15.0,,,,,,3.0,BSD-3-Clause,,,,,,,,,,
297,PyFlink,apache/flink,ml-frameworks,,{},2131.0,Apache Flink Python API.,10,False,apache-flink,,,,,24.0,24.0,https://pypi.org/project/apache-flink,225039.0,225039.0,,,,,,,,,,,,3.0,,,,,,,,,,,
298,SciSpacy,allenai/scispacy,nlp,,{},40.0,,10,False,scispacy,,,,,1381.0,1381.0,https://pypi.org/project/scispacy,47993.0,47993.0,,,,,,,,,,,,3.0,,,,,,,,,,,
299,scattertext,JasonKessler/scattertext,nlp,,{},14.0,Beautiful visualizations of how language differs among document types.,10,False,scattertext,conda-forge/scattertext,,,,671.0,671.0,https://pypi.org/project/scattertext,6171.0,8412.0,https://anaconda.org/conda-forge/scattertext,2017-08-25 05:29:58.550,2025-04-22 14:56:39.793,2025-04-22 14:56:39.793000,242085.0,18.0,,,,,,3.0,,,,,,,,,,,
300,OpenNMT,OpenNMT/OpenNMT-py,nlp,,{},191.0,,10,False,OpenNMT-py,,,,['pytorch'],357.0,357.0,https://pypi.org/project/OpenNMT-py,11254.0,11254.0,,,,,,,,,,,,3.0,,,,,,,,,,,
301,YouTokenToMe,vkcom/youtokentome,nlp,,{},8.0,Unsupervised text tokenizer focused on computational efficiency.,10,False,youtokentome,conda-forge/youtokentome,,,,840.0,840.0,https://pypi.org/project/youtokentome,11742.0,14244.0,https://anaconda.org/conda-forge/youtokentome,2021-09-07 10:34:42.701,2025-10-27 19:11:49.313,2025-10-27 19:11:49.313000,147656.0,4.0,,,,,,3.0,,,,,,,,,,,
302,NeMo,NVIDIA/NeMo,nlp,,{},503.0,,10,False,nemo-toolkit,,,,['pytorch'],24.0,24.0,https://pypi.org/project/nemo-toolkit,1019843.0,1019843.0,,,,,,,,,,,,3.0,,,,,,,,,,,
303,PyTextRank,DerwenAI/pytextrank,nlp,,{},19.0,,10,False,pytextrank,,,,,918.0,918.0,https://pypi.org/project/pytextrank,112012.0,112012.0,,,,,,,,,,,,3.0,,,,,,,,,,,
304,Augmentor,mdbloice/Augmentor,image,,{},23.0,,10,False,Augmentor,,,,,969.0,969.0,https://pypi.org/project/Augmentor,9281.0,9281.0,,,,,,,,,,,,3.0,,,,,,,,,,,
305,imageai,OlafenwaMoses/ImageAI,image,,{},19.0,A python library built to empower developers to build applications and systems with self-contained Computer Vision..,10,False,imageai,conda-forge/imageai,,,,1807.0,1807.0,https://pypi.org/project/imageai,3129.0,3292.0,https://anaconda.org/conda-forge/imageai,2020-07-24 17:05:55.052,2025-04-22 14:57:32.711,2025-04-22 14:57:32.711000,11934.0,2.0,,,,,,3.0,,,,,,,,,,,
306,Norfair,tryolabs/norfair,image,,{},32.0,,10,False,norfair,,,,,369.0,369.0,https://pypi.org/project/norfair,113078.0,113078.0,,,,,,,,,,,,3.0,,,,,,,,,,,
307,lightly,lightly-ai/lightly,image,,{},93.0,,10,False,lightly,,,,['pytorch'],648.0,648.0,https://pypi.org/project/lightly,156371.0,156371.0,,,,,,,,,,,,3.0,,,,,,,,,,,
308,Tesseract,madmaze/pytesseract,ocr,,{},47.0,Python-tesseract is an optical character recognition (OCR) tool for python.,10,False,pytesseract,conda-forge/pytesseract,,,,,,https://pypi.org/project/pytesseract,22711028.0,22721898.0,https://anaconda.org/conda-forge/pytesseract,2020-07-25 19:44:39.224,2025-04-22 14:57:07.821,2025-04-22 14:57:07.821000,793555.0,17.0,,,,,,3.0,,,,,,,,,,,
309,UMAP,lmcinnes/umap,data-viz,,{},148.0,Uniform Manifold Approximation and Projection.,10,False,umap-learn,conda-forge/umap-learn,,,,1.0,1.0,https://pypi.org/project/umap-learn,6675761.0,6729137.0,https://anaconda.org/conda-forge/umap-learn,2020-06-05 04:42:03.905,2026-04-09 00:32:16.119,2026-04-09 00:32:16.119000,3949874.0,31.0,,,,,,3.0,,,,,,,,,,,
310,PyWaffle,gyli/PyWaffle,data-viz,,{},6.0,A FigureClass of Matplotlib to make waffle chart.,10,False,pywaffle,conda-forge/pywaffle,,,,562.0,562.0,https://pypi.org/project/pywaffle,22078.0,22387.0,https://anaconda.org/conda-forge/pywaffle,2020-10-03 02:41:37.247,2025-04-22 14:56:58.537,2025-04-22 14:56:58.537000,21641.0,5.0,,,,,,3.0,,,,,,,,,,,
311,causalml,uber/causalml,interpretability,,{},84.0,,10,False,causalml,,,,,335.0,335.0,https://pypi.org/project/causalml,91516.0,91516.0,,,,,,,,,,,,2.0,,,,,,,,,,,
312,fairlearn,fairlearn/fairlearn,interpretability,,{},124.0,Simple and easy fairness assessment and unfairness mitigation.,10,False,fairlearn,conda-forge/fairlearn,,,['sklearn'],3.0,3.0,https://pypi.org/project/fairlearn,185705.0,186708.0,https://anaconda.org/conda-forge/fairlearn,2020-11-11 16:56:32.994,2026-06-08 10:56:38.371,2026-06-08 10:56:38.371000,69232.0,16.0,,,,,,2.0,,,,,,,,,,,
313,Alibi,SeldonIO/alibi,interpretability,,{},25.0,,10,False,alibi,,,,,861.0,861.0,https://pypi.org/project/alibi,14694.0,14694.0,,,,,,,,,,,,2.0,,,,,,,,,,,
314,Alphalens,quantopian/alphalens,financial-data,,{},26.0,Performance analysis of predictive (alpha) stock factors.,10,False,alphalens,conda-forge/alphalens,,,,761.0,761.0,https://pypi.org/project/alphalens,1596.0,1938.0,https://anaconda.org/conda-forge/alphalens,2018-02-16 18:31:40.483,2025-04-22 14:56:47.205,2025-04-22 14:56:47.205000,34947.0,3.0,,,,,,3.0,,,,,,,,,,,
315,stockstats,jealous/stockstats,financial-data,,{},12.0,,10,False,stockstats,,,,,1445.0,1445.0,https://pypi.org/project/stockstats,200621.0,200621.0,,,,,,,,,,,,3.0,,,,,,,,,,,
316,AutoKeras,keras-team/autokeras,hyperopt,,{},148.0,,10,False,autokeras,,,,['tensorflow'],947.0,947.0,https://pypi.org/project/autokeras,10529.0,10529.0,,,,,,,,,,,,3.0,,,,,,,,,,,
317,mljar-supervised,mljar/mljar-supervised,hyperopt,,{},30.0,Automated Machine Learning Pipeline with Feature Engineering and Hyper-Parameters Tuning.,10,False,mljar-supervised,conda-forge/mljar-supervised,,,,176.0,176.0,https://pypi.org/project/mljar-supervised,8557.0,9755.0,https://anaconda.org/conda-forge/mljar-supervised,2021-06-09 11:24:39.196,2026-05-29 16:26:31.878,2026-05-29 16:26:31.878000,74307.0,29.0,,,,,,3.0,,,,,,,,,,,
318,auto-sklearn,automl/auto-sklearn,hyperopt,,{},89.0,Automated machine learning.,10,False,auto-sklearn,conda-forge/auto-sklearn,,,['sklearn'],769.0,769.0,https://pypi.org/project/auto-sklearn,5480.0,6159.0,https://anaconda.org/conda-forge/auto-sklearn,2021-04-05 18:05:48.879,2025-04-22 14:57:49.654,2025-04-22 14:57:49.654000,43490.0,11.0,,,,,,3.0,,,,,,,,,,,
319,Acme,deepmind/acme,reinforcement-learning,,{},91.0,A Python library for Reinforcement Learning.,10,False,dm-acme,conda-forge/dm-acme,,,['tensorflow'],321.0,321.0,https://pypi.org/project/dm-acme,1878.0,2134.0,https://anaconda.org/conda-forge/dm-acme,2020-11-19 20:50:22.810,2025-04-22 14:57:40.447,2025-04-22 14:57:40.447000,17690.0,5.0,,,,,,2.0,,,,,,,,,,,
320,MNE,mne-tools/mne-python,medical-data,,{},461.0,MNE-Python is a software for MEG and EEG data analysis.,10,False,mne,conda-forge/mne,,,,,,https://pypi.org/project/mne,461827.0,473332.0,https://anaconda.org/conda-forge/mne,2020-05-19 23:08:48.350,2026-04-20 20:38:15.777,2026-04-20 20:38:15.777000,862892.0,69.0,,,,,,3.0,,,,,,,,,,,
321,petastorm,uber/petastorm,distributed-ml,,{},52.0,,10,False,petastorm,,,,,421.0,421.0,https://pypi.org/project/petastorm,177375.0,177375.0,,,,,,,,,,,,2.0,,,,,,,,,,,
322,Darts,unit8co/darts,time-series-data,,{},164.0,A python library for user-friendly forecasting and anomaly detection on time series.,10,False,u8darts,conda-forge/u8darts-all,unit8/darts,,,,,https://pypi.org/project/u8darts,86987.0,89063.0,https://anaconda.org/conda-forge/u8darts-all,2021-07-30 09:48:56.369,2026-07-20 14:21:54.140,2026-07-20 14:21:54.140000,122900.0,47.0,https://hub.docker.com/r/unit8/darts,2026-07-20 10:26:36.528437,,,3806.0,2.0,,,,,,,,,,,
323,skforecast,JoaquinAmatRodrigo/skforecast,time-series-data,,{},36.0,,10,False,skforecast,,,,['sklearn'],505.0,505.0,https://pypi.org/project/skforecast,150341.0,150341.0,,,,,,,,,,,,2.0,,,,,,,,,,,
324,torchrec,pytorch/torchrec,recommender-systems,,{},499.0,,10,False,torchrec,,,,,280.0,280.0,https://pypi.org/project/torchrec,19129.0,19129.0,,,,,,,,,,,,2.0,,,,,,,,,,,
325,espnet,espnet/espnet,audio,,{},566.0,,10,False,espnet,,,,,504.0,504.0,https://pypi.org/project/espnet,28418.0,28418.0,,,,,,,,,,,,3.0,,,,,,,,,,,
326,python_speech_features,jameslyons/python_speech_features,audio,,{},19.0,,10,False,python_speech_features,,,,,1124.0,1124.0,https://pypi.org/project/python_speech_features,97665.0,97665.0,,,,,,,,,,,,3.0,,,,,,,,,,,
327,DeepSpeech,mozilla/DeepSpeech,audio,,{},163.0,A library for running inference on a DeepSpeech model.,10,False,deepspeech,conda-forge/deepspeech,,,['tensorflow'],547.0,547.0,https://pypi.org/project/deepspeech,3036.0,3114.0,https://anaconda.org/conda-forge/deepspeech,2021-07-29 19:26:01.146,2025-04-22 14:57:58.207,2025-04-22 14:57:58.207000,4788.0,1.0,,,,,,3.0,,,,,,,,,,,
328,Porcupine,Picovoice/Porcupine,audio,,{},45.0,,10,False,pvporcupine,,,,,56.0,56.0,https://pypi.org/project/pvporcupine,1222720.0,1222720.0,,,,,,,,,,,,3.0,,,,,,,,,,,
329,Pyro,pyro-ppl/pyro,probabilistics,,{},163.0,A Python library for probabilistic modeling and inference.,10,False,pyro-ppl,conda-forge/pyro-ppl,,,['pytorch'],,,https://pypi.org/project/pyro-ppl,1290024.0,1295579.0,https://anaconda.org/conda-forge/pyro-ppl,2021-03-05 15:30:58.525,2025-04-22 14:57:47.967,2025-04-22 14:57:47.967000,361082.0,11.0,,,,,,3.0,,,,,,,,,,,
330,CleverHans,cleverhans-lab/cleverhans,adversarial,,{},131.0,"This repository contains the source code for CleverHans, a Python library to benchmark machine learning systems..",10,False,cleverhans,conda-forge/cleverhans,,,['tensorflow'],845.0,845.0,https://pypi.org/project/cleverhans,1021.0,1213.0,https://anaconda.org/conda-forge/cleverhans,2020-06-24 23:14:07.928,2025-04-22 14:57:28.932,2025-04-22 14:57:28.932000,14237.0,3.0,,,,,,3.0,,,,,,,,,,,
331,lightning-flash,Lightning-AI/lightning-flash,pytorch-utils,,{},87.0,Your PyTorch AI Factory - Flash enables you to easily configure and run complex AI recipes.,10,False,lightning-flash,conda-forge/lightning-flash,,,['pytorch'],323.0,323.0,https://pypi.org/project/lightning-flash,1735.0,2431.0,https://anaconda.org/conda-forge/lightning-flash,2021-08-24 20:02:16.116,2025-04-22 14:57:59.303,2025-04-22 14:57:59.303000,41796.0,14.0,,,,,,2.0,,,,,,,,,,,
332,detecto,alankbi/detecto,pytorch-utils,,{},12.0,Build fully-functioning computer vision models with PyTorch.,10,False,detecto,conda-forge/detecto,,,['pytorch'],196.0,196.0,https://pypi.org/project/detecto,11149.0,11310.0,https://anaconda.org/conda-forge/detecto,2021-06-09 14:10:48.390,2025-04-22 14:57:54.494,2025-04-22 14:57:54.494000,10029.0,2.0,,,,,,2.0,,,,,,,,,,,
333,scikit-multilearn,scikit-multilearn/scikit-multilearn,sklearn-utils,,{},28.0,,10,False,scikit-multilearn,,,,['sklearn'],2217.0,2217.0,https://pypi.org/project/scikit-multilearn,48581.0,48581.0,,,,,,,,,,,,3.0,,,,,,,,,,,
334,metric-learn,scikit-learn-contrib/metric-learn,sklearn-utils,,{},25.0,Python implementations of metric learning algorithms.,10,False,metric-learn,conda-forge/metric-learn,,,['sklearn'],506.0,506.0,https://pypi.org/project/metric-learn,6218.0,6511.0,https://anaconda.org/conda-forge/metric-learn,2020-07-01 11:28:55.023,2025-04-22 14:57:23.763,2025-04-22 14:57:23.763000,21400.0,4.0,,,,,,3.0,,,,,,,,,,,
335,alibi-detect,SeldonIO/alibi-detect,others,,{},28.0,,10,False,alibi-detect,,,,,652.0,652.0,https://pypi.org/project/alibi-detect,70366.0,70366.0,,,,,,,,,,,,3.0,,,,,,,,,,,
336,anomalib,openvinotoolkit/anomalib,ml-frameworks,,{},121.0,,9,False,anomalib,,,,,223.0,223.0,https://pypi.org/project/anomalib,36696.0,36696.0,,,,,,,,,,,,3.0,,,,,,,,,,,
337,Aesara,aesara-devs/aesara,ml-frameworks,,{},595.0,An optimizing compiler for evaluating mathematical expressions.,9,False,aesara,conda-forge/aesara,,,,,,https://pypi.org/project/aesara,39798.0,72264.0,https://anaconda.org/conda-forge/aesara,2021-02-13 08:34:03.335,2025-04-22 14:57:46.430,2025-04-22 14:57:46.430000,2142787.0,72.0,,,,,,3.0,,,,,,,,,,,
338,Ludwig,ludwig-ai/ludwig,ml-frameworks,,{},160.0,,9,False,ludwig,,,,['tensorflow'],367.0,367.0,https://pypi.org/project/ludwig,2075.0,2075.0,,,,,,,,,,,,3.0,,,,,4.0,,,,,,
339,mlpack,mlpack/mlpack,ml-frameworks,,{},341.0,"mlpack: a fast, header-only machine learning library.",9,False,mlpack,conda-forge/mlpack,,,,,,https://pypi.org/project/mlpack,2036.0,9007.0,https://anaconda.org/conda-forge/mlpack,2020-06-19 07:49:40.555,2026-06-20 14:06:36.438,2026-06-20 14:06:36.438000,515897.0,17.0,,,,,,3.0,,,,,,,,,,,
340,sense2vec,explosion/sense2vec,nlp,,{},20.0,word2vec with NLP-specific tokens.,9,False,sense2vec,conda-forge/sense2vec,,,,474.0,474.0,https://pypi.org/project/sense2vec,2270.0,3608.0,https://anaconda.org/conda-forge/sense2vec,2021-07-14 13:11:50.060,2025-04-22 14:57:12.924,2025-04-22 14:57:12.924000,81619.0,3.0,,,,,,3.0,,,,,,,,,,,
341,adapters,Adapter-Hub/adapters,nlp,,{},18.0,,9,False,adapters,,,,['huggingface'],288.0,288.0,https://pypi.org/project/adapters,66168.0,66168.0,,,,,,,,,,,,3.0,,,,,,,,,,,
342,PaddleSeg,PaddlePaddle/PaddleSeg,image,,{},131.0,,9,False,paddleseg,,,,['paddle'],1496.0,1496.0,https://pypi.org/project/paddleseg,1766.0,1766.0,,,,,,,,,,,,3.0,,,,,,,,,,,
343,opencv-python,opencv/opencv-python,image,,{},62.0,,9,False,opencv-python,,,,,,,https://pypi.org/project/opencv-python,51954868.0,51954868.0,,,,,,,,,,,,3.0,,,,,,,,,,,
344,keras-ocr,faustomorales/keras-ocr,ocr,,{},19.0,A packaged and flexible version of the CRAFT text detector and Keras CRNN recognition model.,9,False,keras-ocr,anaconda/keras-ocr,,,['tensorflow'],720.0,720.0,https://pypi.org/project/keras-ocr,18512.0,18519.0,https://anaconda.org/anaconda/keras-ocr,2020-11-13 22:43:29.643,2025-04-22 15:32:32.089,2025-04-22 15:32:32.089000,508.0,1.0,,,,,,3.0,,,,,,,,,,,
345,Chartify,spotify/chartify,data-viz,,{},27.0,Python library to make plotting simpler for data scientists.,9,False,chartify,conda-forge/chartify,,,,86.0,86.0,https://pypi.org/project/chartify,2041.0,2536.0,https://anaconda.org/conda-forge/chartify,2018-11-26 21:34:46.186,2025-04-22 14:56:57.373,2025-04-22 14:56:57.373000,46086.0,10.0,,,,,,3.0,,,,,,,,,,,
346,lets-plot,JetBrains/lets-plot,data-viz,,{},23.0,,9,False,lets-plot,,,,,215.0,215.0,https://pypi.org/project/lets-plot,53000.0,53000.0,,,,,,,,,,,,3.0,,,,,,,,,,,
347,PandasGUI,adamerose/pandasgui,data-viz,,{},15.0,A GUI for Pandas DataFrames.,9,False,pandasgui,conda-forge/pandasgui,,,['pandas'],534.0,534.0,https://pypi.org/project/pandasgui,2762.0,3460.0,https://anaconda.org/conda-forge/pandasgui,2021-01-27 21:17:12.748,2025-04-22 14:57:45.598,2025-04-22 14:57:45.598000,46822.0,2.0,,,,,,3.0,,,,,,,,,,,
348,yellowbrick,DistrictDataLabs/yellowbrick,interpretability,,{},113.0,A suite of visual analysis and diagnostic tools for machine learning.,9,False,yellowbrick,conda-forge/yellowbrick,,,['sklearn'],,,https://pypi.org/project/yellowbrick,526375.0,527966.0,https://anaconda.org/conda-forge/yellowbrick,2020-08-07 07:09:40.588,2025-04-22 14:57:33.497,2025-04-22 14:57:33.497000,114596.0,6.0,,,,,,2.0,,,,,,,,,,,
349,shapash,MAIF/shapash,interpretability,,{},49.0,,9,False,shapash,,,,['jupyter'],202.0,202.0,https://pypi.org/project/shapash,8536.0,8536.0,,,,,,,,,,,,2.0,,,,,,,,,,,
350,Deep Checks,deepchecks/deepchecks,interpretability,,{},56.0,,9,False,deepchecks,,,,,556.0,556.0,https://pypi.org/project/deepchecks,25746.0,25746.0,,,,,,,,,,,,2.0,,,,,,,,,,,
351,checklist,marcotcr/checklist,interpretability,,{},15.0,Beyond Accuracy: Behavioral Testing of NLP Models with CheckList.,9,False,checklist,conda-forge/checklist,,,['jupyter'],385.0,385.0,https://pypi.org/project/checklist,7040.0,7221.0,https://anaconda.org/conda-forge/checklist,2021-01-12 20:24:37.883,2025-04-22 14:57:44.390,2025-04-22 14:57:44.390000,12183.0,2.0,,,,,,2.0,,,,,,,,,,,
352,aequitas,dssg/aequitas,interpretability,,{},23.0,,9,False,aequitas,,,,,210.0,210.0,https://pypi.org/project/aequitas,17996.0,17996.0,,,,,,,,,,,,2.0,,,,,,,,,,,
353,Karate Club,benedekrozemberczki/karateclub,graph,,{},20.0,"A general purpose library for community detection, network embedding, and graph mining research.",9,False,karateclub,conda-forge/karateclub,,,,336.0,336.0,https://pypi.org/project/karateclub,7302.0,7889.0,https://anaconda.org/conda-forge/karateclub,2020-07-28 15:27:56.544,2025-04-22 14:57:32.844,2025-04-22 14:57:32.844000,42917.0,12.0,,,,,,2.0,,,,,,,,,,,
354,PyKEEN,pykeen/pykeen,graph,,{},47.0,,9,False,pykeen,,,,,376.0,376.0,https://pypi.org/project/pykeen,10081.0,10081.0,,,,,,,,,,,,2.0,,,,,,,,,,,
355,prettymaps,marceloprates/prettymaps,geospatial-data,,{},23.0,A simple python library to draw pretty maps from OpenStreetMap data.,9,False,prettymaps,conda-forge/prettymaps,,,,74.0,74.0,https://pypi.org/project/prettymaps,3387.0,3598.0,https://anaconda.org/conda-forge/prettymaps,2022-01-08 18:08:24.113,2025-06-11 22:55:39.146,2025-06-11 22:55:39.146000,11645.0,7.0,,,,,,3.0,,,,,,,,,,,
356,TensorTrade,tensortrade-org/tensortrade,financial-data,,{},62.0,"TensorTrade: A reinforcement learning library for training, evaluating, and deploying robust trading agents.",9,False,tensortrade,conda-forge/tensortrade,,,,74.0,74.0,https://pypi.org/project/tensortrade,1219.0,1329.0,https://anaconda.org/conda-forge/tensortrade,2021-04-21 17:04:20.505,2026-02-09 18:23:25.158,2026-02-09 18:23:25.158000,7078.0,3.0,,,,,,3.0,,,,,,,,,,,
357,IB-insync,erdewit/ib_insync,financial-data,,{},36.0,Python sync/async framework for Interactive Brokers API.,9,False,ib_insync,conda-forge/ib-insync,,,,,,https://pypi.org/project/ib_insync,1024779.0,1025714.0,https://anaconda.org/conda-forge/ib-insync,2019-07-23 15:47:08.281,2025-04-22 14:57:08.534,2025-04-22 14:57:08.534000,79533.0,22.0,,,,,,3.0,,,,,,,,,,,
358,ta-lib-python,TA-Lib/ta-lib-python,financial-data,,{},41.0,Python wrapper for TA-Lib.,9,False,TA-Lib,conda-forge/ta-lib,,,,,,https://pypi.org/project/TA-Lib,902888.0,916401.0,https://anaconda.org/conda-forge/ta-lib,2020-09-29 19:30:19.177,2025-10-26 02:08:50.502,2025-10-26 02:08:50.502000,959489.0,7.0,,,,,,3.0,,,,,,,,,,,
359,Qlib,microsoft/qlib,financial-data,,{},152.0,,9,False,pyqlib,,,,['pytorch'],24.0,24.0,https://pypi.org/project/pyqlib,62417.0,62417.0,,,,,,,,,,,,3.0,,,,,,,,,,,
360,ml-metadata,google/ml-metadata,ml-experiments,,{},24.0,,9,False,ml-metadata,,,,,742.0,742.0,https://pypi.org/project/ml-metadata,37888.0,37888.0,,,,,,,,,,,,3.0,,,,,,,,,,,
361,SKLL,EducationalTestingService/skll,ml-experiments,,{},39.0,SciKit-Learn Laboratory makes it easier to run machine learning experiments with scikit-learn.,9,False,skll,conda-forge/skll,,,['sklearn'],50.0,50.0,https://pypi.org/project/skll,1314.0,1859.0,https://anaconda.org/conda-forge/skll,2021-11-29 23:26:59.283,2025-04-22 14:58:06.094,2025-04-22 14:58:06.094000,31121.0,9.0,,,,,,3.0,,,,,,,,,,,
362,trl,huggingface/trl,reinforcement-learning,,{},520.0,,9,False,trl,,,,,1.0,1.0,https://pypi.org/project/trl,4040615.0,4040615.0,,,,,,,,,,,,2.0,,,,,,,,,,,
363,RLax,deepmind/rlax,reinforcement-learning,,{},24.0,,9,False,rlax,,,,['jax'],447.0,447.0,https://pypi.org/project/rlax,54114.0,54114.0,,,,,,,,,,,,2.0,,,,,,,,,,,
364,ViZDoom,mwydmuch/ViZDoom,reinforcement-learning,,{},59.0,,9,False,vizdoom,,,,,358.0,358.0,https://pypi.org/project/vizdoom,12362.0,12362.0,,,,,,,,,,,,2.0,,,,,,,,,,,
365,Hail,hail-is/hail,medical-data,,{},103.0,,9,False,hail,,,,['spark'],189.0,189.0,https://pypi.org/project/hail,65713.0,65713.0,,,,,,,,,,,,3.0,,,,,,,,,,,
366,Elephas,danielenricocahall/elephas,distributed-ml,,{},30.0,Deep learning on Spark with Keras.,9,False,elephas,conda-forge/elephas,,,"['keras', 'spark']",79.0,79.0,https://pypi.org/project/elephas,1597.0,1854.0,https://anaconda.org/conda-forge/elephas,2019-08-19 17:33:26.070,2025-04-22 14:57:10.644,2025-04-22 14:57:10.644000,21654.0,4.0,,,,,,3.0,,,,,,,,,,,
367,tsai,timeseriesAI/tsai,time-series-data,,{},25.0,,9,False,tsai,conda-forge/tsai,,,,288.0,288.0,https://pypi.org/project/tsai,14975.0,14975.0,https://anaconda.org/conda-forge/tsai,,,,,,,,,,,3.0,,,,,,,,,,,
368,NeuralForecast,Nixtla/neuralforecast,time-series-data,,{},69.0,Deep Learning for Time Series Forecasting.,9,False,neuralforecast,conda-forge/neuralforecast,,,,,,https://pypi.org/project/neuralforecast,278568.0,279920.0,https://anaconda.org/conda-forge/neuralforecast,2022-03-23 16:16:31.657,2026-08-04 22:37:00.328,2026-08-04 22:37:00.328000,71658.0,39.0,,,,,,3.0,,,,,,,,,,,
369,TSFEL,fraunhoferportugal/tsfel,time-series-data,,{},21.0,,9,False,tsfel,,,,,226.0,226.0,https://pypi.org/project/tsfel,34907.0,34907.0,,,,,,,,,,,,3.0,,,,,,,,,,,
370,voyager,spotify/voyager,nn-search,,{},8.0,,9,False,voyager,,,,,243.0,243.0,https://pypi.org/project/voyager,162589.0,162589.0,,,,,,,,,,,,3.0,,,,,,,,,,,
371,chroma,chroma-core/chroma,nn-search,,{},195.0,,9,False,chromadb,,,,,,,https://pypi.org/project/chromadb,12467207.0,12467207.0,,,,,,,,,,,,3.0,,,,,,,,,,,
372,Recommenders,microsoft/recommenders,recommender-systems,,{},154.0,,9,False,recommenders,,,,,181.0,181.0,https://pypi.org/project/recommenders,15332.0,15332.0,,,,,,,,,,,,2.0,,,,,,,,,,,
373,Madmom,CPJKU/madmom,audio,,{},24.0,,9,False,madmom,,,,,538.0,538.0,https://pypi.org/project/madmom,12943.0,12943.0,,,,,,,,,,,,3.0,,,,,,,,,,,
374,nnAudio,KinWaiCheuk/nnAudio,audio,,{},17.0,,9,False,nnAudio,,,,,463.0,463.0,https://pypi.org/project/nnAudio,155007.0,155007.0,,,,,,,,,,,,3.0,,,,,,,,,,,
375,torchaudio,pytorch/audio,audio,,{},251.0,,9,False,torchaudio,,,,['pytorch'],,,https://pypi.org/project/torchaudio,8376552.0,8376552.0,,,,,,,,,,,,3.0,,,,,,,,,,,
376,python-soundfile,bastibe/python-soundfile,audio,,{},44.0,"SoundFile is an audio library based on libsndfile, CFFI, and NumPy.",9,False,soundfile,anaconda/pysoundfile,,,,,,https://pypi.org/project/soundfile,33072090.0,33072154.0,https://anaconda.org/anaconda/pysoundfile,2026-03-03 08:12:51.546,2026-03-23 19:15:41.390,2026-03-23 19:15:41.390000,321.0,1.0,,,,,,3.0,,,,,,,,,,,
377,DDSP,magenta/ddsp,audio,,{},36.0,Differentiable Digital Signal Processing.,9,False,ddsp,conda-forge/ddsp,,,['tensorflow'],74.0,74.0,https://pypi.org/project/ddsp,1745.0,2135.0,https://anaconda.org/conda-forge/ddsp,2020-06-03 13:14:40.638,2025-04-22 14:57:27.526,2025-04-22 14:57:27.526000,28925.0,3.0,,,,,,3.0,,,,,,,,,,,
378,hls4ml,fastmachinelearning/hls4ml,model-serialisation,,{},93.0,Machine learning in FPGAs using HLS.,9,False,hls4ml,conda-forge/hls4ml,,,"['tensorflow', 'pytorch']",59.0,59.0,https://pypi.org/project/hls4ml,2293.0,2491.0,https://anaconda.org/conda-forge/hls4ml,2020-09-29 21:06:25.423,2025-04-22 14:57:36.962,2025-04-22 14:57:36.962000,14097.0,4.0,,,,,,3.0,,,,,,,,,,,
379,Baal,baal-org/baal,probabilistics,,{},25.0,Library for bayesian active learning.,9,False,baal,conda-forge/baal,,,,76.0,76.0,https://pypi.org/project/baal,1240.0,1507.0,https://anaconda.org/conda-forge/baal,2021-01-20 20:35:22.269,2025-04-22 14:57:44.821,2025-04-22 14:57:44.821000,17952.0,5.0,,,,,,3.0,,,,,,,,,,,
380,hmmlearn,hmmlearn/hmmlearn,probabilistics,,{},49.0,Hidden Markov Models in Python with scikit-learn like API.,9,False,hmmlearn,conda-forge/hmmlearn,,,['sklearn'],,,https://pypi.org/project/hmmlearn,836890.0,844509.0,https://anaconda.org/conda-forge/hmmlearn,2020-09-15 00:44:34.740,2025-09-10 16:53:48.310,2025-09-10 16:53:48.310000,540957.0,12.0,,,,,,3.0,,,,,-6.0,,,,,,
381,SALib,SALib/SALib,probabilistics,,{},58.0,Sensitivity Analysis Library.,9,False,salib,conda-forge/salib,,,,,,https://pypi.org/project/salib,618326.0,626088.0,https://anaconda.org/conda-forge/salib,2020-10-24 17:04:38.048,2025-10-12 03:01:28.233,2025-10-12 03:01:28.233000,543368.0,16.0,,,,,,3.0,,,,,-5.0,,,,,,
382,torch-scatter,rusty1s/pytorch_scatter,pytorch-utils,,{},35.0,PyTorch Extension Library of Optimized Scatter Operations.,9,False,torch-scatter,conda-forge/pytorch_scatter,,,['pytorch'],,,https://pypi.org/project/torch-scatter,48363.0,67474.0,https://anaconda.org/conda-forge/pytorch_scatter,2020-06-01 16:15:18.085,2026-07-29 06:46:10.545,2026-07-29 06:46:10.545000,1414268.0,8.0,,,,,,2.0,,,,,,,,,,,
383,tensorflow-hub,tensorflow/hub,tensorflow-utils,,{},108.0,A library for transfer learning by reusing parts of TensorFlow models.,9,False,tensorflow-hub,conda-forge/tensorflow-hub,,,['tensorflow'],,,https://pypi.org/project/tensorflow-hub,1850324.0,1852281.0,https://anaconda.org/conda-forge/tensorflow-hub,2020-08-24 16:43:33.174,2025-04-22 14:56:51.855,2025-04-22 14:56:51.855000,140927.0,15.0,,,,,,2.0,,,,,,,,,,,
384,iterative-stratification,trent-b/iterative-stratification,sklearn-utils,,{},7.0,,9,False,iterative-stratification,,,,['sklearn'],649.0,649.0,https://pypi.org/project/iterative-stratification,142846.0,142846.0,,,,,,,,,,,,3.0,,,,,,,,,,,
385,modAL,modAL-python/modAL,others,,{},21.0,,9,False,modAL,,,,['sklearn'],,,https://pypi.org/project/modAL,79647269.0,79647269.0,,,,,,,,,,,,3.0,,,,,,,,,,,
386,pysc2,deepmind/pysc2,others,,{},39.0,,9,False,pysc2,,,,,985.0,985.0,https://pypi.org/project/pysc2,4011.0,4011.0,,,,,,,,,,,,3.0,,,,,,,,,,,
387,TabPy,tableau/TabPy,others,,{},55.0,,9,False,tabpy,anaconda/tabpy-client,,,,215.0,215.0,https://pypi.org/project/tabpy,3076.0,3134.0,https://anaconda.org/anaconda/tabpy-client,2017-04-06 20:14:02.493,2025-04-22 15:32:21.921,2025-04-22 15:32:21.921000,6520.0,1.0,,,,,,3.0,,,,,,,,,,,
388,Jina,jina-ai/jina,ml-frameworks,,{},185.0,Build cross-modal and multi-modal applications on the cloud.,8,False,jina,conda-forge/jina-core,jinaai/jina,,,,,https://pypi.org/project/jina,18789.0,54459.0,https://anaconda.org/conda-forge/jina-core,2021-09-02 15:10:14.675,2025-04-22 14:57:59.713,2025-04-22 14:57:59.713000,132947.0,45.0,https://hub.docker.com/r/jinaai/jina,2025-03-24 14:11:41.059929,9.0,9.0,1971624.0,3.0,,,,,,,,,,,
389,mlx,ml-explore/mlx,ml-frameworks,,{},324.0,,8,False,mlx,,,,,,,https://pypi.org/project/mlx,1516512.0,1516512.0,,,,,,,,,,,,3.0,,,,,,,,,,,
390,unsloth,unslothai/unsloth,nlp,,{},297.0,,8,False,unsloth,,,,,,,https://pypi.org/project/unsloth,2437388.0,2437388.0,,,,,,,,,,,,3.0,,,,,,,,,,,
391,DeepPavlov,deepmipt/DeepPavlov,nlp,,{},78.0,,8,False,deeppavlov,,,,['tensorflow'],440.0,440.0,https://pypi.org/project/deeppavlov,1163.0,1163.0,,,,,,,,,,,,3.0,,,,,,,,,,,
392,TensorFlow Text,tensorflow/text,nlp,,{},125.0,,8,False,tensorflow-text,,,,['tensorflow'],,,https://pypi.org/project/tensorflow-text,4837574.0,4837574.0,,,,,,,,,,,,3.0,,,,,,,,,,,
393,CLTK,cltk/cltk,nlp,,{},124.0,,8,False,cltk,,,,,312.0,312.0,https://pypi.org/project/cltk,3890.0,3890.0,,,,,,,,,,,,3.0,,,,,,,,,,,
394,Face Alignment,1adrianb/face-alignment,image,,{},26.0,,8,False,face-alignment,,,,['pytorch'],24.0,24.0,https://pypi.org/project/face-alignment,96304.0,96304.0,,,,,,,,,,,,3.0,,,,,,,,,,,
395,vidgear,abhiTronix/vidgear,image,,{},17.0,,8,False,vidgear,,,,,765.0,765.0,https://pypi.org/project/vidgear,22198.0,22198.0,,,,,,,,,,,,3.0,,,,,,,,,,,
396,vit-pytorch,lucidrains/vit-pytorch,image,,{},28.0,,8,False,vit-pytorch,,,,['pytorch'],24.0,24.0,https://pypi.org/project/vit-pytorch,260516.0,260516.0,,,,,,,,,,,,3.0,,,,,,,,,,,
397,Image Deduplicator,idealo/imagededup,image,,{},19.0,,8,False,imagededup,,,,['tensorflow'],219.0,219.0,https://pypi.org/project/imagededup,46281.0,46281.0,,,,,,,,,,,,3.0,,,,,,,,,,,
398,MMOCR,open-mmlab/mmocr,ocr,,{},87.0,,8,False,mmocr,,,,['pytorch'],241.0,241.0,https://pypi.org/project/mmocr,2883.0,2883.0,,,,,,,,,,,,3.0,,,,,,,,,,,
399,vega,vega/ipyvega,data-viz,,{},15.0,A Jupyter widget for Vega 5 and Vega-Lite 4.,8,False,vega,conda-forge/vega,,,['jupyter'],4.0,4.0,https://pypi.org/project/vega,63587.0,85676.0,https://anaconda.org/conda-forge/vega,2020-05-13 21:13:44.886,2025-10-04 13:28:21.601,2025-10-04 13:28:21.601000,1656724.0,29.0,,,,,,3.0,,,,,,,,,,,
400,Pandas-Bokeh,PatrikHlobil/Pandas-Bokeh,data-viz,,{},15.0,,8,False,pandas-bokeh,,,,['pandas'],789.0,789.0,https://pypi.org/project/pandas-bokeh,12376.0,12376.0,,,,,,,,,,,,3.0,,,,,,,,,,,
401,pythreejs,jupyter-widgets/pythreejs,data-viz,,{},30.0,A Python / ThreeJS bridge utilizing the Jupyter widget infrastructure.,8,False,pythreejs,conda-forge/pythreejs,,,['jupyter'],,,https://pypi.org/project/pythreejs,99899.0,119936.0,https://anaconda.org/conda-forge/pythreejs,2020-10-12 12:24:06.816,2025-04-22 14:56:22.872,2025-04-22 14:56:22.872000,1330121.0,18.0,,,,,,3.0,,jupyter-threejs,https://www.npmjs.com/package/jupyter-threejs,1036.0,,,,,,,
402,HiPlot,facebookresearch/hiplot,data-viz,,{},9.0,High dimensional Interactive Plotting tool.,8,False,hiplot,conda-forge/hiplot,,,,12.0,12.0,https://pypi.org/project/hiplot,16570.0,20895.0,https://anaconda.org/conda-forge/hiplot,2020-02-25 21:59:48.328,2025-04-22 14:57:21.906,2025-04-22 14:57:21.906000,337397.0,35.0,,,,,,3.0,,,,,,,,,,,
403,imodels,csinva/imodels,interpretability,,{},30.0,,8,False,imodels,,,,,157.0,157.0,https://pypi.org/project/imodels,50568.0,50568.0,,,,,,,,,,,,3.0,,,,,,,,,,,
404,keract,philipperemy/keract,interpretability,,{},17.0,,8,False,keract,,,,['tensorflow'],265.0,265.0,https://pypi.org/project/keract,8754.0,8754.0,,,,,,,,,,,,3.0,,,,,,,,,,,
405,iNNvestigate,albermax/innvestigate,interpretability,,{},22.0,,8,False,innvestigate,,,,['tensorflow'],151.0,151.0,https://pypi.org/project/innvestigate,298.0,298.0,,,,,,,,,,,,3.0,BSD-2-Clause,,,,,,,,,,
406,pygod,pygod-team/pygod,graph,,{},17.0,A Python Library for Graph Outlier Detection (Anomaly Detection).,8,False,pygod,conda-forge/pygod,,,,56.0,56.0,https://pypi.org/project/pygod,1388.0,1692.0,https://anaconda.org/conda-forge/pygod,2022-04-19 10:09:06.849,2025-04-22 14:58:15.321,2025-04-22 14:58:15.321000,15822.0,6.0,,,,,,2.0,,,,,,,,,,,
407,torch-cluster,rusty1s/pytorch_cluster,graph,,{},40.0,PyTorch Extension Library of Optimized Graph Cluster Algorithms.,8,False,torch-cluster,conda-forge/pytorch_cluster,,,['pytorch'],,,https://pypi.org/project/torch-cluster,20895.0,29328.0,https://anaconda.org/conda-forge/pytorch_cluster,2020-05-31 21:25:54.413,2026-08-01 09:16:13.195,2026-08-01 09:16:13.195000,632516.0,5.0,,,,,,2.0,,,,,,,,,,,
408,Spektral,danielegrattarola/spektral,graph,,{},27.0,,8,False,spektral,,,,['tensorflow'],434.0,434.0,https://pypi.org/project/spektral,5080.0,5080.0,,,,,,,,,,,,2.0,,,,,,,,,,,
409,GeoViews,holoviz/geoviews,geospatial-data,,{},34.0,"GeoViews is a Python library that makes it easy to explore and visualize geographical, meteorological, and..",8,False,geoviews,conda-forge/geoviews,,,,5.0,5.0,https://pypi.org/project/geoviews,28886.0,35070.0,https://anaconda.org/conda-forge/geoviews,2020-09-23 20:06:45.056,2026-01-14 07:26:40.378,2026-01-14 07:26:40.378000,439070.0,29.0,,,,,,3.0,,,,,,,,,,,
410,Alpha Vantage,RomelTorres/alpha_vantage,financial-data,,{},44.0,Python module to get stock data from the Alpha Vantage Api.,8,False,alpha_vantage,conda-forge/alpha_vantage,,,,,,https://pypi.org/project/alpha_vantage,202688.0,202864.0,https://anaconda.org/conda-forge/alpha_vantage,2021-01-14 18:10:26.343,2025-04-22 14:57:44.470,2025-04-22 14:57:44.470000,11810.0,2.0,,,,,,3.0,,,,,,,,,,,
411,NNI,microsoft/nni,hyperopt,,{},191.0,,8,False,nni,,,,,24.0,24.0,https://pypi.org/project/nni,57360.0,57360.0,,,,,,,,,,,,3.0,,,,,,,,,,,
412,lightwood,mindsdb/lightwood,hyperopt,,{},50.0,,8,False,lightwood,,,,['pytorch'],139.0,139.0,https://pypi.org/project/lightwood,9140.0,9140.0,,,,,,,,,,,,3.0,,,,,,,,,,,
413,gokart,m3dev/gokart,ml-experiments,,{},49.0,,8,False,gokart,,,,,85.0,85.0,https://pypi.org/project/gokart,13044.0,13044.0,,,,,,,,,,,,3.0,,,,,,,,,,,
414,livelossplot,stared/livelossplot,ml-experiments,,{},20.0,,8,False,livelossplot,,,,['jupyter'],1894.0,1894.0,https://pypi.org/project/livelossplot,7204.0,7204.0,,,,,,,,,,,,3.0,,,,,,,,,,,
415,Labml,labmlai/labml,ml-experiments,,{},9.0,,8,False,labml,,,,,250.0,250.0,https://pypi.org/project/labml,10523.0,10523.0,,,,,,,,,,,,3.0,,,,,,,,,,,
416,ipyparallel,ipython/ipyparallel,distributed-ml,,{},116.0,Interactive Parallel Computing with IPython.,8,False,ipyparallel,conda-forge/ipyparallel,,,['jupyter'],,,https://pypi.org/project/ipyparallel,177338.0,210886.0,https://anaconda.org/conda-forge/ipyparallel,2020-10-15 04:18:35.774,2026-05-13 14:00:27.278,2026-05-13 14:00:27.278000,2348391.0,35.0,,,,,,3.0,,,,,,,,,,,
417,tsflex,predict-idlab/tsflex,time-series-data,,{},6.0,Toolkit for flexible processing & feature extraction on time-series data.,8,False,tsflex,conda-forge/tsflex,,,,23.0,23.0,https://pypi.org/project/tsflex,25063.0,25812.0,https://anaconda.org/conda-forge/tsflex,2021-07-06 15:16:45.577,2025-04-22 14:57:56.438,2025-04-22 14:57:56.438000,45690.0,16.0,,,,,,3.0,,,,,,,,,,,
418,ADTK,arundo/adtk,time-series-data,,{},11.0,A package for unsupervised time series anomaly detection.,8,False,adtk,conda-forge/adtk,,,,,,https://pypi.org/project/adtk,498861.0,499027.0,https://anaconda.org/conda-forge/adtk,2020-03-04 17:10:14.111,2025-04-22 14:57:22.632,2025-04-22 14:57:22.632000,12822.0,3.0,,,,,,3.0,,,,,,,,,,,
419,pyAudioAnalysis,tyiannak/pyAudioAnalysis,audio,,{},28.0,,8,False,pyAudioAnalysis,,,,,686.0,686.0,https://pypi.org/project/pyAudioAnalysis,6695.0,6695.0,,,,,,,,,,,,3.0,,,,,,,,,,,
420,m2cgen,BayesWitnesses/m2cgen,model-serialisation,,{},14.0,,8,False,m2cgen,,,,,353.0,353.0,https://pypi.org/project/m2cgen,23896.0,23896.0,,,,,,,,,,,,3.0,,,,,,,,,,,
421,cuDF,rapidsai/cudf,gpu-utilities,,{},356.0,,8,False,cudf,,,,,71.0,71.0,https://pypi.org/project/cudf,2403.0,2403.0,,,,,,,,,,,,2.0,,,,,,,,,,,
422,PyCUDA,inducer/pycuda,gpu-utilities,,{},84.0,Python wrapper for CUDA.,8,False,pycuda,conda-forge/pycuda,,,,,,https://pypi.org/project/pycuda,80931.0,103192.0,https://anaconda.org/conda-forge/pycuda,2021-03-24 21:15:24.222,2025-10-27 15:24:05.554,2025-10-27 15:24:05.554000,1446984.0,9.0,,,,,,2.0,,,,,-6.0,,,,,,
423,pytorch-optimizer,jettify/pytorch-optimizer,pytorch-utils,,{},26.0,A collection of optimizers for PyTorch compatible with optim module.,8,False,torch_optimizer,conda-forge/torch-optimizer,,,['pytorch'],,,https://pypi.org/project/torch_optimizer,132761.0,133059.0,https://anaconda.org/conda-forge/torch-optimizer,2021-04-21 17:27:11.637,2025-04-22 14:57:50.627,2025-04-22 14:57:50.627000,19109.0,3.0,,,,,,2.0,,,,,,,,,,,
424,Antialiased CNNs,adobe/antialiased-cnns,pytorch-utils,,{},6.0,,8,False,antialiased-cnns,,,,['pytorch'],83.0,83.0,https://pypi.org/project/antialiased-cnns,26311.0,26311.0,,,,,,,,,,,,2.0,CC BY-NC-SA 4.0,,,,,,,,,,
425,PyTorch Sparse,rusty1s/pytorch_sparse,pytorch-utils,,{},48.0,PyTorch Extension Library of Optimized Autograd Sparse Matrix Operations.,8,False,torch-sparse,conda-forge/pytorch_sparse,,,['pytorch'],,,https://pypi.org/project/torch-sparse,25464.0,42456.0,https://anaconda.org/conda-forge/pytorch_sparse,2020-06-01 16:10:56.330,2026-07-30 22:28:12.416,2026-07-30 22:28:12.416000,1257445.0,11.0,,,,,,2.0,,,,,,,,,,,
426,torchsde,google-research/torchsde,pytorch-utils,,{},10.0,SDE solvers and stochastic adjoint sensitivity analysis in PyTorch.,8,False,torchsde,conda-forge/torchsde,,,['pytorch'],,,https://pypi.org/project/torchsde,1840628.0,1841495.0,https://anaconda.org/conda-forge/torchsde,2021-01-11 10:31:24.791,2025-04-22 14:57:44.362,2025-04-22 14:57:44.362000,58093.0,2.0,,,,,,2.0,,,,,,,,,,,
427,Neural Structured Learning,tensorflow/neural-structured-learning,tensorflow-utils,,{},44.0,,8,False,neural-structured-learning,,,,['tensorflow'],528.0,528.0,https://pypi.org/project/neural-structured-learning,1432.0,1432.0,,,,,,,,,,,,2.0,,,,,,,,,,,
428,scikit-opt,guofei9987/scikit-opt,sklearn-utils,,{},24.0,,8,False,scikit-opt,,,,['sklearn'],291.0,291.0,https://pypi.org/project/scikit-opt,5814.0,5814.0,,,,,,,,,,,,3.0,,,,,,,,,,,
429,tensorly,tensorly/tensorly,others,,{},76.0,Tensor learning in Python.,8,False,tensorly,conda-forge/tensorly,,,,,,https://pypi.org/project/tensorly,85983.0,91775.0,https://anaconda.org/conda-forge/tensorly,2020-10-20 14:38:35.389,2025-04-22 14:56:50.737,2025-04-22 14:56:50.737000,405488.0,9.0,,,,,,3.0,,,,,-5.0,,,,,,
430,apricot,jmschrei/apricot,others,,{},5.0,,8,False,apricot-select,,,,,221.0,221.0,https://pypi.org/project/apricot-select,20748.0,20748.0,,,,,,,,,,,,3.0,,,,,,,,,,,
431,pycm,sepandhaghighi/pycm,others,,{},19.0,,8,False,pycm,,,,,423.0,423.0,https://pypi.org/project/pycm,16625.0,16625.0,,,,,,,,,,,,3.0,,,,,,,,,,,
432,AugLy,facebookresearch/AugLy,others,,{},47.0,,8,False,augly,,,,,193.0,193.0,https://pypi.org/project/augly,2696.0,2696.0,,,,,,,,,,,,3.0,,,,,,,,,,,
433,ivy,unifyai/ivy,ml-frameworks,,{},1486.0,,7,False,ivy,,,,,,,https://pypi.org/project/ivy,26800.0,26800.0,,,,,,,,,,,,3.0,,,,,,,,,,,
434,ktrain,amaiya/ktrain,ml-frameworks,,{},17.0,,7,False,ktrain,,,,['tensorflow'],579.0,579.0,https://pypi.org/project/ktrain,2923.0,2923.0,,,,,,,,,,,,3.0,,,,,,,,,,,
435,Determined,determined-ai/determined,ml-frameworks,,{},132.0,,7,False,determined,,,https://docs.determined.ai,"['pytorch', 'tensorflow']",,,https://pypi.org/project/determined,46417.0,46417.0,,,,,,,,,,,,3.0,Apache-2.0,,,,,,,,,,
436,torchtext,pytorch/text,nlp,,{},156.0,,7,False,torchtext,,,,['pytorch'],,,https://pypi.org/project/torchtext,184693.0,184693.0,,,,,,,,,,,,3.0,,,,,,,,,,,
437,ParlAI,facebookresearch/ParlAI,nlp,,{},220.0,,7,False,parlai,,,,['pytorch'],24.0,24.0,https://pypi.org/project/parlai,1971.0,1971.0,,,,,,,,,,,,3.0,,,,,,,,,,,
438,Rasa,RasaHQ/rasa,nlp,,{},600.0,,7,False,rasa,,,,['tensorflow'],,,https://pypi.org/project/rasa,259386.0,259386.0,,,,,,,,,,,,3.0,,,,,,,,,,,
439,torch-points3d,torch-points3d/torch-points3d,image,,{},36.0,,7,False,torch-points3d,,,,['pytorch'],36.0,36.0,https://pypi.org/project/torch-points3d,210.0,210.0,,,,,,,,,,,,3.0,BSD-3-Clause,,,,,,,,,,
440,Pillow-SIMD,uploadcare/pillow-simd,image,,{},435.0,,7,False,pillow-simd,,,,,,,https://pypi.org/project/pillow-simd,40485.0,40485.0,,,,,,,,,,,,3.0,PIL,,,,,,,,,,
441,MMF,facebookresearch/mmf,image,,{},131.0,,7,False,mmf,,,,['pytorch'],23.0,23.0,https://pypi.org/project/mmf,186.0,186.0,,,,,,,,,,,,3.0,BSD-3-Clause,,,,,,,,,,
442,HyperTools,ContextLab/hypertools,data-viz,,{},23.0,,7,False,hypertools,,,,,508.0,508.0,https://pypi.org/project/hypertools,889.0,889.0,,,,,,,,,,,,3.0,,,,,,,,,,,
443,What-If Tool,PAIR-code/what-if-tool,interpretability,,{},21.0,An easy-to-use interface for expanding understanding of a black-box classification or regression ML model.,7,False,witwidget,conda-forge/tensorboard-plugin-wit,,,,2.0,2.0,https://pypi.org/project/witwidget,15060.0,51146.0,https://anaconda.org/conda-forge/tensorboard-plugin-wit,2020-06-22 09:11:25.867,2025-04-22 14:57:28.709,2025-04-22 14:57:28.709000,2661420.0,4.0,,,,,,3.0,,wit-widget,https://www.npmjs.com/package/wit-widget,121.0,,,,,,,
444,LIT,PAIR-code/lit,interpretability,,{},38.0,"The Language Interpretability Tool (LIT) is a visual, interactive model-understanding tool for NLP models.",7,False,lit-nlp,conda-forge/lit-nlp,,,,,,https://pypi.org/project/lit-nlp,14790.0,17046.0,https://anaconda.org/conda-forge/lit-nlp,2020-09-15 18:01:28.584,2025-04-22 14:57:35.818,2025-04-22 14:57:35.818000,160205.0,6.0,,,,,,3.0,,,,,,,,,,,
445,Netron,lutzroeder/netron,interpretability,,{},,,7,False,netron,,,,"['pytorch', 'tensorflow']",13.0,13.0,https://pypi.org/project/netron,90604.0,90604.0,,,,,,,,,,,,3.0,,,,,,,,,,,
446,eli5,TeamHG-Memex/eli5,interpretability,,{},17.0,Debug machine learning classifiers and explain their predictions.,7,False,eli5,conda-forge/eli5,,,,,,https://pypi.org/project/eli5,114285.0,119764.0,https://anaconda.org/conda-forge/eli5,2020-06-15 13:11:09.444,2025-04-30 05:40:51.091,2025-04-30 05:40:51.091000,405461.0,12.0,,,,,,3.0,,,,,,,,,,,
447,Quantus,understandable-machine-intelligence-lab/quantus,interpretability,,{},27.0,,7,False,quantus,,,,,75.0,75.0,https://pypi.org/project/quantus,1613.0,1613.0,,,,,,,,,,,,3.0,,,,,,,,,,,
448,tf-explain,sicara/tf-explain,interpretability,,{},18.0,,7,False,tf-explain,,,,['tensorflow'],300.0,300.0,https://pypi.org/project/tf-explain,1505.0,1505.0,,,,,,,,,,,,3.0,,,,,,,,,,,
449,tf-keras-vis,keisen/tf-keras-vis,interpretability,,{},3.0,,7,False,tf-keras-vis,,,,['tensorflow'],234.0,234.0,https://pypi.org/project/tf-keras-vis,3058.0,3058.0,,,,,,,,,,,,3.0,,,,,,,,,,,
450,Explainability 360,Trusted-AI/AIX360,interpretability,,{},42.0,,7,False,aix360,,,,,175.0,175.0,https://pypi.org/project/aix360,1517.0,1517.0,,,,,,,,,,,,3.0,,,,,,,,,,,
451,jraph,deepmind/jraph,graph,,{},17.0,A Graph Neural Network Library in Jax.,7,False,jraph,conda-forge/jraph,,,['jax'],,,https://pypi.org/project/jraph,93575.0,93855.0,https://anaconda.org/conda-forge/jraph,2021-10-31 19:30:25.290,2025-04-22 14:58:03.890,2025-04-22 14:58:03.890000,16247.0,4.0,,,,,,3.0,,,,,,,,,,,
452,StellarGraph,stellargraph/stellargraph,graph,,{},42.0,,7,False,stellargraph,,,,['tensorflow'],311.0,311.0,https://pypi.org/project/stellargraph,579.0,579.0,,,,,,,,,,,,3.0,,,,,,,,,,,
453,Sentinelsat,sentinelsat/sentinelsat,geospatial-data,,{},44.0,Search and download Copernicus Sentinel satellite images.,7,False,sentinelsat,conda-forge/sentinelsat,,,,,,https://pypi.org/project/sentinelsat,15664.0,16362.0,https://anaconda.org/conda-forge/sentinelsat,2020-10-04 14:33:56.496,2025-04-22 14:57:37.199,2025-04-22 14:57:37.199000,48872.0,6.0,,,,,,3.0,,,,,,,,,,,
454,Talos,autonomio/talos,hyperopt,,{},23.0,,7,False,talos,,,,['tensorflow'],208.0,208.0,https://pypi.org/project/talos,513.0,513.0,,,,,,,,,,,,3.0,,,,,,,,,,,
455,Sklearn-genetic-opt,rodrigo-arenas/Sklearn-genetic-opt,hyperopt,,{},50.0,,7,False,sklearn-genetic-opt,,,,,75.0,75.0,https://pypi.org/project/sklearn-genetic-opt,3014.0,3014.0,,,,,,,,,,,,3.0,,,,,,,,,,,
456,SMAC3,automl/SMAC3,hyperopt,,{},81.0,Sequential Model-based Algorithm Configuration.,7,False,smac,conda-forge/smac,,,,,,https://pypi.org/project/smac,39985.0,40726.0,https://anaconda.org/conda-forge/smac,2021-03-19 15:08:39.735,2025-04-22 14:57:48.900,2025-04-22 14:57:48.900000,48178.0,16.0,,,,,,3.0,,,,,,,,,,,
457,FEDOT,nccr-itmo/FEDOT,hyperopt,,{},43.0,,7,False,fedot,,,,,66.0,66.0,https://pypi.org/project/fedot,1425.0,1425.0,,,,,,,,,,,,3.0,,,,,,,,,,,
458,Dopamine,google/dopamine,reinforcement-learning,,{},15.0,,7,False,dopamine-rl,,,,['tensorflow'],24.0,24.0,https://pypi.org/project/dopamine-rl,96551.0,96551.0,,,,,,,,,,,,2.0,,,,,,,,,,,
459,FinRL,AI4Finance-Foundation/FinRL,reinforcement-learning,,{},130.0,,7,False,finrl,,,,,115.0,115.0,https://pypi.org/project/finrl,3183.0,3183.0,,,,,,,,,,,,2.0,,,,,,,,,,,
460,keras-rl,keras-rl/keras-rl,reinforcement-learning,,{},41.0,,7,False,keras-rl,,,,['tensorflow'],836.0,836.0,https://pypi.org/project/keras-rl,774.0,774.0,,,,,,,,,,,,2.0,,,,,,,,,,,
461,Glow,projectglow/glow,medical-data,,{},29.0,An open-source toolkit for large-scale genomic analysis.,7,False,glow.py,conda-forge/glow,,,,,,https://pypi.org/project/glow.py,40545.0,40690.0,https://anaconda.org/conda-forge/glow,2021-02-25 05:34:28.952,2025-04-22 14:57:47.356,2025-04-22 14:57:47.356000,9602.0,3.0,,,,,,3.0,,,,,,,,,,,
462,SynapseML,microsoft/SynapseML,distributed-ml,,{},133.0,,7,False,synapseml,,,,,,,https://pypi.org/project/synapseml,1400378.0,1400378.0,,,,,,,,,,,,3.0,,,,,,,,,,,
463,Hivemind,learning-at-home/hivemind,distributed-ml,,{},34.0,,7,False,hivemind,,,,,135.0,135.0,https://pypi.org/project/hivemind,5526.0,5526.0,,,,,,,,,,,,3.0,,,,,,,,,,,
464,TensorFlowOnSpark,yahoo/TensorFlowOnSpark,distributed-ml,,{},34.0,Deep learning with TensorFlow on Apache Spark clusters.,7,False,tensorflowonspark,conda-forge/tensorflowonspark,,,"['tensorflow', 'spark']",,,https://pypi.org/project/tensorflowonspark,11469.0,11930.0,https://anaconda.org/conda-forge/tensorflowonspark,2019-12-05 16:17:47.431,2025-04-22 14:57:18.376,2025-04-22 14:57:18.376000,36933.0,10.0,,,,,,3.0,,,,,,,,,,,
465,orbit,uber/orbit,time-series-data,,{},23.0,Orbit is a package for bayesian time series modeling and inference.,7,False,orbit-ml,conda-forge/orbit-ml,,,,,,https://pypi.org/project/orbit-ml,21134.0,21948.0,https://anaconda.org/conda-forge/orbit-ml,2022-01-18 22:39:37.059,2026-03-06 03:11:30.016,2026-03-06 03:11:30.016000,44778.0,9.0,,,,,,3.0,,,,,,,,,,,
466,greykite,linkedin/greykite,time-series-data,,{},10.0,,7,False,greykite,,,,,50.0,50.0,https://pypi.org/project/greykite,9307.0,9307.0,,,,,,,,,,,,3.0,,,,,,,,,,,
467,RecBole,RUCAIBox/RecBole,recommender-systems,,{},79.0,"A unified, comprehensive and efficient recommendation library.",7,False,recbole,aibox/recbole,,,['pytorch'],,,https://pypi.org/project/recbole,55749.0,55899.0,https://anaconda.org/aibox/recbole,2020-11-03 11:40:53.137,2025-03-25 16:28:44.170,2025-03-25 16:28:44.170000,10408.0,11.0,,,,,,3.0,,,,,,,,,,,
468,Magenta,magenta/magenta,audio,,{},155.0,,7,False,magenta,,,,['tensorflow'],18.0,18.0,https://pypi.org/project/magenta,2533.0,2533.0,,,,,,,,,,,,3.0,,,,,,,,,,,
469,OMLT,cog-imperial/omlt,model-serialisation,,{},22.0,,7,False,omlt,,,,,36.0,36.0,https://pypi.org/project/omlt,12184.0,12184.0,,,,,,,,,,,,3.0,,,,,,,,,,,
470,Hummingbird,microsoft/hummingbird,model-serialisation,,{},40.0,Convert trained traditional machine learning models into tensor computations.,7,False,hummingbird-ml,conda-forge/hummingbird-ml,,,,,,https://pypi.org/project/hummingbird-ml,16696.0,17838.0,https://anaconda.org/conda-forge/hummingbird-ml,2021-03-13 14:12:18.710,2025-04-22 14:57:48.691,2025-04-22 14:57:48.691000,74287.0,15.0,,,,,,3.0,,,,,,,,,,,
471,TFEncrypted,tf-encrypted/tf-encrypted,privacy-ml,,{},29.0,,7,False,tf-encrypted,,,,['tensorflow'],68.0,68.0,https://pypi.org/project/tf-encrypted,2317.0,2317.0,,,,,,,,,,,,2.0,,,,,,,,,,,
472,Funsor,pyro-ppl/funsor,probabilistics,,{},14.0,,7,False,funsor,,,,['pytorch'],111.0,111.0,https://pypi.org/project/funsor,55362.0,55362.0,,,,,,,,,,,,3.0,,,,,,,,,,,
473,pomegranate,jmschrei/pomegranate,probabilistics,,{},75.0,"Pomegranate is a graphical models library for Python. Fast, flexible and easy to use probabilistic modelling in Python.",7,False,pomegranate,conda-forge/pomegranate,,,,,,https://pypi.org/project/pomegranate,30184.0,33984.0,https://anaconda.org/conda-forge/pomegranate,2020-05-18 06:13:08.914,2025-04-22 14:57:07.761,2025-04-22 14:57:07.761000,285026.0,9.0,,,,,,3.0,,,,,,,,,,,
474,formulaic,matthewwardrop/formulaic,probabilistics,,{},15.0,,7,False,formulaic,,,,,,,https://pypi.org/project/formulaic,3831978.0,3831978.0,,,,,,,,,,,,3.0,,,,,,,,,,,
475,tnt,pytorch/tnt,pytorch-utils,,{},164.0,,7,False,torchtnt,,,,['pytorch'],,,https://pypi.org/project/torchtnt,135714.0,135714.0,,,,,,,,,,,,3.0,,,,,,,,,,,
476,TabNet,dreamquark-ai/tabnet,pytorch-utils,,{},21.0,PyTorch implementation of TabNet.,7,False,pytorch-tabnet,conda-forge/pytorch-tabnet,,,['pytorch'],,,https://pypi.org/project/pytorch-tabnet,48231.0,48490.0,https://anaconda.org/conda-forge/pytorch-tabnet,2021-12-18 12:18:01.185,2025-04-22 14:58:07.520,2025-04-22 14:58:07.520000,14552.0,3.0,,,,,,3.0,,,,,,,,,,,
477,Saliency,PAIR-code/saliency,tensorflow-utils,,{},18.0,,7,False,saliency,,,,['tensorflow'],157.0,157.0,https://pypi.org/project/saliency,14110.0,14110.0,,,,,,,,,,,,3.0,,,,,,,,,,,
478,combo,yzhao062/combo,sklearn-utils,,{},2.0,,7,False,combo,,,,"['sklearn', 'xgboost']",732.0,732.0,https://pypi.org/project/combo,45496.0,45496.0,,,,,,,,,,,,3.0,,,,,,,,,,,
479,dstack,dstackai/dstack,others,,{},74.0,,7,False,dstack,,,,,26.0,26.0,https://pypi.org/project/dstack,57405.0,57405.0,,,,,,,,,,,,3.0,,,,,,,,,,,
480,avalanche,ContinualAI/avalanche,others,,{},87.0,,7,False,avalanche-lib,,,,,151.0,151.0,https://pypi.org/project/avalanche-lib,1918.0,1918.0,,,,,,,,,,,,3.0,,,,,,,,,,,
481,rrcf,kLabUM/rrcf,others,,{},7.0,,7,False,rrcf,,,,,107.0,107.0,https://pypi.org/project/rrcf,40406.0,40406.0,,,,,,,,,,,,3.0,,,,,,,,,,,
482,Apache Singa,apache/singa,distributed-ml,,{},102.0,SINGA is an Apache project for distributed deep learning.,6,False,,nusdbsystem/singa,apache/singa,,,6.0,6.0,,,292.0,https://anaconda.org/nusdbsystem/singa,2017-02-20 13:59:42.077,2025-03-25 16:26:36.714,2025-03-25 16:26:36.714000,1388.0,16.0,https://hub.docker.com/r/apache/singa,2022-05-31 15:24:19.649658,3.0,3.0,32006.0,3.0,,,,,,,,,,,
483,small-text,webis-de/small-text,nlp,,{},10.0,Active Learning for Text Classification in Python.,6,False,small-text,conda-forge/small-text,,,"['sklearn', 'pytorch']",35.0,35.0,https://pypi.org/project/small-text,530.0,1078.0,https://anaconda.org/conda-forge/small-text,2022-07-04 12:50:35.173,2026-05-23 20:05:20.701,2026-05-23 20:05:20.701000,26860.0,15.0,,,,,,3.0,,,,,,,,,,,
484,happy-transformer,EricFillion/happy-transformer,nlp,,{},14.0,,6,False,happytransformer,,,,['huggingface'],336.0,336.0,https://pypi.org/project/happytransformer,1059.0,1059.0,,,,,,,,,,,,3.0,,,,,,,,,,,
485,english-words,dwyl/english-words,nlp,,{},34.0,,6,False,english-words,,,,,,,https://pypi.org/project/english-words,132923.0,132923.0,,,,,,,,,,,,3.0,,,,,,,,,,,
486,textaugment,dsfsi/textaugment,nlp,,{},10.0,,6,False,textaugment,,,,,185.0,185.0,https://pypi.org/project/textaugment,1313.0,1313.0,,,,,,,,,,,,3.0,,,,,,,,,,,
487,promptsource,bigscience-workshop/promptsource,nlp,,{},65.0,,6,False,promptsource,,,,,130.0,130.0,https://pypi.org/project/promptsource,234.0,234.0,,,,,,,,,,,,3.0,,,,,,,,,,,
488,Ciphey,Ciphey/Ciphey,nlp,,{},60.0,,6,False,ciphey,,remnux/ciphey,,,,,https://pypi.org/project/ciphey,135585.0,135585.0,,,,,,,https://hub.docker.com/r/remnux/ciphey,,,,,3.0,,,,,,,,,,,
489,ffcv,libffcv/ffcv,image,,{},31.0,,6,False,ffcv,,,,,78.0,78.0,https://pypi.org/project/ffcv,460.0,460.0,,,,,,,,,,,,3.0,,,,,,,,,,,
490,CellProfiler,CellProfiler/CellProfiler,image,,{},147.0,,6,False,cellprofiler,,,,,28.0,28.0,https://pypi.org/project/cellprofiler,8103.0,8103.0,,,,,,,,,,,,3.0,,,,,,,,,,,
491,tensorflow-graphics,tensorflow/graphics,image,,{},41.0,,6,False,tensorflow-graphics,,,,['tensorflow'],,,https://pypi.org/project/tensorflow-graphics,73024.0,73024.0,,,,,,,,,,,,3.0,,,,,,,,,,,
492,doc2text,jlsutherland/doc2text,ocr,,{},5.0,,6,False,doc2text,,,,,185.0,185.0,https://pypi.org/project/doc2text,3889.0,3889.0,,,,,,,,,,,,3.0,,,,,,,,,,,
493,vegafusion,vegafusion/vegafusion,data-viz,,{},7.0,Server-side acceleration for the Vega visualization grammar.,6,False,vegafusion-jupyter,conda-forge/vegafusion-python-embed,,,,,,https://pypi.org/project/vegafusion-jupyter,787.0,14281.0,https://anaconda.org/conda-forge/vegafusion-python-embed,2022-03-05 16:45:20.250,2025-10-27 16:33:07.200,2025-10-27 16:33:07.200000,705349.0,46.0,,,,,,3.0,,vegafusion-jupyter,https://www.npmjs.com/package/vegafusion-jupyter,186.0,,,,,,,
494,data-validation,tensorflow/data-validation,data-viz,,{},32.0,,6,False,tensorflow-data-validation,,,,"['tensorflow', 'jupyter']",,,https://pypi.org/project/tensorflow-data-validation,102485.0,102485.0,,,,,,,,,,,,3.0,,,,,,,,,,,
495,Facets Overview,pair-code/facets,data-viz,,{},31.0,,6,False,facets-overview,,,,['jupyter'],,,https://pypi.org/project/facets-overview,196909.0,196909.0,,,,,,,,,,,,3.0,,,,,,,,,,,
496,PDPbox,SauceCat/PDPbox,interpretability,,{},7.0,Python partial dependence plot toolbox.,6,False,pdpbox,conda-forge/pdpbox,,,,,,https://pypi.org/project/pdpbox,9782.0,10210.0,https://anaconda.org/conda-forge/pdpbox,2021-03-14 19:37:47.253,2025-04-22 14:57:08.147,2025-04-22 14:57:08.147000,27858.0,3.0,,,,,,3.0,,,,,,,,,,,
497,LOFO,aerdem4/lofo-importance,interpretability,,{},6.0,,6,False,lofo-importance,,,,,43.0,43.0,https://pypi.org/project/lofo-importance,1113.0,1113.0,,,,,,,,,,,,3.0,,,,,,,,,,,
498,Paddle Graph Learning,PaddlePaddle/PGL,graph,,{},31.0,,6,False,pgl,,,,['paddle'],69.0,69.0,https://pypi.org/project/pgl,765.0,765.0,,,,,,,,,,,,3.0,,,,,,,,,,,
499,AmpliGraph,Accenture/AmpliGraph,graph,,{},21.0,,6,False,ampligraph,,,,['tensorflow'],70.0,70.0,https://pypi.org/project/ampligraph,311.0,311.0,,,,,,,,,,,,3.0,,,,,,,,,,,
500,DeepGraph,deepgraph/deepgraph,graph,,{},3.0,Analyze Data with Pandas-based Networks.,6,False,deepgraph,conda-forge/deepgraph,,,['pandas'],,,https://pypi.org/project/deepgraph,416.0,8474.0,https://anaconda.org/conda-forge/deepgraph,2020-10-01 14:55:54.354,2025-11-09 00:27:39.440,2025-11-09 00:27:39.440000,564087.0,7.0,,,,,,3.0,,,,,,,,,,,
501,Backtesting.py,kernc/backtesting.py,financial-data,,{},46.0,,6,False,backtesting,,,,,,,https://pypi.org/project/backtesting,215303.0,215303.0,,,,,,,,,,,,3.0,,,,,,,,,,,
502,Hyperactive,SimonBlanke/Hyperactive,hyperopt,,{},16.0,,6,False,hyperactive,,,,,52.0,52.0,https://pypi.org/project/hyperactive,3781.0,3781.0,,,,,,,,,,,,3.0,,,,,,,,,,,
503,orion,Epistimio/orion,hyperopt,,{},34.0,,6,False,orion,,,,,127.0,127.0,https://pypi.org/project/orion,681.0,681.0,,,,,,,,,,,,3.0,,,,,,,,,,,
504,Sherpa,sherpa-ai/sherpa,hyperopt,,{},43.0,,6,False,parameter-sherpa,,,,,43.0,43.0,https://pypi.org/project/parameter-sherpa,168.0,168.0,,,,,,,,,,,,3.0,,,,,,,,,,,
505,Guild AI,guildai/guildai,ml-experiments,,{},30.0,,6,False,guildai,,,,,107.0,107.0,https://pypi.org/project/guildai,579.0,579.0,,,,,,,,,,,,3.0,,,,,,,,,,,
506,PFRL,pfnet/pfrl,reinforcement-learning,,{},21.0,,6,False,pfrl,,,,,128.0,128.0,https://pypi.org/project/pfrl,229.0,229.0,,,,,,,,,,,,3.0,,,,,,,,,,,
507,PARL,PaddlePaddle/PARL,reinforcement-learning,,{},46.0,,6,False,parl,,,,['paddle'],140.0,140.0,https://pypi.org/project/parl,342.0,342.0,,,,,,,,,,,,3.0,,,,,,,,,,,
508,garage,rlworkgroup/garage,reinforcement-learning,,{},80.0,,6,False,garage,,,,['tensorflow'],124.0,124.0,https://pypi.org/project/garage,967.0,967.0,,,,,,,,,,,,3.0,,,,,,,,,,,
509,DeepVariant,google/deepvariant,medical-data,,{},44.0,DeepVariant is an analysis pipeline that uses a deep neural network to call genetic variants from next-generation DNA..,6,False,,bioconda/deepvariant,,,['tensorflow'],4.0,4.0,,,847.0,https://anaconda.org/bioconda/deepvariant,2018-01-02 11:31:01.469,2026-03-06 20:45:38.817,2026-03-06 20:45:38.817000,87308.0,18.0,,,,,,3.0,,,,,,,,,,,
510,ColossalAI,hpcaitech/colossalai,distributed-ml,,{},199.0,,6,False,,,,,,558.0,558.0,,,,,,,,,,,,,,,3.0,,,,,,,,,,,
511,horovod,horovod/horovod,distributed-ml,,{},179.0,,6,False,horovod,,,,,,,https://pypi.org/project/horovod,35866.0,35866.0,,,,,,,,,,,,3.0,,,,,,stable/horovod,,,,,
512,miceforest,AnotherSamWilson/miceforest,tabular,,{},9.0,Fast multiple imputation with random forests.,6,False,miceforest,conda-forge/miceforest,,,,,,https://pypi.org/project/miceforest,31811.0,32243.0,https://anaconda.org/conda-forge/miceforest,2021-07-23 19:20:49.403,2025-04-22 14:57:57.911,2025-04-22 14:57:57.911000,26357.0,8.0,,,,,,2.0,,,,,,,,,,,
513,upgini,upgini/upgini,tabular,,{},13.0,,6,False,upgini,,,,,11.0,11.0,https://pypi.org/project/upgini,12039.0,12039.0,,,,,,,,,,,,2.0,,,,,,,,,,,
514,ydata-synthetic,ydataai/ydata-synthetic,tabular,,{},24.0,Synthetic data generation methods with different synthetization methods.,6,False,ydata-synthetic,conda-forge/ydata-synthetic,,,,,,https://pypi.org/project/ydata-synthetic,5604.0,6056.0,https://anaconda.org/conda-forge/ydata-synthetic,2023-02-27 12:24:34.185,2025-04-22 14:58:36.339,2025-04-22 14:58:36.339000,19013.0,8.0,,,,,,2.0,,,,,,,,,,,
515,NeuralProphet,ourownstory/neural_prophet,time-series-data,,{},57.0,,6,False,neuralprophet,,,,['pytorch'],,,https://pypi.org/project/neuralprophet,94118.0,94118.0,,,,,,,,,,,,3.0,,,,,,,,,,,
516,pydlm,wwrechard/pydlm,time-series-data,,{},7.0,,6,False,pydlm,,,,,41.0,41.0,https://pypi.org/project/pydlm,57031.0,57031.0,,,,,,,,,,,,3.0,,,,,,,,,,,
517,tick,X-DataInitiative/tick,time-series-data,,{},22.0,,6,False,tick,,,,,97.0,97.0,https://pypi.org/project/tick,975.0,975.0,,,,,,,,,,,,3.0,,,,,,,,,,,
518,luminol,linkedin/luminol,time-series-data,,{},9.0,,6,False,luminol,,,,,88.0,88.0,https://pypi.org/project/luminol,2010.0,2010.0,,,,,,,,,,,,3.0,,,,,,,,,,,
519,TF Recommenders,tensorflow/recommenders,recommender-systems,,{},47.0,,6,False,tensorflow-recommenders,,,,['tensorflow'],,,https://pypi.org/project/tensorflow-recommenders,190898.0,190898.0,,,,,,,,,,,,3.0,,,,,,,,,,,
520,PySyft,OpenMined/PySyft,privacy-ml,,{},524.0,,6,False,syft,,,,['pytorch'],1.0,1.0,https://pypi.org/project/syft,12157.0,12157.0,,,,,,,,,,,,2.0,,,,,,,,,,,
521,cuGraph,rapidsai/cugraph,gpu-utilities,,{},134.0,GPU accelerated graph algorithms.,6,False,cugraph,conda-forge/libcugraph,,,,,,https://pypi.org/project/cugraph,2024.0,3209.0,https://anaconda.org/conda-forge/libcugraph,2021-04-21 14:35:45.489,2025-04-22 14:57:50.593,2025-04-22 14:57:50.593000,75873.0,2.0,,,,,,3.0,,,,,,,,,,,
522,madgrad,facebookresearch/madgrad,pytorch-utils,,{},3.0,,6,False,madgrad,,,,['pytorch'],111.0,111.0,https://pypi.org/project/madgrad,2934.0,2934.0,,,,,,,,,,,,3.0,,,,,,,,,,,
523,TensorFlow I/O,tensorflow/io,tensorflow-utils,,{},116.0,,6,False,tensorflow-io,,,,['tensorflow'],,,https://pypi.org/project/tensorflow-io,316611.0,316611.0,,,,,,,,,,,,3.0,,,,,,,,,,,
524,TensorFlow Transform,tensorflow/transform,tensorflow-utils,,{},32.0,,6,False,tensorflow-transform,,,,['tensorflow'],,,https://pypi.org/project/tensorflow-transform,120573.0,120573.0,,,,,,,,,,,,3.0,,,,,,,,,,,
525,TF Model Optimization,tensorflow/model-optimization,tensorflow-utils,,{},90.0,,6,False,tensorflow-model-optimization,,,,['tensorflow'],,,https://pypi.org/project/tensorflow-model-optimization,99473.0,99473.0,,,,,,,,,,,,3.0,,,,,,,,,,,
526,sklearn-contrib-lightning,scikit-learn-contrib/lightning,sklearn-utils,,{},17.0,"lightning is a library for large-scale linear classification, regression and ranking in Python.",6,False,sklearn-contrib-lightning,conda-forge/sklearn-contrib-lightning,,,['sklearn'],,,https://pypi.org/project/sklearn-contrib-lightning,1262.0,8671.0,https://anaconda.org/conda-forge/sklearn-contrib-lightning,2016-07-03 15:38:42.846,2025-04-22 14:56:24.858,2025-04-22 14:56:24.858000,896560.0,4.0,,,,,,3.0,,,,,,,,,,,
527,AstroML,astroML/astroML,others,,{},31.0,Tools for machine learning and data mining in Astronomy.,6,False,astroML,conda-forge/astroml,,,['sklearn'],,,https://pypi.org/project/astroML,1949.0,4508.0,https://anaconda.org/conda-forge/astroml,2022-01-26 16:44:05.669,2025-04-22 14:56:39.232,2025-04-22 14:56:39.232000,140746.0,6.0,,,,,,3.0,,,,,,,,,,,
528,puncc,deel-ai/puncc,ml-frameworks,,{},7.0,,5,False,puncc,,,,,12.0,12.0,https://pypi.org/project/puncc,7190.0,7190.0,,,,,,,,,,,,3.0,,,,,,,,,,,
529,MindsDB,mindsdb/mindsdb,ml-frameworks,,{},908.0,,5,False,mindsdb,,,,['pytorch'],,,https://pypi.org/project/mindsdb,5847.0,5847.0,,,,,,,,,,,,3.0,,,,,,,,,,,
530,Neural Tangents,google/neural-tangents,ml-frameworks,,{},30.0,,5,False,neural-tangents,,,,,,,https://pypi.org/project/neural-tangents,1035.0,1035.0,,,,,,,,,,,,3.0,Apache-2.0,,,,,,,,,,
531,NeoML,neoml-lib/neoml,ml-frameworks,,{},41.0,,5,False,neoml,,,,,2.0,2.0,https://pypi.org/project/neoml,369.0,369.0,,,,,,,,,,,,3.0,Apache-2.0,,,,,,,,,,
532,DeepKE,zjunlp/deepke,nlp,,{},34.0,,5,False,deepke,,,,['pytorch'],25.0,25.0,https://pypi.org/project/deepke,240.0,240.0,,,,,,,,,,,,3.0,,,,,,,,,,,
533,ollama,jmorganca/ollama,agents,,{},614.0,,5,False,,,,,,71.0,71.0,,,,,,,,,,,,,,,3.0,,,,,,,,,,,
534,pytorchvideo,facebookresearch/pytorchvideo,image,,{},62.0,,5,False,pytorchvideo,,,,['pytorch'],,,https://pypi.org/project/pytorchvideo,32928.0,32928.0,,,,,,,,,,,,3.0,,,,,,,,,,,
535,deep-daze,lucidrains/deep-daze,image,,{},14.0,,5,False,deep-daze,,,,,56.0,56.0,https://pypi.org/project/deep-daze,181.0,181.0,,,,,,,,,,,,3.0,,,,,,,,,,,
536,kubric,google-research/kubric,image,,{},34.0,,5,False,kubric-nightly,,,,,8.0,8.0,https://pypi.org/project/kubric-nightly,1917.0,1917.0,,,,,,,,,,,,3.0,,,,,,,,,,,
537,layout-parser,Layout-Parser/layout-parser,image,,{},9.0,,5,False,layoutparser,,,,,,,https://pypi.org/project/layoutparser,135082.0,135082.0,,,,,,,,,,,,3.0,,,,,,,,,,,
538,Popmon,ing-bank/popmon,data-viz,,{},20.0,,5,False,popmon,,,,"['pandas', 'spark']",22.0,22.0,https://pypi.org/project/popmon,1690.0,1690.0,,,,,,,,,,,,3.0,,,,,,,,,,,
539,CausalNex,quantumblacklabs/causalnex,interpretability,,{},,,5,False,causalnex,,,,"['pytorch', 'sklearn']",,,https://pypi.org/project/causalnex,1757.0,1757.0,,,,,,,,,,,,3.0,Apache-2.0,,,,,,,,,,
540,Model Analysis,tensorflow/model-analysis,interpretability,,{},61.0,,5,False,tensorflow-model-analysis,,,,"['tensorflow', 'jupyter']",,,https://pypi.org/project/tensorflow-model-analysis,26389.0,26389.0,,,,,,,,,,,,3.0,,,,,,,,,,,
541,Skater,oracle/Skater,interpretability,,{},,Python Library for Model Agnostic Interpretation.,5,False,skater,conda-forge/skater,,,,,,https://pypi.org/project/skater,126.0,3734.0,https://anaconda.org/conda-forge/skater,2020-07-05 18:35:27.012,2025-11-03 16:10:36.918,2025-11-03 16:10:36.918000,263392.0,2.0,,,,,,3.0,,,,,,,,,,,
542,XAI,EthicalML/xai,interpretability,,{},3.0,,5,False,xai,,,,,45.0,45.0,https://pypi.org/project/xai,1054.0,1054.0,,,,,,,,,,,,3.0,,,,,,,,,,,
543,DiCE,interpretml/DiCE,interpretability,,{},23.0,,5,False,dice-ml,,,,"['tensorflow', 'pytorch']",,,https://pypi.org/project/dice-ml,38945.0,38945.0,,,,,,,,,,,,3.0,,,,,,,,,,,
544,deepsnap,snap-stanford/deepsnap,graph,,{},18.0,,5,False,deepsnap,,,,,134.0,134.0,https://pypi.org/project/deepsnap,339.0,339.0,,,,,,,,,,,,3.0,,,,,,,,,,,
545,pygraphistry,graphistry/pygraphistry,graph,,{},53.0,,5,False,graphistry,,,,['jupyter'],,,https://pypi.org/project/graphistry,9967.0,9967.0,,,,,,,,,,,,3.0,,,,,,,,,,,
546,FinQuant,fmilthaler/FinQuant,financial-data,,{},7.0,,5,False,FinQuant,,,,,100.0,100.0,https://pypi.org/project/FinQuant,609.0,609.0,,,,,,,,,,,,3.0,,,,,,,,,,,
547,TF-Agents,tensorflow/agents,reinforcement-learning,,{},155.0,,5,False,tf-agents,,,,['tensorflow'],,,https://pypi.org/project/tf-agents,6480.0,6480.0,,,,,,,,,,,,3.0,,,,,,,,,,,
548,Fiber,uber/fiber,distributed-ml,,{},5.0,,5,False,fiber,,,,,96.0,96.0,https://pypi.org/project/fiber,171.0,171.0,,,,,,,,,,,,3.0,,,,,,,,,,,
549,N2,kakao/n2,nn-search,,{},22.0,,5,False,n2,,,,,40.0,40.0,https://pypi.org/project/n2,155.0,155.0,,,,,,,,,,,,3.0,,,,,,,,,,,
550,TF Ranking,tensorflow/ranking,recommender-systems,,{},36.0,,5,False,tensorflow_ranking,,,,['tensorflow'],,,https://pypi.org/project/tensorflow_ranking,53991.0,53991.0,,,,,,,,,,,,3.0,,,,,,,,,,,
551,recmetrics,statisticianinstilettos/recmetrics,recommender-systems,,{},20.0,,5,False,recmetrics,,,,,64.0,64.0,https://pypi.org/project/recmetrics,337.0,337.0,,,,,,,,,,,,3.0,,,,,,,,,,,
552,TimeSide,Parisson/TimeSide,audio,,{},23.0,,5,False,TimeSide,,,,,20.0,20.0,https://pypi.org/project/TimeSide,411.0,411.0,,,,,,,,,,,,3.0,,,,,,,,,,,
553,TensorFlow Privacy,tensorflow/privacy,privacy-ml,,{},63.0,,5,False,tensorflow-privacy,,,,['tensorflow'],,,https://pypi.org/project/tensorflow-privacy,14093.0,14093.0,,,,,,,,,,,,3.0,,,,,,,,,,,
554,Merlin,NVIDIA-Merlin/Merlin,gpu-utilities,,{},32.0,,5,False,merlin-core,,,,,,,https://pypi.org/project/merlin-core,36428.0,36428.0,,,,,,,,,,,,3.0,,,,,,,,,,,
555,AdaBound,Luolc/AdaBound,pytorch-utils,,{},2.0,,5,False,adabound,,,,['pytorch'],233.0,233.0,https://pypi.org/project/adabound,978.0,978.0,,,,,,,,,,,,3.0,,,,,,,,,,,
556,Poutyne,GRAAL-Research/poutyne,pytorch-utils,,{},23.0,,5,False,poutyne,,,,['pytorch'],,,https://pypi.org/project/poutyne,39994.0,39994.0,,,,,,,,,,,,3.0,,,,,,,,,,,
557,facenet-pytorch,timesler/facenet-pytorch,pytorch-utils,,{},18.0,,5,False,facenet-pytorch,,,,['pytorch'],,,https://pypi.org/project/facenet-pytorch,129076.0,129076.0,,,,,,,,,,,,3.0,,,,,,,,,,,
558,TensorFlow Cloud,tensorflow/cloud,tensorflow-utils,,{},31.0,,5,False,tensorflow-cloud,,,,['tensorflow'],,,https://pypi.org/project/tensorflow-cloud,23218.0,23218.0,,,,,,,,,,,,3.0,,,,,,,,,,,
559,evojax,google/evojax,jax-utils,,{},14.0,EvoJAX: Hardware-accelerated Neuroevolution.,5,False,evojax,conda-forge/evojax,,,['jax'],,,https://pypi.org/project/evojax,781.0,1806.0,https://anaconda.org/conda-forge/evojax,2022-02-14 16:32:21.864,2025-04-22 14:58:11.525,2025-04-22 14:58:11.525000,55401.0,20.0,,,,,,3.0,,,,,,,,,,,
560,scikit-tda,scikit-tda/scikit-tda,sklearn-utils,,{},7.0,,5,False,scikit-tda,,,,['sklearn'],99.0,99.0,https://pypi.org/project/scikit-tda,876.0,876.0,,,,,,,,,,,,3.0,,,,,,,,,,,
561,pymdp,infer-actively/pymdp,others,,{},38.0,,5,False,inferactively-pymdp,,,,,,,https://pypi.org/project/inferactively-pymdp,23315.0,23315.0,,,,,,,,,,,,3.0,,,,,,,,,,,
562,awesome-machine-learning,josephmisiti/awesome-machine-learning,data-science,,{},740.0,,4,False,,,,,,23.0,23.0,,,,,,,,,,,,,,,1.0,,,,,,,,,,,
563,awesome-quant,wilsonfreitas/awesome-quant,data-science,,{},312.0,,4,False,,,,,,24.0,24.0,,,,,,,,,,,,,,,1.0,,,,,,,,,,,
564,Neural Network Libraries,sony/nnabla,ml-frameworks,,{},76.0,,4,False,nnabla,,,,,,,https://pypi.org/project/nnabla,1468.0,1468.0,,,,,,,,,,,,3.0,,,,,,,,,,,
565,ivis,beringresearch/ivis,ml-frameworks,,{},10.0,,4,False,ivis,,,,,41.0,41.0,https://pypi.org/project/ivis,365.0,365.0,,,,,,,,,,,,3.0,,,,,,,,,,,
566,Texthero,jbesomi/texthero,nlp,,{},21.0,,4,False,texthero,,,,,,,https://pypi.org/project/texthero,1172.0,1172.0,,,,,,,,,,,,3.0,,,,,,,,,,,
567,finetune,IndicoDataSolutions/finetune,nlp,,{},25.0,,4,False,finetune,,,,"['tensorflow', 'sklearn']",16.0,16.0,https://pypi.org/project/finetune,85.0,85.0,,,,,,,,,,,,3.0,,,,,,,,,,,
568,icevision,airctic/icevision,image,,{},41.0,,4,False,icevision,,,,,,,https://pypi.org/project/icevision,1234.0,1234.0,,,,,,,,,,,,3.0,,,,,,,,,,,
569,PaddleDetection,PaddlePaddle/PaddleDetection,image,,{},188.0,,4,False,paddledet,,,,['paddle'],,,https://pypi.org/project/paddledet,484.0,484.0,,,,,,,,,,,,3.0,,,,,,,,,,,
570,attention-ocr,emedvedev/attention-ocr,ocr,,{},28.0,,4,False,aocr,,,,['tensorflow'],32.0,32.0,https://pypi.org/project/aocr,62.0,62.0,,,,,,,,,,,,3.0,,,,,,,,,,,
571,calamari,Calamari-OCR/calamari,ocr,,{},23.0,,4,False,calamari_ocr,,,,,,,https://pypi.org/project/calamari_ocr,2078.0,2078.0,,,,,,,,,,,,3.0,,,,,,,,,,,
572,responsible-ai-toolbox,microsoft/responsible-ai-toolbox,interpretability,,{},46.0,,4,False,raiwidgets,,,,"['pytorch', 'tensorflow', 'jupyter']",,,https://pypi.org/project/raiwidgets,5109.0,5109.0,,,,,,,,,,,,3.0,,,,,,,,,,,
573,ecco,jalammar/ecco,interpretability,,{},12.0,Visualization tools for NLP machine learning models.,4,False,ecco,conda-forge/ecco,,,['pytorch'],,,https://pypi.org/project/ecco,222.0,389.0,https://anaconda.org/conda-forge/ecco,2021-12-30 22:13:55.932,2025-04-22 14:58:08.015,2025-04-22 14:58:08.015000,9371.0,3.0,,,,,,3.0,,,,,,,,,,,
574,pytorch_geometric_temporal,benedekrozemberczki/pytorch_geometric_temporal,graph,,{},40.0,,4,False,torch-geometric-temporal,,,,['pytorch'],,,https://pypi.org/project/torch-geometric-temporal,2712.0,2712.0,,,,,,,,,,,,3.0,,,,,,,,,,,
575,Neuraxle,Neuraxio/Neuraxle,hyperopt,,{},9.0,,4,False,neuraxle,,,,,69.0,69.0,https://pypi.org/project/neuraxle,103.0,103.0,,,,,,,,,,,,3.0,,,,,,,,,,,
576,Test Tube,williamFalcon/test-tube,hyperopt,,{},16.0,,4,False,test_tube,,,,,,,https://pypi.org/project/test_tube,17678.0,17678.0,,,,,,,,,,,,3.0,,,,,,,,,,,
577,AlphaPy,ScottfreeLLC/AlphaPy,hyperopt,,{},5.0,,4,False,alphapy,,,,,11.0,11.0,https://pypi.org/project/alphapy,163.0,163.0,,,,,,,,,,,,3.0,,,,,,,,,,,
578,Studio.ml,studioml/studio,ml-experiments,,{},24.0,,4,False,studioml,,,,,8.0,8.0,https://pypi.org/project/studioml,213.0,213.0,,,,,,,,,,,,3.0,,,,,,,,,,,
579,rliable,google-research/rliable,reinforcement-learning,,{},9.0,,4,False,rliable,,,,,,,https://pypi.org/project/rliable,8655.0,8655.0,,,,,,,,,,,,3.0,,,,,,,,,,,
580,TensorLayerx,tensorlayer/tensorlayerx,reinforcement-learning,,{},13.0,,4,False,tensorlayerx,,,,['tensorflow'],31.0,31.0,https://pypi.org/project/tensorlayerx,362.0,362.0,,,,,,,,,,,,3.0,,,,,,,,,,,
581,BigDL,intel-analytics/BigDL,distributed-ml,,{},125.0,,4,False,bigdl,,,,,,,https://pypi.org/project/bigdl,1549.0,1549.0,,,,,,,,,,,,3.0,,,,,,,,,,com.intel.analytics.bigdl:bigdl-SPARK_2.4,https://search.maven.org/artifact/com.intel.analytics.bigdl/bigdl-SPARK_2.4
582,BytePS,bytedance/byteps,distributed-ml,,{},21.0,,4,False,byteps,,bytepsimage/tensorflow,,,,,https://pypi.org/project/byteps,70.0,70.0,,,,2020-03-03 02:33:23.358610,,,https://hub.docker.com/r/bytepsimage/tensorflow,2020-03-03 02:33:23.358610,,,2166.0,3.0,Apache-2.0,,,,,,,,,,
583,parallelformers,tunib-ai/parallelformers,distributed-ml,,{},5.0,,4,False,parallelformers,,,,,75.0,75.0,https://pypi.org/project/parallelformers,66.0,66.0,,,,,,,,,,,,3.0,,,,,,,,,,,
584,pytorch_tabular,manujosephv/pytorch_tabular,tabular,,{},29.0,,4,False,pytorch_tabular,,,,['pytorch'],,,https://pypi.org/project/pytorch_tabular,5921.0,5921.0,,,,,,,,,,,,3.0,,,,,,,,,,,
585,NGT,yahoojapan/NGT,nn-search,,{},22.0,,4,False,ngt,,,,,,,https://pypi.org/project/ngt,4372.0,4372.0,,,,,,,,,,,,3.0,,,,,,,,,,,
586,Larq Compute Engine,larq/compute-engine,model-serialisation,,{},19.0,,4,False,larq-compute-engine,,,,,11.0,11.0,https://pypi.org/project/larq-compute-engine,164.0,164.0,,,,,,,,,,,,3.0,,,,,,,,,,,
587,ArrayFire,arrayfire/arrayfire,gpu-utilities,,{},97.0,,4,False,arrayfire,,,,,,,https://pypi.org/project/arrayfire,3259.0,3259.0,,,,,,,,,,,,3.0,,,,,,,,,,,
588,cuML,rapidsai/cuml,gpu-utilities,,{},206.0,,4,False,cuml,,,,,,,https://pypi.org/project/cuml,728.0,728.0,,,,,,,,,,,,3.0,,,,,,,,,,,
589,textflint,textflint/textflint,adversarial,,{},18.0,,4,False,textflint,,,,,21.0,21.0,https://pypi.org/project/textflint,228.0,228.0,,,,,,,,,,,,3.0,,,,,,,,,,,
590,tinygrad,geohot/tinygrad,pytorch-utils,,{},497.0,,4,False,,,,,['pytorch'],23.0,23.0,,,,,,,,,,,,,,,3.0,,,,,,,,,,,
591,Higher,facebookresearch/higher,pytorch-utils,,{},8.0,,4,False,higher,,,,['pytorch'],,,https://pypi.org/project/higher,11083.0,11083.0,,,,,,,,,,,,3.0,,,,,,,,,,,
592,dabl,dabl/dabl,sklearn-utils,,{},24.0,,4,False,dabl,,,,['sklearn'],,,https://pypi.org/project/dabl,1850.0,1850.0,,,,,,,,,,,,3.0,,,,,,,,,,,
593,Mars,mars-project/mars,others,,{},53.0,,4,False,pymars,,,,,,,https://pypi.org/project/pymars,6135.0,6135.0,,,,,,,,,,,,3.0,,,,,,,,,,,
594,PaddleHub,PaddlePaddle/PaddleHub,others,,{},70.0,,4,False,paddlehub,,,,['paddle'],,,https://pypi.org/project/paddlehub,2644.0,2644.0,,,,,,,,,,,,3.0,,,,,,,,,,,
595,pykale,pykale/pykale,others,,{},31.0,,4,False,pykale,,,,['pytorch'],7.0,7.0,https://pypi.org/project/pykale,154.0,154.0,,,,,,,,,,,,3.0,,,,,,,,,,,
596,awesome-python-data-science,krzjoa/awesome-python-data-science,data-science,,{},39.0,,3,False,,,,,,10.0,10.0,,,,,,,,,,,,,,,2.0,,,,,,,,,,,
597,Machine-Learning-Tutorials,ujjwalkarn/Machine-Learning-Tutorials,data-science,,{},34.0,,3,False,,,,,,23.0,23.0,,,,,,,,,,,,,,,2.0,,,,,,,,,,,
598,ML in production,eugeneyan/applied-ml,data-science,,{},53.0,,3,False,,,,,,24.0,24.0,,,,,,,,,,,,,,,2.0,,,,,,,,,,,
599,EvaDB,georgia-tech-db/eva,ml-frameworks,,{},72.0,,3,False,evadb,,,,['pytorch'],,,https://pypi.org/project/evadb,220.0,220.0,,,,,,,,,,,,3.0,,,,,,,,,,,
600,VizSeq,facebookresearch/vizseq,nlp,,{},5.0,,3,False,vizseq,,,,,13.0,13.0,https://pypi.org/project/vizseq,124.0,124.0,,,,,,,,,,,,3.0,,,,,,,,,,,
601,fast-bert,utterworks/fast-bert,nlp,,{},37.0,,3,False,fast-bert,,,,,,,https://pypi.org/project/fast-bert,156.0,156.0,,,,,,,,,,,,3.0,,,,,,,,,,,
602,Sockeye,awslabs/sockeye,nlp,,{},61.0,,3,False,sockeye,,,,['pytorch'],,,https://pypi.org/project/sockeye,493.0,493.0,,,,,,,,,,,,3.0,,,,,,,,,,,
603,Caer,jasmcaus/caer,image,,{},8.0,"A lightweight Computer Vision library. Scale your models, not boilerplate.",3,False,caer,,,https://caer.rtfd.io,,,,https://pypi.org/project/caer,2164.0,2164.0,,,,,,,,,,,,3.0,,,,,,,,,,,
604,vissl,facebookresearch/vissl,image,,{},38.0,,3,False,vissl,,,,['pytorch'],,,https://pypi.org/project/vissl,240.0,240.0,,,,,,,,,,,,3.0,,,,,,,,,,,
605,PySlowFast,facebookresearch/SlowFast,image,,{},39.0,,3,False,pyslowfast,,,,['pytorch'],23.0,23.0,https://pypi.org/project/pyslowfast,18.0,18.0,,,,,,,,,,,,3.0,,,,,,,,,,,
606,DE⫶TR,facebookresearch/detr,image,,{},27.0,,3,False,,,,,['pytorch'],24.0,24.0,,,,,,,,,,,,,,,3.0,,,,,,,,,,,
607,sklearn-evaluation,edublancas/sklearn-evaluation,interpretability,,{},19.0,,3,False,sklearn-evaluation,,,,['sklearn'],,,https://pypi.org/project/sklearn-evaluation,1927.0,1927.0,,,,,,,,,,,,3.0,,,,,,,,,,,
608,fairness-indicators,tensorflow/fairness-indicators,interpretability,,{},39.0,,3,False,fairness-indicators,,,,"['tensorflow', 'jupyter']",,,https://pypi.org/project/fairness-indicators,836.0,836.0,,,,,,,,,,,,3.0,,,,,,,,,,,
609,model-card-toolkit,tensorflow/model-card-toolkit,interpretability,,{},22.0,,3,False,model-card-toolkit,,,,,,,https://pypi.org/project/model-card-toolkit,333.0,333.0,,,,,,,,,,,,3.0,,,,,,,,,,,
610,GraphVite,DeepGraphLearning/graphvite,graph,,{},,A general and high-performance graph embedding system for various applications.,3,False,,milagraph/graphvite,,,,,,,,66.0,https://anaconda.org/milagraph/graphvite,2019-08-05 06:16:49.612,2025-03-25 16:27:49.968,2025-03-25 16:27:49.968000,5601.0,4.0,,,,,,3.0,,,,,,,,,,,
611,PyTorch-BigGraph,facebookresearch/PyTorch-BigGraph,graph,,{},32.0,,3,False,torchbiggraph,,,,['pytorch'],,,https://pypi.org/project/torchbiggraph,849.0,849.0,,,,,,,,,,,,3.0,,,,,,,,,,,
612,DIG,divelab/DIG,graph,,{},50.0,,3,False,dig,,,,,,,https://pypi.org/project/dig,302.0,302.0,,,,,,,,,,,,3.0,,,,,,,,,,,
613,tf-quant-finance,google/tf-quant-finance,financial-data,,{},49.0,,3,False,tf-quant-finance,,,,['tensorflow'],,,https://pypi.org/project/tf-quant-finance,329.0,329.0,,,,,,,,,,,,3.0,,,,,,,,,,,
614,AdaNet,tensorflow/adanet,hyperopt,,{},27.0,,3,False,adanet,,,,['tensorflow'],,,https://pypi.org/project/adanet,526.0,526.0,,,,,,,,,,,,3.0,,,,,,,,,,,
615,Auto Tune Models,HDI-Project/ATM,hyperopt,,{},17.0,,3,False,atm,,,,,26.0,26.0,https://pypi.org/project/atm,125.0,125.0,,,,,,,,,,,,3.0,,,,,,,,,,,
616,chitra,gradsflow/chitra,ml-experiments,,{},14.0,A multi functional library for full stack Deep Learning.,3,False,chitra,conda-forge/chitra,,,,,,https://pypi.org/project/chitra,84.0,218.0,https://anaconda.org/conda-forge/chitra,2022-01-13 13:30:34.982,2025-04-22 14:58:08.672,2025-04-22 14:58:08.672000,7423.0,1.0,,,,,,3.0,,,,,,,,,,,
617,MONAILabel,Project-MONAI/MONAILabel,medical-data,,{},73.0,,3,False,monailabel-weekly,,,,,,,https://pypi.org/project/monailabel-weekly,267.0,267.0,,,,,,,,,,,,3.0,,,,,,,,,,,
618,mesh-transformer-jax,kingoflolz/mesh-transformer-jax,distributed-ml,,{},23.0,,3,False,,,,,['jax'],23.0,23.0,,,,,,,,,,,,,,,3.0,,,,,,,,,,,
619,launchpad,deepmind/launchpad,distributed-ml,,{},28.0,,3,False,dm-launchpad,,,,['tensorflow'],,,https://pypi.org/project/dm-launchpad,891.0,891.0,,,,,,,,,,,,3.0,,,,,,,,,,,
620,Spotlight,maciejkula/spotlight,recommender-systems,,{},11.0,,3,False,,maciejkula/spotlight,,,['pytorch'],,,,,88.0,https://anaconda.org/maciejkula/spotlight,2017-06-28 21:27:28.858,2025-03-25 16:28:52.378,2025-03-25 16:28:52.378000,9715.0,6.0,,,,,,3.0,,,,,,,,,,,
621,Case Recommender,caserec/CaseRecommender,recommender-systems,,{},11.0,,3,False,caserecommender,,,,['sklearn'],15.0,15.0,https://pypi.org/project/caserecommender,115.0,115.0,,,,,,,,,,,,3.0,,,,,,,,,,,
622,TTS,mozilla/TTS,audio,,{},56.0,,3,False,,,,,,24.0,24.0,,,,,,,,,,,,,,,3.0,,,,,,,,,,,
623,ml-ane-transformers,apple/ml-ane-transformers,model-serialisation,,{},,,3,False,ane-transformers,,,,['pytorch'],,,https://pypi.org/project/ane-transformers,2373.0,2373.0,,,,,,,,,,,,3.0,,,,,,,,,,,
624,PipelineDP,OpenMined/PipelineDP,privacy-ml,,{},35.0,,3,False,pipeline-dp,,,,,,,https://pypi.org/project/pipeline-dp,287.0,287.0,,,,,,,,,,,,3.0,,,,,,,,,,,
625,CrypTen,facebookresearch/CrypTen,privacy-ml,,{},40.0,,3,False,crypten,,,,['pytorch'],,,https://pypi.org/project/crypten,327.0,327.0,,,,,,,,,,,,3.0,,,,,,,,,,,
626,DALI,NVIDIA/DALI,gpu-utilities,,{},106.0,,3,False,,,,,,,,,,,,,,,,,,,,,,3.0,Apache-2.0,,,,,,,,,,
627,BlazingSQL,BlazingDB/blazingsql,gpu-utilities,,{},50.0,,3,False,,blazingsql/blazingsql-protocol,,,,,,,,14.0,https://anaconda.org/blazingsql/blazingsql-protocol,2019-09-13 21:17:37.888,2025-03-25 16:26:10.601,2025-03-25 16:26:10.601000,1168.0,5.0,,,,,,3.0,,,,,,,,,,,
628,torch-uncertainty,ENSTA-U2IS-AI/torch-uncertainty,probabilistics,,{},20.0,,3,False,torch-uncertainty,,,,,,,https://pypi.org/project/torch-uncertainty,1838.0,1838.0,,,,,,,,,,,,3.0,,,,,,,,,,,
629,Performer Pytorch,lucidrains/performer-pytorch,pytorch-utils,,{},6.0,,3,False,performer-pytorch,,,,['pytorch'],,,https://pypi.org/project/performer-pytorch,4338.0,4338.0,,,,,,,,,,,,3.0,,,,,,,,,,,
630,Pytorch Toolbelt,BloodAxe/pytorch-toolbelt,pytorch-utils,,{},9.0,,3,False,pytorch_toolbelt,,,,['pytorch'],,,https://pypi.org/project/pytorch_toolbelt,6436.0,6436.0,,,,,,,,,,,,3.0,,,,,,,,,,,
631,Torch-Struct,harvardnlp/pytorch-struct,pytorch-utils,,{},16.0,,3,False,torch-struct,,,,['pytorch'],,,https://pypi.org/project/torch-struct,5177.0,5177.0,,,,,,,,,,,,3.0,,,,,,,,,,,
632,TF Compression,tensorflow/compression,tensorflow-utils,,{},26.0,,3,False,tensorflow-compression,,,,['tensorflow'],,,https://pypi.org/project/tensorflow-compression,1000.0,1000.0,,,,,,,,,,,,3.0,,,,,,,,,,,
633,DESlib,scikit-learn-contrib/DESlib,sklearn-utils,,{},18.0,,3,False,deslib,,,,['sklearn'],,,https://pypi.org/project/deslib,1973.0,1973.0,,,,,,,,,,,,3.0,,,,,,,,,,,
634,Towhee,towhee-io/towhee,others,,{},38.0,,3,False,towhee,,,,,,,https://pypi.org/project/towhee,954.0,954.0,,,,,,,,,,,,3.0,,,,,,,,,,,
635,Brainiak,brainiak/brainiak,medical-data,,{},37.0,,2,False,brainiak,,brainiak/brainiak,,,,,https://pypi.org/project/brainiak,905.0,905.0,,,,2025-01-07 00:51:13.258034,,,https://hub.docker.com/r/brainiak/brainiak,2025-01-07 00:51:13.258034,1.0,1.0,2884.0,3.0,,,,,,,,,,,
636,awesome-datascience,academic/awesome-datascience,data-science,,{},337.0,,2,False,,,,,,,,,,,,,,,,,,,,,,2.0,,,,,,,,,,,
637,awesome-semantic-segmentation,mrgloom/awesome-semantic-segmentation,data-science,,{},16.0,,2,False,,,,,,23.0,23.0,,,,,,,,,,,,,,,2.0,,,,,,,,,,,
638,Awesome-LLMOps,tensorchord/Awesome-LLMOps,data-science,,{},150.0,,2,False,,,,,,,,,,,,,,,,,,,,,,2.0,,,,,,,,,,,
639,awesome-public-datasets,awesomedata/awesome-public-datasets,data-science,,{},167.0,,2,False,,,,,,,,,,,,,,,,,,,,,,2.0,,,,,,,,,,,
640,larq,larq/larq,ml-frameworks,,{},20.0,,2,False,larq,,,,['tensorflow'],,,https://pypi.org/project/larq,790.0,790.0,,,,,,,,,,,,3.0,,,,,,,,,,,
641,runhouse,run-house/runhouse,ml-frameworks,,{},20.0,,2,False,runhouse,,,,,,,https://pypi.org/project/runhouse,438.0,438.0,,,,,,,,,,,,3.0,,,,,,,,,,,
642,nebuly,nebuly-ai/nebuly,nlp,,{},,,2,False,nebuly,,,,,,,https://pypi.org/project/nebuly,222.0,222.0,,,,,,,,,,,,3.0,,,,,,,,,,,
643,lightseq,bytedance/lightseq,nlp,,{},19.0,,2,False,lightseq,,,,,,,https://pypi.org/project/lightseq,489.0,489.0,,,,,,,,,,,,3.0,,,,,,,,,,,
644,nude.py,hhatto/nude.py,image,,{},12.0,,2,False,nudepy,,,,,,,https://pypi.org/project/nudepy,279.0,279.0,,,,,,,,,,,,3.0,,,,,,,,,,,
645,FlashTorch,MisaOgura/flashtorch,interpretability,,{},2.0,,2,False,flashtorch,,,,['pytorch'],23.0,23.0,https://pypi.org/project/flashtorch,87.0,87.0,,,,,,,,,,,,3.0,,,,,,,,,,,
646,bias-detector,intuit/bias-detector,interpretability,,{},4.0,,2,False,bias-detector,,,,,4.0,4.0,https://pypi.org/project/bias-detector,59.0,59.0,,,,,,,,,,,,3.0,,,,,,,,,,,
647,Anchor,marcotcr/anchor,interpretability,,{},10.0,,2,False,anchor_exp,,,,,,,https://pypi.org/project/anchor_exp,1008.0,1008.0,,,,,,,,,,,,3.0,,,,,,,,,,,
648,Attribution Priors,suinleelab/attributionpriors,interpretability,,{},6.0,,2,False,attributionpriors,,,,"['tensorflow', 'pytorch']",7.0,7.0,https://pypi.org/project/attributionpriors,26.0,26.0,,,,,,,,,,,,3.0,,,,,,,,,,,
649,ExplainX.ai,explainX/explainx,interpretability,,{},6.0,,2,False,explainx,,,,,7.0,7.0,https://pypi.org/project/explainx,27.0,27.0,,,,,,,,,,,,3.0,,,,,,,,,,,
650,graph4nlp,graph4ai/graph4nlp,graph,,{},29.0,,2,False,graph4nlp,,,,['pytorch'],,,https://pypi.org/project/graph4nlp,68.0,68.0,,,,,,,,,,,,3.0,,,,,,,,,,,
651,finmarketpy,cuemacro/finmarketpy,financial-data,,{},19.0,,2,False,finmarketpy,,,,,,,https://pypi.org/project/finmarketpy,418.0,418.0,,,,,,,,,,,,3.0,,,,,,,,,,,
652,opytimizer,gugarosa/opytimizer,hyperopt,,{},4.0,,2,False,opytimizer,,,,,,,https://pypi.org/project/opytimizer,566.0,566.0,,,,,,,,,,,,3.0,,,,,,,,,,,
653,datmo,datmo/datmo,ml-experiments,,{},6.0,,2,False,datmo,,,,,7.0,7.0,https://pypi.org/project/datmo,59.0,59.0,,,,,,,,,,,,3.0,,,,,,,,,,,
654,azureml-examples,Azure/azureml-examples,ml-experiments,,{},285.0,,2,False,,,,,,,,,,,,,,,,,,,,,,3.0,,,,,,,,,,,
655,Pearl,facebookresearch/Pearl,reinforcement-learning,,{},54.0,,2,False,pearl,,,,,,,https://pypi.org/project/pearl,115.0,115.0,,,,,,,,,,,,3.0,,,,,,,,,,,
656,Maze,enlite-ai/maze,reinforcement-learning,,{},3.0,Maze is an application-oriented deep reinforcement learning framework.,2,False,maze-rl,,enliteai/maze,,['pytorch'],,,https://pypi.org/project/maze-rl,44.0,44.0,,,,2025-11-21 11:11:16.871310,,,https://hub.docker.com/r/enliteai/maze,2025-11-21 11:11:16.871310,,,1386.0,3.0,Custom,,,,,,,,,,
657,DeepNeuro,QTIM-Lab/DeepNeuro,medical-data,,{},6.0,,2,False,deepneuro,,,,,3.0,3.0,https://pypi.org/project/deepneuro,32.0,32.0,,,,,,,,,,,,3.0,,,,,,,,,,,
658,MedicalNet,Tencent/MedicalNet,medical-data,,{},,,2,False,,,,,,,,,,,,,,,,,,,,,,3.0,MIT,,,,,,,,,,
659,luminaire,zillow/luminaire,time-series-data,,{},11.0,,2,False,luminaire,,,,,5.0,5.0,https://pypi.org/project/luminaire,117.0,117.0,,,,,,,,,,,,3.0,,,,,,,,,,,
660,OpenRec,ylongqi/openrec,recommender-systems,,{},11.0,,2,False,openrec,,,,,5.0,5.0,https://pypi.org/project/openrec,30.0,30.0,,,,,,,,,,,,3.0,,,,,,,,,,,
661,tts-generation-webui,rsxdalv/tts-generation-webui,audio,,{},15.0,,2,False,,,,,,11.0,11.0,,,,,,,,,,,,,,,3.0,,,,,,,,,,,
662,modelkit,Cornerstone-OnDemand/modelkit,model-serialisation,,{},14.0,,2,False,modelkit,,,,,,,https://pypi.org/project/modelkit,561.0,561.0,,,,,,,,,,,,3.0,,,,,,,,,,,
663,benchmark_VAE,clementchadebec/benchmark_VAE,pytorch-utils,,{},18.0,,2,False,,,,,['pytorch'],41.0,41.0,,,,,,,,,,,,,,,3.0,,,,,,,,,,,
664,jaxdf,ucl-bug/jaxdf,jax-utils,,{},4.0,,2,False,,,,,['jax'],13.0,13.0,,,,,,,,,,,,,,,3.0,,,,,,,,,,,
665,Image Super-Resolution,idealo/image-super-resolution,image,,{},11.0,Implementation of RDN for image super resolution.,1,False,ISR,,idealo/image-super-resolution-gpu,,['tensorflow'],,,https://pypi.org/project/ISR,836.0,836.0,,,,2019-04-01 13:48:45.697251,,,https://hub.docker.com/r/idealo/image-super-resolution-gpu,2019-04-01 13:48:45.697251,1.0,1.0,1142.0,3.0,,,,,,,,,,,
666,best-of-ml-python,ml-tooling/best-of-ml-python,data-science,,{},57.0,,1,False,,,,,,,,,,,,,,,,,,,,,,3.0,,,,,,,,,,,
667,awesome-agents,kyrolabs/awesome-agents,data-science,,{},127.0,,1,False,,,,,,,,,,,,,,,,,,,,,,3.0,,,,,,,,,,,
668,awesome-ai-agents,e2b-dev/awesome-ai-agents,data-science,,{},60.0,,1,False,,,,,,,,,,,,,,,,,,,,,,3.0,,,,,,,,,,,
669,awesome_time_series_in_python,MaxBenChrist/awesome_time_series_in_python,data-science,,{},23.0,,1,False,,,,,,,,,,,,,,,,,,,,,,3.0,,,,,,,,,,,
670,Awesome-LLM,Hannibal046/Awesome-LLM,data-science,,{},134.0,,1,False,,,,,,,,,,,,,,,,,,,,,,3.0,,,,,,,,,,,
671,mace,XiaoMi/mace,ml-frameworks,,{},69.0,,1,False,,,,,,,,,,,,,,,,,,,,,,3.0,,,,,,,,,,,
672,NeuralCompression,facebookresearch/NeuralCompression,image,,{},10.0,,1,False,neuralcompression,,,,,,,https://pypi.org/project/neuralcompression,144.0,144.0,,,,,,,,,,,,3.0,,,,,,,,,,,
673,scenic,google-research/scenic,image,,{},100.0,,1,False,,,,,['jax'],,,,,,,,,,,,,,,,,3.0,,,,,,,,,,,
674,interpret-text,interpretml/interpret-text,interpretability,,{},18.0,,1,False,interpret-text,,,,['jupyter'],,,https://pypi.org/project/interpret-text,65.0,65.0,,,,,,,,,,,,3.0,,,,,,,,,,,
675,pyRDF2Vec,IBCNServices/pyRDF2Vec,graph,,{},7.0,Python Implementation and Extension of RDF2Vec.,1,False,pyrdf2vec,,,,,,,https://pypi.org/project/pyrdf2vec,126.0,126.0,,,,,,,,,,,,3.0,,,,,,,,,,,
676,typedb-ml,vaticle/typedb-ml,graph,,{},13.0,,1,False,typedb-ml,,,,,,,https://pypi.org/project/typedb-ml,25.0,25.0,,,,,,,,,,,,3.0,,,,,,,,,,,
677,HyperparameterHunter,HunterMcGushion/hyperparameter_hunter,hyperopt,,{},4.0,,1,False,hyperparameter-hunter,,,,,,,https://pypi.org/project/hyperparameter-hunter,76.0,76.0,,,,,,,,,,,,3.0,,,,,,,,,,,
678,Auptimizer,LGE-ARC-AdvancedAI/auptimizer,hyperopt,,{},11.0,,1,False,auptimizer,,,,,,,https://pypi.org/project/auptimizer,75.0,75.0,,,,,,,,,,,,3.0,,,,,,,,,,,
679,bluefog,Bluefog-Lib/bluefog,distributed-ml,,{},9.0,,1,False,bluefog,,,,['pytorch'],5.0,5.0,https://pypi.org/project/bluefog,15.0,15.0,,,,,,,,,,,,3.0,,,,,,,,,,,
680,MMLSpark,microsoft/SynapseML,distributed-ml,,{},133.0,,1,False,mmlspark,,,,['spark'],,,https://pypi.org/project/mmlspark,,,,,,,,,,,,,,3.0,,,,,,,,,,,
681,Collie,ShopRunner/collie,recommender-systems,,{},,,1,False,collie,,,,['pytorch'],,,https://pypi.org/project/collie,77.0,77.0,,,,,,,,,,,,3.0,,,,,,,,,,,
682,rs_metrics,Darel13712/rs_metrics,recommender-systems,,{},,,1,False,rs_metrics,,,,,,,https://pypi.org/project/rs_metrics,22.0,22.0,,,,,,,,,,,,3.0,,,,,,,,,,,
683,backprop,backprop-ai/backprop,model-serialisation,,{},8.0,,1,False,backprop,,,,,,,https://pypi.org/project/backprop,122.0,122.0,,,,,,,,,,,,3.0,,,,,,,,,,,
684,KD-Lib,SforAiDl/KD_Lib,pytorch-utils,,{},6.0,,1,False,KD-Lib,,,,['pytorch'],,,https://pypi.org/project/KD-Lib,52.0,52.0,,,,,,,,,,,,3.0,,,,,,,,,,,
685,pandas-ai,gventuri/pandas-ai,others,,{},112.0,,1,False,pandas-ai,,,,,,,https://pypi.org/project/pandas-ai,,,,,,,,,,,,,,3.0,,,,,,,,,,,
686,StreamAlert,airbnb/streamalert,others,,{},33.0,,1,False,,,,,,,,,,,,,,,,,,,,,,3.0,,,,,,,,,,,
687,awesome-time-series,lmmentel/awesome-time-series,data-science,,{},14.0,,0,False,,,,,,,,,,,,,,,,,,,,,,,,,,,,,,,,,
688,Data-science,khuyentran1401/Data-science,data-science,,{},8.0,,0,False,,,,,,,,,,,,,,,,,,,,,,,,,,,,,,,,,
689,datascience,r0f1/datascience,data-science,,{},20.0,,0,False,,,,,,,,,,,,,,,,,,,,,,,,,,,,,,,,,
690,Production-Level-Deep-Learning,alirezadir/Production-Level-Deep-Learning,data-science,,{},11.0,,0,False,,,,,,,,,,,,,,,,,,,,,,,,,,,,,,,,,
691,kaggle-solutions,faridrashidi/kaggle-solutions,data-science,,{},5.0,,0,False,,,,,,,,,,,,,,,,,,,,,,,,,,,,,,,,,
692,nupic.torch,numenta/nupic.torch,ml-frameworks,,{},14.0,,0,False,nupic.torch,,,,,,,https://pypi.org/project/nupic.torch,,,,,,,,,,,,,,,,,,,,,,,,,
693,AutoGL,THUMNLab/AutoGL,graph,,{},18.0,,0,False,auto-graph-learning,,,,['pytorch'],,,https://pypi.org/project/auto-graph-learning,,,,,,,,,,,,,,,,,,,,,,,,,
694,OpenKE,thunlp/OpenKE,graph,,{},14.0,,0,False,,,,,,,,,,,,,,,,,,,,,,,,,,,,,,,,,
695,OpenNE,thunlp/OpenNE,graph,,{},12.0,,0,False,,,,,['tensorflow'],,,,,,,,,,,,,,,,,,,,,,,,,,,,
696,GraphEmbedding,shenweichen/GraphEmbedding,graph,,{},9.0,,0,False,,,,,['sklearn'],,,,,,,,,,,,,,,,,,,,,,,,,,,,
697,surpriver,tradytics/surpriver,financial-data,,{},6.0,,0,False,,,,,,,,,,,,,,,,,,,,,,,,,,,,,,,,,
698,traintool,jrieke/traintool,ml-experiments,,{},,,0,False,traintool,,,,"['pytorch', 'tensorflow', 'sklearn']",,,https://pypi.org/project/traintool,13.0,13.0,,,,,,,,,,,,,,,,,,,,,,,
699,nnDetection,MIC-DKFZ/nnDetection,medical-data,,{},12.0,,0,False,,,,,['pytorch'],,,,,,,,,,,,,,,,,,,,,,,,,,,,
700,moolib,facebookresearch/moolib,distributed-ml,,{},6.0,,0,False,,,,,['pytorch'],,,,,,,,,,,,,,,,,,,,,,,,,,,,
701,rvc-tts-webui,litagin02/rvc-tts-webui,audio,,{},,,0,False,,,,,,,,,,,,,,,,,,,,,,,,,,,,,,,,,
702,Retrieval-based-Voice-Conversion-WebUI,RVC-Project/Retrieval-based-Voice-Conversion-WebUI,audio,,{},,,0,False,,,,,,,,,,,,,,,,,,,,,,,,,,,,,,,,,
703,audio-webui,gitmylo/audio-webui,audio,,{},10.0,,0,False,,,,,,,,,,,,,,,,,,,,,,,,,,,,,,,,,
704,ultimatevocalremovergui,Anjok07/ultimatevocalremovergui,audio,,{},8.0,,0,False,,,,,,,,,,,,,,,,,,,,,,,,,,,,,,,,,
705,textlesslib,facebookresearch/textlesslib,audio,,{},8.0,,0,False,,,,,['pytorch'],,,,,,,,,,,,,,,,,,,,,,,,,,,,
706,FATE,FederatedAI/FATE,privacy-ml,,{},102.0,,0,False,ETAF,,,,,1.0,1.0,https://pypi.org/project/ETAF,1.0,1.0,,,,,,,,,,,,,,,,,,,,,,,
707,traingenerator,jrieke/traingenerator,others,,{},3.0,,0,False,,,,,,,,,,,,,,,,,,,,,,,,,,,,,,,,,
708,awesome-RecSys,jihoo-kim/awesome-RecSys,data-science,,{},2.0,,-1,False,,,,,,,,,,,,,,,,,,,,,,3.0,,,,,,,,,,,
709,tslumen,hsbc/tslumen,time-series-data,,{},2.0,,-1,False,tslumen,conda-forge/tslumen,,,,,,https://pypi.org/project/tslumen,15.0,15.0,https://anaconda.org/conda-forge/tslumen,,,,,,,,,,,3.0,,,,,,,,,,,
