,name,github_id,category,resource,homepage,contributor_count,description,projectrank,show,pypi_id,conda_id,dockerhub_id,docs_url,labels,dependent_project_count,github_dependent_project_count,pypi_url,pypi_monthly_downloads,monthly_downloads,conda_url,created_at,conda_latest_release_published_at,updated_at,conda_total_downloads,release_count,dockerhub_url,dockerhub_latest_release_published_at,dockerhub_stars,star_count,dockerhub_pulls,projectrank_placing,license,npm_id,npm_url,npm_monthly_downloads,helm_id,brew_id,apt_id,yum_id,trending,maven_id,maven_url
0,ANN Benchmarks,erikbern/ann-benchmarks,nn-search,True,{},112.0,,0,True,,,,,,,,,,,,,,,,,,,,,,,,,,,,,,,,,
1,best-of-web-python - Web Scraping,ml-tooling/best-of-web-python,web-scraping,True,https://github.com/ml-tooling/best-of-web-python#web-scraping--crawling,17.0,Collection of web-scraping and crawling libraries.,0,True,,,,,,,,,,,,,,,,,,,,,,,,,,,,,,,,,
2,best-of-python - Data Extraction,ml-tooling/best-of-python,data-loading,True,https://github.com/ml-tooling/best-of-python#data-loading--extraction,18.0,Collection of data-loading and -extraction libraries.,0,True,,,,,,,,,,,,,,,,,,,,,,,,,,,,,,,,,
3,best-of-python - DB Clients,ml-tooling/best-of-python,db-clients,True,https://github.com/ml-tooling/best-of-python#database-clients,18.0,Collection of database clients for python.,0,True,,,,,,,,,,,,,,,,,,,,,,,,,,,,,,,,,
4,best-of-python - Data Containers,ml-tooling/best-of-python,data-containers,True,https://github.com/ml-tooling/best-of-python#data-containers--dataframes,18.0,"Collection of data-container, dataframe, and pandas-utility libraries.",0,True,,,,,,,,,,,,,,,,,,,,,,,,,,,,,,,,,
5,best-of-python - Data Pipelines,ml-tooling/best-of-python,data-pipelines,True,https://github.com/ml-tooling/best-of-python#data-pipelines--streaming,18.0,"Libraries for data batch- and stream-processing, workflow automation, job scheduling, and other data pipeline tasks.",0,True,,,,,,,,,,,,,,,,,,,,,,,,,,,,,,,,,
6,Tensorflow,tensorflow/tensorflow,ml-frameworks,,{},5237.0,TensorFlow is an end-to-end open source platform for machine learning.,25,False,tensorflow,conda-forge/tensorflow,tensorflow/tensorflow,https://www.tensorflow.org/overview,['tensorflow'],547467.0,547467.0,https://pypi.org/project/tensorflow,19405219.0,20634746.0,https://anaconda.org/conda-forge/tensorflow,2020-07-15 17:39:13.415,2026-05-07 01:46:13.942,2026-08-13 12:56:08.270533,7265762.0,46.0,https://hub.docker.com/r/tensorflow/tensorflow,2026-08-13 12:56:08.270533,2914.0,2914.0,82489835.0,1.0,,,,,,,,,,,
7,Pillow,python-pillow/Pillow,image,,{},518.0,Pillow is the friendly PIL fork by Alex Clark and Contributors.,25,True,Pillow,conda-forge/pillow,,,,2474584.0,2474584.0,https://pypi.org/project/Pillow,552636999.0,553757847.0,https://anaconda.org/conda-forge/pillow,2020-07-02 12:37:30.903,2026-07-01 14:19:14.756,2026-07-01 14:19:14.756000,81821908.0,60.0,,,,,,1.0,PIL,,,,,,,,,,
8,Matplotlib,matplotlib/matplotlib,data-viz,,{},1901.0,Publication quality figures in Python.,25,True,matplotlib,conda-forge/matplotlib,,,,1914814.0,1914814.0,https://pypi.org/project/matplotlib,243574273.0,244134162.0,https://anaconda.org/conda-forge/matplotlib,2020-06-19 14:20:14.311,2026-07-28 04:12:59.218,2026-07-28 04:12:59.218000,41431806.0,84.0,,,,,,1.0,,,,,,,,,,,
9,PyTorch,pytorch/pytorch,ml-frameworks,,{},6837.0,PyTorch is an optimized tensor library for deep learning using GPUs and CPUs.,24,False,torch,pytorch/pytorch,,https://pytorch.org/docs/stable/index.html,['pytorch'],872199.0,872199.0,https://pypi.org/project/torch,95449310.0,95988907.0,https://anaconda.org/pytorch/pytorch,2021-09-14 15:18:07.767,2025-03-25 16:24:31.802,2025-03-25 16:24:31.802000,31836232.0,32.0,,,,,,1.0,BSD-3-Clause,,,,,,,,,,
10,scikit-learn,scikit-learn/scikit-learn,ml-frameworks,,{},3551.0,A set of python modules for machine learning and data mining.,24,False,scikit-learn,conda-forge/scikit-learn,,,['sklearn'],1369920.0,1369920.0,https://pypi.org/project/scikit-learn,234734522.0,235403445.0,https://anaconda.org/conda-forge/scikit-learn,2020-05-13 13:26:05.862,2026-06-02 15:39:39.655,2026-06-02 15:39:39.655000,50169277.0,63.0,,,,,,1.0,,,,,,,,,,,
11,transformers,huggingface/transformers,nlp,,{},4063.0,State-of-the-art Natural Language Processing for TensorFlow 2.0 and PyTorch.,24,False,transformers,conda-forge/transformers,,,"['pytorch', 'tensorflow']",431812.0,431812.0,https://pypi.org/project/transformers,192709895.0,192776235.0,https://anaconda.org/conda-forge/transformers,2020-07-21 09:47:14.490,2026-08-10 22:13:40.573,2026-08-10 22:13:40.573000,4842860.0,195.0,,,,,,1.0,,,,,,,,,,,
12,nltk,nltk/nltk,nlp,,{},517.0,Suite of libraries and programs for symbolic and statistical natural language processing for English.,22,False,nltk,conda-forge/nltk,,,,421947.0,421947.0,https://pypi.org/project/nltk,71135432.0,71199159.0,https://anaconda.org/conda-forge/nltk,2021-03-23 13:25:58.880,2026-08-05 19:33:12.668,2026-08-05 19:33:12.668000,4142262.0,25.0,,,,,,1.0,,,,,,,,,,,
13,Tokenizers,huggingface/tokenizers,nlp,,{},150.0,Fast State-of-the-Art Tokenizers optimized for Research and Production.,22,False,tokenizers,conda-forge/tokenizers,,,,205738.0,205738.0,https://pypi.org/project/tokenizers,252452945.0,252524474.0,https://anaconda.org/conda-forge/tokenizers,2020-07-20 15:07:28.335,2026-06-29 18:15:09.757,2026-06-29 18:15:09.757000,5221675.0,39.0,,,,,,1.0,,,,,,,,,,,
14,Plotly,plotly/plotly.py,data-viz,,{},330.0,"An interactive, browser-based graphing library for Python.",22,False,plotly,conda-forge/plotly,,,,476086.0,476086.0,https://pypi.org/project/plotly,71115362.0,71326432.0,https://anaconda.org/conda-forge/plotly,2020-05-26 16:18:32.550,2026-07-09 19:32:48.385,2026-07-09 19:32:48.385000,15769067.0,119.0,,,,,,1.0,,plotlywidget,https://www.npmjs.com/package/plotlywidget,816.0,,,,,,,
15,networkx,networkx/networkx,graph,,{},850.0,Python package for creating and manipulating complex networks.,22,False,networkx,conda-forge/networkx,,,,459364.0,459364.0,https://pypi.org/project/networkx,281875067.0,282359812.0,https://anaconda.org/conda-forge/networkx,2020-08-23 19:28:59.969,2025-12-08 17:32:15.937,2025-12-08 17:32:15.937000,34901651.0,33.0,,,,,,1.0,,,,,,,,,,,
16,Keras,keras-team/keras,ml-frameworks,,{},1551.0,Deep Learning for Python.,21,False,keras,conda-forge/keras,,https://keras.io,['tensorflow'],308236.0,308236.0,https://pypi.org/project/keras,18913229.0,18985705.0,https://anaconda.org/conda-forge/keras,2020-06-25 19:13:32.150,2026-07-30 13:59:39.561,2026-07-30 13:59:39.561000,5363262.0,52.0,,,,,,1.0,,,,,,,,,,,
17,XGBoost,dmlc/xgboost,ml-frameworks,,{},698.0,"Scalable, Portable and Distributed Gradient Boosting (GBDT, GBRT or GBM) Library, for Python, R, Java, Scala, C++ and..",21,False,xgboost,conda-forge/xgboost,,https://xgboost.readthedocs.io/en/latest/,,172876.0,172876.0,https://pypi.org/project/xgboost,48024238.0,48134681.0,https://anaconda.org/conda-forge/xgboost,2020-07-02 21:36:28.150,2026-08-11 04:29:01.557,2026-08-11 04:29:01.557000,8062342.0,44.0,,,,,,1.0,,,,,,,,,,,
18,sentence-transformers,UKPLab/sentence-transformers,nlp,,{},289.0,Sentence Embeddings using BERT / RoBERTa / XLNet.,21,False,sentence-transformers,conda-forge/sentence-transformers,,,['pytorch'],139573.0,139573.0,https://pypi.org/project/sentence-transformers,31100162.0,31129175.0,https://anaconda.org/conda-forge/sentence-transformers,2020-09-18 19:41:05.496,2026-08-08 06:21:08.279,2026-08-08 06:21:08.279000,2059923.0,50.0,,,,,,1.0,,,,,,,,,,,
19,Seaborn,mwaskom/seaborn,data-viz,,{},217.0,Statistical data visualization.,21,False,seaborn,conda-forge/seaborn,,,,718109.0,718109.0,https://pypi.org/project/seaborn,38516891.0,38763562.0,https://anaconda.org/conda-forge/seaborn,2020-06-11 12:34:59.562,2025-04-22 14:56:26.328,2025-04-22 14:56:26.328000,18253725.0,15.0,,,,,,1.0,,,,,,,,,,,
20,Altair,altair-viz/altair,data-viz,,{},200.0,Altair: A declarative statistical visualization library for Python.,21,False,altair,conda-forge/altair,,,,249372.0,249372.0,https://pypi.org/project/altair,53753633.0,53819454.0,https://anaconda.org/conda-forge/altair,2021-12-29 16:43:13.728,2026-06-25 09:08:16.682,2026-06-25 09:08:16.682000,3685985.0,35.0,,,,,,1.0,,,,,,,,,,,
21,pyproj,pyproj4/pyproj,geospatial-data,,{},83.0,Python interface to PROJ library.,21,False,pyproj,conda-forge/pyproj,,,,49807.0,49807.0,https://pypi.org/project/pyproj,25874447.0,26076259.0,https://anaconda.org/conda-forge/pyproj,2020-07-28 04:30:26.055,2026-08-10 09:08:02.355,2026-08-10 09:08:02.355000,14732311.0,37.0,,,,,,1.0,MIT,,,,,,,,,,
22,wandb client,wandb/client,ml-experiments,,{},250.0,"The AI developer platform. Use Weights & Biases to train and fine-tune models, and manage models from experimentation..",21,False,wandb,conda-forge/wandb,,,,89935.0,89935.0,https://pypi.org/project/wandb,27266667.0,27290086.0,https://anaconda.org/conda-forge/wandb,2020-07-28 19:00:23.555,2026-07-21 22:59:37.840,2026-07-21 22:59:37.840000,1709599.0,111.0,,,,,,1.0,,,,,,,,,,,
23,mlflow,mlflow/mlflow,ml-experiments,,{},1140.0,MLflow is an open source platform for the machine learning lifecycle.,21,False,mlflow,conda-forge/mlflow,,,,69186.0,69186.0,https://pypi.org/project/mlflow,42050608.0,42120184.0,https://anaconda.org/conda-forge/mlflow,2020-06-25 18:11:47.672,2026-08-03 13:56:12.118,2026-08-03 13:56:12.118000,5148625.0,123.0,,,,,,1.0,,,,,,,,,,,
24,dask,dask/dask,distributed-ml,,{},655.0,Parallel PyData with Task Scheduling.,21,False,dask,conda-forge/dask,,,,80220.0,80220.0,https://pypi.org/project/dask,30077525.0,30310515.0,https://anaconda.org/conda-forge/dask,2020-05-27 04:42:11.739,2026-07-14 19:10:02.983,2026-07-14 19:10:02.983000,17474251.0,210.0,,,,,,1.0,,,,,stable/dask,,,,,,
25,accelerate,huggingface/accelerate,pytorch-utils,,{},426.0,Training loop of PyTorch without boilerplate code.,21,False,accelerate,conda-forge/accelerate,,,['pytorch'],117344.0,117344.0,https://pypi.org/project/accelerate,27211266.0,27240291.0,https://anaconda.org/conda-forge/accelerate,2021-10-11 19:33:54.475,2026-06-12 15:26:42.843,2026-06-12 15:26:42.843000,1683490.0,64.0,,,,,,1.0,,,,,,,,,,,
26,SymPy,sympy/sympy,others,,{},1502.0,Python library for symbolic mathematics.,21,False,sympy,conda-forge/sympy,,,,308739.0,308739.0,https://pypi.org/project/sympy,171458769.0,171669663.0,https://anaconda.org/conda-forge/sympy,2020-05-24 15:55:07.810,2026-02-24 17:00:41.277,2026-02-24 17:00:41.277000,15817119.0,25.0,,,,,,1.0,,,,,,,,,,,
27,StatsModels,statsmodels/statsmodels,ml-frameworks,,{},548.0,Statistical computations and models for use with SciPy.,20,False,statsmodels,conda-forge/statsmodels,,,,185627.0,185627.0,https://pypi.org/project/statsmodels,41239096.0,41614364.0,https://anaconda.org/conda-forge/statsmodels,2020-06-12 12:09:15.928,2025-12-06 02:07:50.082,2025-12-06 02:07:50.082000,27769833.0,23.0,,,,,,2.0,,,,,,,,,,,
28,jax,google/jax,ml-frameworks,,{},1105.0,"Composable transformations of Python+NumPy programs: differentiate, vectorize, JIT to GPU/TPU, and more.",20,False,jax,conda-forge/jaxlib,,,,50782.0,50782.0,https://pypi.org/project/jax,20195276.0,20253970.0,https://anaconda.org/conda-forge/jaxlib,2020-06-16 01:44:03.567,2026-07-06 18:55:29.549,2026-07-06 18:55:29.549000,4343373.0,93.0,,,,,,2.0,,,,,,,,,,,
29,spaCy,explosion/spaCy,nlp,,{},781.0,Industrial-strength Natural Language Processing.,20,False,spacy,conda-forge/spacy,,,,146151.0,146151.0,https://pypi.org/project/spacy,24350116.0,24473541.0,https://anaconda.org/conda-forge/spacy,2020-06-17 09:17:51.026,2026-03-29 21:12:40.594,2026-03-29 21:12:40.594000,9133501.0,92.0,,,,,,1.0,,,,,,,,,,,
30,sentencepiece,google/sentencepiece,nlp,,{},117.0,Unsupervised text tokenizer for Neural Network-based text generation.,20,False,sentencepiece,conda-forge/sentencepiece,,,,130344.0,130344.0,https://pypi.org/project/sentencepiece,36691396.0,36722483.0,https://anaconda.org/conda-forge/sentencepiece,2020-07-09 18:30:01.986,2026-06-22 20:34:01.820,2026-06-22 20:34:01.820000,2269380.0,8.0,,,,,,1.0,,,,,,,,,,,
31,langchain,langchain-ai/langchain,agents,,{},3708.0,,20,False,langchain,,,,,290248.0,290248.0,https://pypi.org/project/langchain,281508705.0,281508705.0,,,,,,,,,,,,1.0,,,,,,,,,,,
32,scikit-image,scikit-image/scikit-image,image,,{},650.0,Image processing in Python.,20,False,scikit-image,conda-forge/scikit-image,,,,247443.0,247443.0,https://pypi.org/project/scikit-image,28259620.0,28409375.0,https://anaconda.org/conda-forge/scikit-image,2020-06-09 21:49:09.288,2025-12-25 22:03:47.378,2025-12-25 22:03:47.378000,11081938.0,29.0,,,,,,1.0,,,,,,,,,,,
33,dash,plotly/dash,data-viz,,{},219.0,A Python framework for building reactive web-apps. Developed by Plotly.,20,False,dash,conda-forge/dash,,,,91002.0,91002.0,https://pypi.org/project/dash,10507708.0,10542154.0,https://anaconda.org/conda-forge/dash,2020-06-21 21:47:00.236,2026-07-22 05:14:16.153,2026-07-22 05:14:16.153000,2549005.0,126.0,,,,,,1.0,,,,,,,,,,,
34,Shapely,shapely/shapely,geospatial-data,,{},176.0,Python package for manipulation and analysis of geometric objects in the Cartesian plane.,20,False,shapely,conda-forge/shapely,,,,123210.0,123210.0,https://pypi.org/project/shapely,79520592.0,79783472.0,https://anaconda.org/conda-forge/shapely,2020-08-21 06:18:37.778,2025-11-07 14:27:39.980,2025-11-07 14:27:39.980000,18927376.0,36.0,,,,,,1.0,,,,,,,,,,,
35,Tensorboard,tensorflow/tensorboard,ml-experiments,,{},336.0,TensorFlows Visualization Toolkit.,20,False,tensorboard,conda-forge/tensorboard,,,['tensorflow'],339990.0,339990.0,https://pypi.org/project/tensorboard,27610593.0,27718662.0,https://anaconda.org/conda-forge/tensorboard,2020-06-22 10:06:52.606,2026-05-24 17:36:10.396,2026-05-24 17:36:10.396000,7997106.0,45.0,,,,,,1.0,,,,,,,,,,,
36,Gymnasium,Farama-Foundation/Gymnasium,reinforcement-learning,,{},600.0,A standard API for reinforcement learning and a diverse set of reference environments (formerly Gym).,20,False,gymnasium,conda-forge/gymnasium,,,,23243.0,23243.0,https://pypi.org/project/gymnasium,7116541.0,7126526.0,https://anaconda.org/conda-forge/gymnasium,2022-12-09 21:41:49.555,2026-05-28 18:13:39.730,2026-05-28 18:13:39.730000,439356.0,12.0,,,,,,1.0,MIT,,,,,,,,,,
37,Ray,ray-project/ray,distributed-ml,,{},1685.0,Ray is a fast and simple framework for building and running distributed applications.,20,False,ray,conda-forge/ray-tune,,,,29345.0,29345.0,https://pypi.org/project/ray,63273910.0,63292006.0,https://anaconda.org/conda-forge/ray-tune,2020-12-10 16:27:52.723,2026-05-11 14:58:33.213,2026-05-11 14:58:33.213000,1230588.0,79.0,,,,,,1.0,,,,,,,,,,,
38,pytorch-lightning,Lightning-AI/lightning,ml-frameworks,,{},1070.0,PyTorch Lightning is the lightweight PyTorch wrapper for ML researchers. Scale your models. Write less boilerplate.,19,False,pytorch-lightning,conda-forge/pytorch-lightning,,,['pytorch'],50834.0,50834.0,https://pypi.org/project/pytorch-lightning,10856362.0,10885583.0,https://anaconda.org/conda-forge/pytorch-lightning,2020-06-03 07:36:42.521,2026-06-02 08:12:13.235,2026-06-02 08:12:13.235000,2162397.0,129.0,,,,,,2.0,,,,,,,,,,,
39,einops,arogozhnikov/einops,ml-frameworks,,{},38.0,A new flavour of deep learning operations.,19,False,einops,conda-forge/einops,,,,90715.0,90715.0,https://pypi.org/project/einops,25375805.0,25387285.0,https://anaconda.org/conda-forge/einops,2020-10-15 20:10:16.939,2026-01-26 11:30:26.666,2026-01-26 11:30:26.666000,803629.0,12.0,,,,,,2.0,,,,,,,,,,,
40,litellm,BerriAI/litellm,nlp,,{},1574.0,,19,False,litellm,,,,,27676.0,27676.0,https://pypi.org/project/litellm,741403911.0,741403911.0,,,,,,,,,,,,2.0,,,,,,,,,,,
41,gensim,RaRe-Technologies/gensim,nlp,,{},464.0,Topic Modelling for Humans.,19,False,gensim,conda-forge/gensim,,,,78833.0,78833.0,https://pypi.org/project/gensim,5052350.0,5086240.0,https://anaconda.org/conda-forge/gensim,2021-03-31 07:19:16.610,2026-03-18 20:01:38.726,2026-03-18 20:01:38.726000,2202892.0,23.0,,,,,,2.0,,,,,,,,,,,
42,PyTorch Image Models,rwightman/pytorch-image-models,image,,{},198.0,(Unofficial) PyTorch Image Models.,19,False,timm,conda-forge/timm,,,['pytorch'],65978.0,65978.0,https://pypi.org/project/timm,15842379.0,15852275.0,https://anaconda.org/conda-forge/timm,2020-07-18 18:44:49.142,2026-07-16 02:58:41.608,2026-07-16 02:58:41.608000,722433.0,47.0,,,,,,1.0,,,,,,,,,,,
43,imageio,imageio/imageio,image,,{},131.0,A Python library for reading and writing image data.,19,False,imageio,conda-forge/imageio,,,,189660.0,189660.0,https://pypi.org/project/imageio,40921983.0,41064375.0,https://anaconda.org/conda-forge/imageio,2020-07-06 14:13:23.772,2025-04-22 14:56:30.839,2025-04-22 14:56:30.839000,10394651.0,52.0,,,,,,1.0,,,,,,,,,,,
44,shap,slundberg/shap,interpretability,,{},323.0,A unified approach to explain the output of any machine learning model.,19,False,shap,conda-forge/shap,,,,37795.0,37795.0,https://pypi.org/project/shap,15939948.0,16086179.0,https://anaconda.org/conda-forge/shap,2020-12-16 18:34:09.024,2026-06-12 18:46:58.089,2026-06-12 18:46:58.089000,9943749.0,41.0,,,,,,1.0,,,,,,,,,,,
45,pydeck,visgl/deck.gl,geospatial-data,,{},321.0,Widget for deck.gl maps.,19,False,pydeck,conda-forge/pydeck,,,['jupyter'],9637.0,9637.0,https://pypi.org/project/pydeck,26965993.0,28033850.0,https://anaconda.org/conda-forge/pydeck,2020-07-24 06:30:33.668,2026-07-03 03:15:08.148,2026-07-03 03:15:08.148000,1130803.0,16.0,,,,,,2.0,,deck.gl,https://www.npmjs.com/package/deck.gl,1052367.0,,,,,,,
46,GeoPandas,geopandas/geopandas,geospatial-data,,{},265.0,Geographic pandas extensions.,19,False,geopandas,conda-forge/geopandas,,,['pandas'],63164.0,63164.0,https://pypi.org/project/geopandas,18644806.0,18749460.0,https://anaconda.org/conda-forge/geopandas,2020-06-24 14:59:24.383,2026-06-26 20:58:44.934,2026-06-26 20:58:44.934000,7744441.0,44.0,,,,,,2.0,,,,,,,,,,,
47,Rasterio,rasterio/rasterio,geospatial-data,,{},184.0,Rasterio reads and writes geospatial raster datasets.,19,False,rasterio,conda-forge/rasterio,,,,20479.0,20479.0,https://pypi.org/project/rasterio,6343496.0,6455935.0,https://anaconda.org/conda-forge/rasterio,2021-01-25 19:58:39.144,2026-08-09 22:38:17.456,2026-08-09 22:38:17.456000,7533435.0,88.0,,,,,,2.0,,,,,,,,,,,
48,Optuna,optuna/optuna,hyperopt,,{},394.0,A hyperparameter optimization framework.,19,False,optuna,conda-forge/optuna,,,,33253.0,33253.0,https://pypi.org/project/optuna,17880808.0,17937202.0,https://anaconda.org/conda-forge/optuna,2020-06-01 09:17:12.717,2026-06-01 10:52:13.216,2026-06-01 10:52:13.216000,4173207.0,46.0,,,,,,1.0,,,,,,,,,,,
49,dask.distributed,dask/distributed,distributed-ml,,{},350.0,Distributed scheduler for Dask.,19,False,distributed,conda-forge/distributed,,,,42995.0,42995.0,https://pypi.org/project/distributed,8132569.0,8475993.0,https://anaconda.org/conda-forge/distributed,2020-05-27 03:49:13.707,2026-07-14 15:35:28.936,2026-07-14 15:35:28.936000,25756850.0,232.0,,,,,,1.0,,,,,,,,,,,
50,onnx,onnx/onnx,model-serialisation,,{},406.0,Open Neural Network Exchange library.,19,False,onnx,conda-forge/onnx,,,,53788.0,53788.0,https://pypi.org/project/onnx,19277648.0,19322042.0,https://anaconda.org/conda-forge/onnx,2020-06-03 11:32:32.173,2026-06-23 19:00:35.296,2026-06-23 19:00:35.296000,3285192.0,35.0,,,,,,1.0,,,,,,,,,,,
51,Streamlit,streamlit/streamlit,model-serialisation,,{},337.0,,19,False,streamlit,,,,,1014877.0,1014877.0,https://pypi.org/project/streamlit,30155047.0,30155047.0,,,,,,,,,,,,1.0,,,,,,,,,,,
52,Flax,google/flax,ml-frameworks,,{},307.0,Flax: A neural network library for JAX designed for flexibility.,18,False,flax,conda-forge/flax,,,['jax'],16720.0,16720.0,https://pypi.org/project/flax,4482096.0,4485353.0,https://anaconda.org/conda-forge/flax,2021-03-31 20:01:18.364,2026-07-21 05:36:54.150,2026-07-21 05:36:54.150000,211737.0,31.0,,,,,,2.0,,,,,,,,,,,
53,Wand,emcconville/wand,image,,{},113.0,"Wand is a ctypes-based simple ImageMagick binding for Python, supporting 2.7, 3.6+, and PyPy.",18,False,wand,conda-forge/wand,,,,21499.0,21499.0,https://pypi.org/project/wand,1441088.0,1443784.0,https://anaconda.org/conda-forge/wand,2019-08-27 18:03:26.696,2025-04-22 14:57:10.980,2025-04-22 14:57:10.980000,226479.0,6.0,,,,,,1.0,MIT,,,,,,,,,,
54,Bokeh,bokeh/bokeh,data-viz,,{},736.0,Statistical and novel interactive HTML plots for Python.,18,False,bokeh,conda-forge/bokeh,,,,105921.0,105921.0,https://pypi.org/project/bokeh,,279679.0,https://anaconda.org/conda-forge/bokeh,2020-06-16 00:40:01.624,2026-07-28 14:45:56.979,2026-07-28 14:45:56.979000,20696259.0,77.0,,,,,,2.0,,,,,,,,,,,
55,arviz,arviz-devs/arviz,interpretability,,{},195.0,Exploratory analysis of Bayesian models with Python.,18,False,arviz,conda-forge/arviz,,,,11988.0,11988.0,https://pypi.org/project/arviz,4033482.0,4071305.0,https://anaconda.org/conda-forge/arviz,2020-05-23 03:05:32.458,2026-06-17 20:54:16.234,2026-06-17 20:54:16.234000,2836796.0,38.0,,,,,,1.0,,,,,,,,,,,
56,folium,python-visualization/folium,geospatial-data,,{},193.0,Make beautiful maps with Leaflet.js and Python.,18,False,folium,conda-forge/folium,,,,66021.0,66021.0,https://pypi.org/project/folium,3410766.0,3507618.0,https://anaconda.org/conda-forge/folium,2021-01-06 21:06:07.776,2025-06-16 22:46:07.761,2025-06-16 22:46:07.761000,6489098.0,31.0,,,,,,2.0,,,,,,,,,,,
57,NIPYPE,nipy/nipype,medical-data,,{},266.0,"Nipype, an open-source, community-developed initiative under the umbrella of NiPy, is a Python project that provides a..",18,False,nipype,conda-forge/nipype,,,,7318.0,7318.0,https://pypi.org/project/nipype,445779.0,468327.0,https://anaconda.org/conda-forge/nipype,2020-08-16 18:50:39.769,2025-05-05 13:43:30.848,2025-05-05 13:43:30.848000,1623516.0,49.0,,,,,,1.0,Apache-2.0,,,,,,,,,,
58,Faiss,facebookresearch/faiss,nn-search,,{},337.0,A library for efficient similarity search and clustering of dense vectors.,18,False,pymilvus,conda-forge/faiss,,,,5022.0,5022.0,https://pypi.org/project/pymilvus,5976463.0,6030920.0,https://anaconda.org/conda-forge/faiss,2020-06-13 12:51:19.207,2026-08-12 02:39:26.284,2026-08-12 02:39:26.284000,4029835.0,12.0,,,,,,1.0,,,,,,,,,,,
59,Pydub,jiaaro/pydub,audio,,{},96.0,Manipulate audio with a simple and easy high level interface.,18,False,pydub,conda-forge/pydub,,,,112435.0,112435.0,https://pypi.org/project/pydub,21537755.0,21542687.0,https://anaconda.org/conda-forge/pydub,2021-03-07 19:47:43.182,2025-04-22 14:56:58.184,2025-04-22 14:56:58.184000,320628.0,4.0,,,,,,1.0,,,,,,,,,,,
60,PyOD,yzhao062/pyod,ml-frameworks,,{},73.0,A Python Toolkit for Scalable Outlier Detection (Anomaly Detection).,17,False,pyod,conda-forge/pyod,,,,5710.0,5710.0,https://pypi.org/project/pyod,5149196.0,5152065.0,https://anaconda.org/conda-forge/pyod,2020-05-21 23:31:10.016,2026-08-02 15:38:23.195,2026-08-02 15:38:23.195000,215197.0,58.0,,,,,,2.0,,,,,,,,,,,
61,Thinc,explosion/thinc,ml-frameworks,,{},68.0,thinc: a lightweight deep learning library.,17,False,thinc,conda-forge/thinc,,,,72802.0,72802.0,https://pypi.org/project/thinc,23683597.0,23754517.0,https://anaconda.org/conda-forge/thinc,2020-05-25 09:58:57.636,2026-03-24 12:17:35.079,2026-03-24 12:17:35.079000,5319040.0,66.0,,,,,,2.0,,,,,,,,,,,
62,ftfy,rspeer/python-ftfy,nlp,,{},22.0,Fixes some problems with Unicode text after the fact.,17,False,ftfy,conda-forge/ftfy,,,,35887.0,35887.0,https://pypi.org/project/ftfy,14283134.0,14291725.0,https://anaconda.org/conda-forge/ftfy,2021-01-20 08:08:07.817,2025-04-22 14:56:35.312,2025-04-22 14:56:35.312000,575652.0,15.0,,,,,,2.0,,,,,,,,,,,
63,llama_index,run-llama/llama_index,agents,,{},1978.0,,17,False,llama_index,,,,,25308.0,25308.0,https://pypi.org/project/llama_index,7231786.0,7231786.0,,,,,,,,,,,,2.0,,,,,,,,,,,
64,langgraph,langchain-ai/langgraph,agents,,{},283.0,,17,False,langgraph,,,,,45972.0,45972.0,https://pypi.org/project/langgraph,72706816.0,72706816.0,,,,,,,,,,,,2.0,,,,,,,,,,,
65,ImageHash,JohannesBuchner/imagehash,image,,{},29.0,A Python Perceptual Image Hahsing Module.,17,False,ImageHash,conda-forge/imagehash,,,,18801.0,18801.0,https://pypi.org/project/ImageHash,5947902.0,5957237.0,https://anaconda.org/conda-forge/imagehash,2020-11-19 18:20:47.916,2025-04-22 14:56:29.803,2025-04-22 14:56:29.803000,644152.0,8.0,,,,,,1.0,,,,,,,,,,,
66,Kornia,kornia/kornia,image,,{},362.0,Kornia is a differentiable computer vision library for PyTorch.,17,False,kornia,conda-forge/kornia,,,['pytorch'],17833.0,17833.0,https://pypi.org/project/kornia,3123483.0,3127941.0,https://anaconda.org/conda-forge/kornia,2020-12-09 16:29:41.029,2025-11-08 13:20:35.488,2025-11-08 13:20:35.488000,303178.0,27.0,,,,,,1.0,,,,,,,,,,,
67,PyVista,pyvista/pyvista,data-viz,,{},209.0,3D plotting and mesh analysis through a streamlined interface for the Visualization Toolkit (VTK).,17,False,pyvista,conda-forge/pyvista,,,['jupyter'],6005.0,6005.0,https://pypi.org/project/pyvista,1357909.0,1373301.0,https://anaconda.org/conda-forge/pyvista,2020-06-02 20:15:44.310,2026-07-22 01:06:54.890,2026-07-22 01:06:54.890000,1139075.0,97.0,,,,,,2.0,,,,,,,,,,,
68,PyTorch Geometric,pyg-team/pytorch_geometric,graph,,{},568.0,Graph Neural Network Library for PyTorch.,17,False,torch-geometric,conda-forge/pytorch_geometric,,,['pytorch'],11466.0,11466.0,https://pypi.org/project/torch-geometric,1396232.0,1399589.0,https://anaconda.org/conda-forge/pytorch_geometric,2020-07-07 13:17:41.291,2026-07-21 06:53:45.431,2026-07-21 06:53:45.431000,245094.0,19.0,,,,,,1.0,,,,,,,,,,,
69,geojson,jazzband/geojson,geospatial-data,,{},61.0,Python bindings and utilities for GeoJSON.,17,False,geojson,conda-forge/geojson,,,,21263.0,21263.0,https://pypi.org/project/geojson,4630419.0,4670206.0,https://anaconda.org/conda-forge/geojson,2023-02-16 15:57:16.750,2026-05-29 12:40:14.414,2026-05-29 12:40:14.414000,1671088.0,13.0,,,,,,2.0,,,,,,,,,,,
70,Fiona,Toblerity/Fiona,geospatial-data,,{},78.0,Fiona reads and writes spatial data files.,17,False,fiona,conda-forge/fiona,,,,27621.0,27621.0,https://pypi.org/project/fiona,6330762.0,6487684.0,https://anaconda.org/conda-forge/fiona,2020-07-27 18:07:57.882,2025-12-29 23:44:48.634,2025-12-29 23:44:48.634000,11455333.0,51.0,,,,,,2.0,,,,,,,,,,,
71,Hyperopt,hyperopt/hyperopt,hyperopt,,{},108.0,Distributed Asynchronous Hyper-parameter Optimization.,17,False,hyperopt,conda-forge/hyperopt,,,,22646.0,22646.0,https://pypi.org/project/hyperopt,2721695.0,2734785.0,https://anaconda.org/conda-forge/hyperopt,2020-10-14 07:57:11.589,2026-08-04 16:49:49.497,2026-08-04 16:49:49.497000,916338.0,8.0,,,,,,1.0,,,,,,,,,,,
72,DVC,iterative/dvc,ml-experiments,,{},332.0,DVC tracks ML models and data sets.,17,False,dvc,conda-forge/dvc,,,,24724.0,24724.0,https://pypi.org/project/dvc,2685439.0,2736228.0,https://anaconda.org/conda-forge/dvc,2020-06-19 15:26:50.030,2026-03-31 06:31:23.617,2026-03-31 06:31:23.617000,3758449.0,340.0,,,,,,2.0,,,,,,dvc,dvc,dvc,,,
73,tensorboardX,lanpa/tensorboardX,ml-experiments,,{},86.0,tensorboard for pytorch.,17,False,tensorboardX,conda-forge/tensorboardx,,,,61770.0,61770.0,https://pypi.org/project/tensorboardX,6022350.0,6042136.0,https://anaconda.org/conda-forge/tensorboardx,2020-07-06 20:33:54.325,2025-04-22 14:56:45.200,2025-04-22 14:56:45.200000,1444433.0,17.0,,,,,,2.0,,,,,,,,,,,
74,NiBabel,nipy/nibabel,medical-data,,{},116.0,Python package to access a cacophony of neuro-imaging file formats.,17,False,nibabel,conda-forge/nibabel,,,,31212.0,31212.0,https://pypi.org/project/nibabel,1923980.0,1944179.0,https://anaconda.org/conda-forge/nibabel,2020-06-30 18:23:29.640,2026-06-09 01:40:14.470,2026-06-09 01:40:14.470000,1494787.0,33.0,,,,,,1.0,,,,,,,,,,,
75,PyNNDescent,lmcinnes/pynndescent,nn-search,,{},33.0,Simple fast approximate nearest neighbor search.,17,False,pynndescent,conda-forge/pynndescent,,,,14027.0,14027.0,https://pypi.org/project/pynndescent,6765869.0,6805935.0,https://anaconda.org/conda-forge/pynndescent,2020-07-01 15:27:13.844,2026-07-31 16:12:10.661,2026-07-31 16:12:10.661000,2924863.0,26.0,,,,,,1.0,,,,,,,,,,,
76,Core ML Tools,apple/coremltools,model-serialisation,,{},234.0,Core ML is an Apple framework to integrate machine learning models into your app. Core ML provides a unified..,17,False,coremltools,conda-forge/coremltools,,,,5603.0,5603.0,https://pypi.org/project/coremltools,2538821.0,2541068.0,https://anaconda.org/conda-forge/coremltools,2020-10-16 19:48:15.220,2026-06-22 13:38:39.137,2026-06-22 13:38:39.137000,157359.0,5.0,,,,,,2.0,,,,,,,,,,,
77,Gradio,gradio-app/gradio,model-serialisation,,{},506.0,,17,False,gradio,,,,,89384.0,89384.0,https://pypi.org/project/gradio,15408351.0,15408351.0,,,,,,,,,,,,2.0,,,,,,,,,,,
78,optimum,huggingface/optimum,gpu-utilities,,{},165.0,"Optimum Library is an extension of the Hugging Face Transformers library, providing a framework to integrate third-..",17,False,optimum,conda-forge/optimum,,,,7283.0,7283.0,https://pypi.org/project/optimum,1919623.0,1921852.0,https://anaconda.org/conda-forge/optimum,2022-04-01 08:22:36.713,2026-08-04 22:32:24.368,2026-08-04 22:32:24.368000,115928.0,33.0,,,,,,1.0,,,,,,,,,,,
79,pymc,pymc-devs/pymc,probabilistics,,{},570.0,Probabilistic Programming in Python.,17,False,pymc,conda-forge/pymc,,,,8086.0,8086.0,https://pypi.org/project/pymc,1894343.0,1908187.0,https://anaconda.org/conda-forge/pymc,2020-10-13 03:19:15.240,2026-07-23 16:45:33.490,2026-07-23 16:45:33.490000,969146.0,90.0,,,,,,1.0,,,,,,,,,,,
80,TensorFlow Datasets,tensorflow/datasets,tensorflow-utils,,{},329.0,tensorflow/datasets is a library of datasets ready to use with TensorFlow.,17,False,tensorflow-datasets,conda-forge/tensorflow-datasets,,,['tensorflow'],25562.0,25562.0,https://pypi.org/project/tensorflow-datasets,1683549.0,1684483.0,https://anaconda.org/conda-forge/tensorflow-datasets,2021-05-04 09:11:33.308,2025-04-22 14:57:51.541,2025-04-22 14:57:51.541000,58893.0,9.0,,,,,,1.0,,,,,,,,,,,
81,MLxtend,rasbt/mlxtend,sklearn-utils,,{},122.0,Machine Learning Library Extensions.,17,False,mlxtend,conda-forge/mlxtend,,,['sklearn'],21014.0,21014.0,https://pypi.org/project/mlxtend,1090050.0,1101743.0,https://anaconda.org/conda-forge/mlxtend,2020-07-28 03:34:49.886,2026-06-09 21:10:46.329,2026-06-09 21:10:46.329000,853627.0,25.0,,,,,,1.0,,,,,,,,,,,
82,agate,wireservice/agate,others,,{},62.0,A data analysis library that is optimized for humans instead of machines.,17,False,agate,conda-forge/agate,,,,5854.0,5854.0,https://pypi.org/project/agate,35244794.0,35256197.0,https://anaconda.org/conda-forge/agate,2021-05-30 20:16:52.450,2026-02-27 18:41:38.959,2026-02-27 18:41:38.959000,718439.0,19.0,,,,,,1.0,,,,,,,,,,,
83,CuPy,cupy/cupy,gpu-utilities,,{},462.0,CuPy: NumPy & SciPy for GPU.,16,False,cupy,conda-forge/cupy,cupy/cupy,,,7868.0,7868.0,https://pypi.org/project/cupy,33311.0,156393.0,https://anaconda.org/conda-forge/cupy,2020-05-23 18:55:49.350,2026-06-01 13:39:01.924,2026-06-01 13:39:01.924000,9118599.0,65.0,https://hub.docker.com/r/cupy/cupy,2026-06-01 08:44:25.955588,14.0,14.0,112619.0,1.0,,,,,,,,,,,
84,LightGBM,microsoft/LightGBM,ml-frameworks,,{},351.0,LightGBM is a gradient boosting framework that uses tree based learning algorithms.,16,False,lightgbm,conda-forge/lightgbm,,,,174.0,174.0,https://pypi.org/project/lightgbm,25821981.0,25898660.0,https://anaconda.org/conda-forge/lightgbm,2020-09-01 12:55:08.262,2026-07-20 03:34:31.957,2026-07-20 03:34:31.957000,5444243.0,32.0,,,,,,2.0,,,,,,,,,,,
85,Ignite,pytorch/ignite,ml-frameworks,,{},262.0,A lightweight library to help with training neural networks in PyTorch.,16,False,pytorch-ignite,pytorch/ignite,,,['pytorch'],4040.0,4040.0,https://pypi.org/project/pytorch-ignite,319217.0,322041.0,https://anaconda.org/pytorch/ignite,2018-06-20 15:36:52.783,2026-07-22 15:14:18.114,2026-07-22 15:14:18.114000,276834.0,28.0,,,,,,2.0,,,,,,,,,,,
86,jellyfish,jamesturk/jellyfish,nlp,,{},37.0,A library for doing approximate and phonetic matching of strings.,16,False,jellyfish,conda-forge/jellyfish,,,,15461.0,15461.0,https://pypi.org/project/jellyfish,10879064.0,10911595.0,https://anaconda.org/conda-forge/jellyfish,2020-06-10 16:23:01.195,2025-11-25 21:17:09.326,2025-11-25 21:17:09.326000,2407311.0,19.0,,,,,,2.0,,,,,,,,,,,
87,crewAI,crewAIInc/crewAI,agents,,{},303.0,,16,False,crewai,,,,,20373.0,20373.0,https://pypi.org/project/crewai,17374215.0,17374215.0,,,,,,,,,,,,2.0,,,,,,,,,,,
88,ultralytics,ultralytics/ultralytics,image,,{},423.0,,16,False,ultralytics,,,,,59559.0,59559.0,https://pypi.org/project/ultralytics,8404803.0,8404803.0,,,,,,,,,,,,2.0,,,,,,,,,,,
89,imgaug,aleju/imgaug,image,,{},36.0,Image augmentation for machine learning experiments.,16,False,imgaug,conda-forge/imgaug,,,,26551.0,26551.0,https://pypi.org/project/imgaug,1290136.0,1293234.0,https://anaconda.org/conda-forge/imgaug,2019-06-05 06:04:19.977,2025-04-22 14:57:06.395,2025-04-22 14:57:06.395000,266502.0,3.0,,,,,,2.0,,,,,,,,,,,
90,imutils,PyImageSearch/imutils,image,,{},21.0,"A series of convenience functions to make basic image processing functions such as translation, rotation, resizing,..",16,False,imutils,conda-forge/imutils,,,,54244.0,54244.0,https://pypi.org/project/imutils,734644.0,738742.0,https://anaconda.org/conda-forge/imutils,2020-07-07 12:49:26.774,2025-04-22 14:57:06.837,2025-04-22 14:57:06.837000,299219.0,3.0,,,,,,2.0,,,,,,,,,,,
91,cartopy,SciTools/cartopy,data-viz,,{},142.0,A library providing cartographic tools for python.,16,False,cartopy,conda-forge/cartopy,,,,8817.0,8817.0,https://pypi.org/project/cartopy,1785313.0,1891585.0,https://anaconda.org/conda-forge/cartopy,2020-05-18 16:23:27.911,2026-08-10 13:47:41.548,2026-08-10 13:47:41.548000,7970434.0,27.0,,,,,,2.0,,,,,,,,,,,
92,plotnine,has2k1/plotnine,data-viz,,{},122.0,A grammar of graphics for python.,16,False,plotnine,conda-forge/plotnine,,,,13041.0,13041.0,https://pypi.org/project/plotnine,3154992.0,3165639.0,https://anaconda.org/conda-forge/plotnine,2020-06-05 19:51:41.903,2026-06-13 11:00:50.180,2026-06-13 11:00:50.180000,787949.0,37.0,,,,,,2.0,,,,,,,,,,,
93,PyQtGraph,pyqtgraph/pyqtgraph,data-viz,,{},321.0,Scientific Graphics and GUI Library for Python.,16,False,pyqtgraph,conda-forge/pyqtgraph,,,,13875.0,13875.0,https://pypi.org/project/pyqtgraph,1024161.0,1041320.0,https://anaconda.org/conda-forge/pyqtgraph,2020-06-09 00:20:24.502,2025-11-19 10:58:06.682,2025-11-19 10:58:06.682000,1269821.0,18.0,,,,,,2.0,,,,,,,,,,,
94,ipyleaflet,jupyter-widgets/ipyleaflet,geospatial-data,,{},98.0,A Jupyter widget for dynamic Leaflet maps.,16,False,ipyleaflet,conda-forge/ipyleaflet,,,['jupyter'],18320.0,18320.0,https://pypi.org/project/ipyleaflet,404991.0,448971.0,https://anaconda.org/conda-forge/ipyleaflet,2020-05-25 11:11:25.372,2025-06-13 19:35:58.799,2025-06-13 19:35:58.799000,3118256.0,74.0,,,,,,3.0,,jupyter-leaflet,https://www.npmjs.com/package/jupyter-leaflet,2404.0,,,,,,,
95,BoTorch,pytorch/botorch,hyperopt,,{},165.0,Bayesian Optimization in PyTorch.,16,False,botorch,conda-forge/botorch,,,['pytorch'],1949.0,1949.0,https://pypi.org/project/botorch,933709.0,936842.0,https://anaconda.org/conda-forge/botorch,2020-08-01 11:16:39.122,2026-06-09 03:34:16.649,2026-06-09 03:34:16.649000,225647.0,43.0,,,,,,1.0,,,,,,,,,,,
96,Nilearn,nilearn/nilearn,medical-data,,{},282.0,Statistical learning for neuroimaging in Python.,16,False,nilearn,conda-forge/nilearn,,,['sklearn'],4601.0,4601.0,https://pypi.org/project/nilearn,247938.0,256847.0,https://anaconda.org/conda-forge/nilearn,2020-11-12 13:26:01.761,2026-07-02 10:30:48.603,2026-07-02 10:30:48.603000,614760.0,31.0,,,,,,2.0,,,,,,,,,,,
97,MONAI,Project-MONAI/MONAI,medical-data,,{},299.0,AI Toolkit for Healthcare Imaging.,16,False,monai,conda-forge/monai,,,['pytorch'],4738.0,4738.0,https://pypi.org/project/monai,626280.0,627622.0,https://anaconda.org/conda-forge/monai,2021-12-29 09:55:36.763,2026-01-28 07:31:46.743,2026-01-28 07:31:46.743000,75195.0,15.0,,,,,,2.0,,,,,,,,,,,
98,sktime,alan-turing-institute/sktime,time-series-data,,{},618.0,A unified framework for machine learning with time series.,16,False,sktime,conda-forge/sktime-all-extras,,,['sklearn'],4876.0,4876.0,https://pypi.org/project/sktime,1118571.0,1140109.0,https://anaconda.org/conda-forge/sktime-all-extras,2021-07-28 06:16:34.545,2025-12-07 07:18:44.347,2025-12-07 07:18:44.347000,1313849.0,76.0,,,,,,1.0,,,,,,,,,,,
99,STUMPY,TDAmeritrade/stumpy,time-series-data,,{},46.0,"STUMPY is a powerful and scalable Python library that computes something called a matrix profile, which can then be..",16,False,stumpy,conda-forge/stumpy,,,,1670.0,1670.0,https://pypi.org/project/stumpy,456902.0,474077.0,https://anaconda.org/conda-forge/stumpy,2020-06-15 15:52:12.048,2026-02-08 02:09:16.381,2026-02-08 02:09:16.381000,1271023.0,29.0,,,,,,1.0,BSD-3-Clause,,,,,,,,,,
100,metrics,Lightning-AI/metrics,pytorch-utils,,{},294.0,Collection of PyTorch native metrics for easy evaluating machine learning models.,16,False,metrics,conda-forge/torchmetrics,,,['pytorch'],47912.0,47912.0,https://pypi.org/project/metrics,21903.0,70237.0,https://anaconda.org/conda-forge/torchmetrics,2021-03-16 10:50:04.846,2026-03-18 09:56:39.711,2026-03-18 09:56:39.711000,3141720.0,61.0,,,,,,1.0,,,,,,,,,,,
101,category_encoders,scikit-learn-contrib/category_encoders,sklearn-utils,,{},76.0,A collection of sklearn transformers to encode categorical variables as numeric.,16,False,category_encoders,conda-forge/category_encoders,,,['sklearn'],4226.0,4226.0,https://pypi.org/project/category_encoders,2875447.0,2885189.0,https://anaconda.org/conda-forge/category_encoders,2021-10-13 18:33:31.261,2026-07-28 19:16:21.783,2026-07-28 19:16:21.783000,565068.0,26.0,,,,,,1.0,,,,,,,,,,,
102,TorchServe,pytorch/serve,model-serialisation,,{},222.0,Model serving on PyTorch.,15,False,torchserve,pytorch/torchserve,pytorch/torchserve,,['pytorch'],954.0,954.0,https://pypi.org/project/torchserve,33863.0,65083.0,https://anaconda.org/pytorch/torchserve,2020-04-21 03:52:57.365,2025-03-25 16:24:31.948,2025-03-25 16:24:31.948000,756192.0,25.0,https://hub.docker.com/r/pytorch/torchserve,2024-09-30 22:07:15.226668,33.0,33.0,1616603.0,2.0,,,,,,,,,,,
103,Fastai,fastai/fastai,ml-frameworks,,{},263.0,,15,False,fastai,,,,['pytorch'],23518.0,23518.0,https://pypi.org/project/fastai,693890.0,693890.0,,,,,,,,,,,,2.0,,,,,,,,,,,
104,PaddlePaddle,PaddlePaddle/Paddle,ml-frameworks,,{},1528.0,,15,False,paddlepaddle,,,,['paddle'],9634.0,9634.0,https://pypi.org/project/paddlepaddle,2442681.0,2442681.0,,,,,,,,,,,,2.0,,,,,,,,,,,
105,thefuzz,seatgeek/thefuzz,nlp,,{},13.0,Fuzzy string matching in python.,15,False,thefuzz,conda-forge/thefuzz,,,,6046.0,6046.0,https://pypi.org/project/thefuzz,9941332.0,9942689.0,https://anaconda.org/conda-forge/thefuzz,2022-01-13 22:10:32.583,2025-04-22 14:58:08.752,2025-04-22 14:58:08.752000,74679.0,2.0,,,,,,2.0,,,,,,,,,,,
106,flair,flairNLP/flair,nlp,,{},278.0,A very simple framework for state-of-the-art NLP.,15,False,flair,conda-forge/python-flair,,,['pytorch'],4178.0,4178.0,https://pypi.org/project/flair,189924.0,190751.0,https://anaconda.org/conda-forge/python-flair,2020-07-28 19:00:35.095,2025-04-22 14:57:32.879,2025-04-22 14:57:32.879000,60384.0,14.0,,,,,,2.0,,,,,,,,,,,
107,stanza,stanfordnlp/stanza,nlp,,{},78.0,"Stanza: A Python NLP Library for Many Human Languages, by the Stanford NLP Group.",15,False,stanza,stanfordnlp/stanza,,,,4328.0,4328.0,https://pypi.org/project/stanza,1136699.0,1136824.0,https://anaconda.org/stanfordnlp/stanza,2020-03-14 02:34:20.643,2025-03-25 16:28:39.162,2025-03-25 16:28:39.162000,9662.0,13.0,,,,,,2.0,,,,,,,,,,,
108,torchvision,pytorch/vision,image,,{},691.0,Image and video datasets and models for torch deep learning.,15,False,torchvision,conda-forge/torchvision,,,['pytorch'],24.0,24.0,https://pypi.org/project/torchvision,38000748.0,38080299.0,https://anaconda.org/conda-forge/torchvision,2021-03-09 23:13:43.284,2026-08-01 22:03:05.408,2026-08-01 22:03:05.408000,5170865.0,32.0,,,,,,2.0,,,,,,,,,,,
109,pyvips,libvips/pyvips,image,,{},21.0,Binding for libvips.,15,False,pyvips,conda-forge/pyvips,,,,1431.0,1431.0,https://pypi.org/project/pyvips,763370.0,768704.0,https://anaconda.org/conda-forge/pyvips,2020-10-14 09:36:00.636,2026-06-01 08:56:11.218,2026-06-01 08:56:11.218000,373393.0,9.0,,,,,,2.0,,,,,,,,,,,
110,OCRmyPDF,ocrmypdf/OCRmyPDF,ocr,,{},123.0,"OCRmyPDF adds an OCR text layer to scanned PDF files, allowing them to be searched.",15,False,ocrmypdf,conda-forge/ocrmypdf,,,,1578.0,1578.0,https://pypi.org/project/ocrmypdf,1144748.0,1147026.0,https://anaconda.org/conda-forge/ocrmypdf,2021-02-25 13:52:39.515,2026-08-05 07:56:00.221,2026-08-05 07:56:00.221000,150399.0,55.0,,,,,,1.0,,,,,,ocrmypdf,ocrmypdf,,,,
111,EasyOCR,JaidedAI/EasyOCR,ocr,,{},129.0,,15,False,easyocr,,,,,18124.0,18124.0,https://pypi.org/project/easyocr,3661716.0,3661716.0,,,,,,,,,,,,1.0,,,,,,,,,,,
112,mpld3,mpld3/mpld3,data-viz,,{},55.0,D3 Viewer for Matplotlib.,15,False,mpld3,conda-forge/mpld3,,,,7751.0,7751.0,https://pypi.org/project/mpld3,511381.0,519695.0,https://anaconda.org/conda-forge/mpld3,2020-06-15 20:42:17.133,2025-11-05 19:20:00.823,2025-11-05 19:20:00.823000,446353.0,13.0,,,,,,2.0,,mpld3,https://www.npmjs.com/package/mpld3,2283.0,,,,,,,
113,HoloViews,holoviz/holoviews,data-viz,,{},163.0,Stop plotting your data - annotate your data and let it visualize itself.,15,False,holoviews,conda-forge/holoviews,,,['jupyter'],16844.0,16844.0,https://pypi.org/project/holoviews,,48788.0,https://anaconda.org/conda-forge/holoviews,2020-06-23 16:07:32.048,2026-07-02 19:05:21.338,2026-07-02 19:05:21.338000,3601371.0,77.0,,,,,,2.0,,@pyviz/jupyterlab_pyviz,https://www.npmjs.com/package/@pyviz/jupyterlab_pyviz,121.0,,,,,,,
114,hvPlot,holoviz/hvplot,data-viz,,{},54.0,A high-level plotting API for the PyData ecosystem built on HoloViews.,15,False,hvplot,conda-forge/hvplot,,,,7530.0,7530.0,https://pypi.org/project/hvplot,1398783.0,1413070.0,https://anaconda.org/conda-forge/hvplot,2020-06-02 12:42:34.211,2025-12-18 15:35:41.427,2025-12-18 15:35:41.427000,1057247.0,26.0,,,,,,2.0,,,,,,,,,,,
115,missingno,ResidentMario/missingno,data-viz,,{},18.0,Missing data visualization module for Python.,15,False,missingno,conda-forge/missingno,,,,23625.0,23625.0,https://pypi.org/project/missingno,469030.0,489258.0,https://anaconda.org/conda-forge/missingno,2024-03-02 01:06:25.066,2025-09-17 20:28:20.219,2025-09-17 20:28:20.219000,586633.0,5.0,,,,,,2.0,,,,,,,,,,,
116,VisPy,vispy/vispy,data-viz,,{},210.0,High-performance interactive 2D/3D data visualization library.,15,False,vispy,conda-forge/vispy,,,['jupyter'],2319.0,2319.0,https://pypi.org/project/vispy,1490766.0,1511119.0,https://anaconda.org/conda-forge/vispy,2020-09-24 16:39:06.228,2026-05-20 16:45:50.072,2026-05-20 16:45:50.072000,1443883.0,38.0,,,,,,2.0,,vispy,https://www.npmjs.com/package/vispy,17.0,,,,,,,
117,evaluate,huggingface/evaluate,interpretability,,{},139.0,,15,False,evaluate,,,,,25874.0,25874.0,https://pypi.org/project/evaluate,5929912.0,5929912.0,,,,,,,,,,,,1.0,,,,,,,,,,,
118,igraph,igraph/python-igraph,graph,,{},81.0,An open source and free collection of network analysis tool.,15,False,python-igraph,conda-forge/igraph,,,,4935.0,4935.0,https://pypi.org/project/python-igraph,568085.0,585399.0,https://anaconda.org/conda-forge/igraph,2020-08-20 13:08:22.426,2025-12-27 19:06:26.854,2025-12-27 19:06:26.854000,1246616.0,35.0,,,,,,1.0,,,,,,,,,,,
119,ta,bukosabino/ta,financial-data,,{},34.0,Technical Analysis Library in Python.,15,False,ta,conda-forge/ta,,,,10420.0,10420.0,https://pypi.org/project/ta,871279.0,872011.0,https://anaconda.org/conda-forge/ta,2021-02-08 22:42:23.078,2025-04-22 14:57:46.184,2025-04-22 14:57:46.184000,48351.0,7.0,,,,,,1.0,,,,,,,,,,,
120,arch,bashtage/arch,financial-data,,{},40.0,Autoregressive Conditional Heteroskedasticity (ARCH) and other tools for financial econometrics.,15,False,arch,conda-forge/arch-py,,,,3836.0,3836.0,https://pypi.org/project/arch,988068.0,999226.0,https://anaconda.org/conda-forge/arch-py,2020-06-25 00:04:53.242,2025-10-21 13:02:21.450,2025-10-21 13:02:21.450000,825713.0,23.0,,,,,,1.0,,,,,,,,,,,
121,scikit-optimize,scikit-optimize/scikit-optimize,hyperopt,,{},76.0,Sequential model-based optimization toolbox.,15,False,scikit-optimize,conda-forge/scikit-optimize,,,,9104.0,9104.0,https://pypi.org/project/scikit-optimize,811331.0,824681.0,https://anaconda.org/conda-forge/scikit-optimize,2020-08-07 15:12:33.756,2025-07-26 15:19:34.264,2025-07-26 15:19:34.264000,961219.0,14.0,,,,,,1.0,,,,,,,,,,,
122,PyCaret,pycaret/pycaret,hyperopt,,{},144.0,"PyCaret - An open source, low-code machine learning library in Python.",15,False,pycaret,conda-forge/pycaret,,,,7963.0,7963.0,https://pypi.org/project/pycaret,441934.0,443277.0,https://anaconda.org/conda-forge/pycaret,2020-08-12 05:38:21.683,2025-04-22 14:57:34.170,2025-04-22 14:57:34.170000,96719.0,19.0,,,,,,1.0,,,,,,,,,,,
123,Ax,facebook/Ax,hyperopt,,{},217.0,Adaptive Experimentation.,15,False,ax-platform,conda-forge/ax-platform,,,['pytorch'],1339.0,1339.0,https://pypi.org/project/ax-platform,189651.0,190807.0,https://anaconda.org/conda-forge/ax-platform,2021-06-22 17:59:01.165,2026-06-17 01:27:01.329,2026-06-17 01:27:01.329000,71702.0,29.0,,,,,,1.0,,,,,,,,,,,
124,snakemake,snakemake/snakemake,ml-experiments,,{},406.0,A popular workflow management system aiming at full in-silico reproducibility.,15,False,snakemake,bioconda/snakemake,,,,2697.0,2697.0,https://pypi.org/project/snakemake,248617.0,262972.0,https://anaconda.org/bioconda/snakemake,2015-10-17 15:43:54.867,2026-08-05 06:51:42.018,2026-08-05 06:51:42.018000,1866253.0,369.0,,,,,,2.0,,,,,,,,,,,
125,Metaflow,Netflix/metaflow,ml-experiments,,{},146.0,"Metaflow: More Data Science, Less Engineering.",15,False,metaflow,conda-forge/metaflow,,,,1027.0,1027.0,https://pypi.org/project/metaflow,951505.0,957759.0,https://anaconda.org/conda-forge/metaflow,2020-07-29 21:37:08.322,2026-08-05 23:59:00.768,2026-08-05 23:59:00.768000,456609.0,207.0,,,,,,2.0,,,,,,,,,,,
126,Lifelines,CamDavidsonPilon/lifelines,medical-data,,{},124.0,"Survival analysis in Python, including Kaplan Meier, Nelson Aalen and regression.",15,False,lifelines,conda-forge/lifelines,,,,4515.0,4515.0,https://pypi.org/project/lifelines,2334565.0,2344177.0,https://anaconda.org/conda-forge/lifelines,2020-05-25 23:39:09.984,2026-04-29 14:43:19.233,2026-04-29 14:43:19.233000,720974.0,65.0,,,,,,2.0,,,,,,,,,,,
127,DIPY,dipy/dipy,medical-data,,{},203.0,Diffusion MR Imaging in Python.,15,False,dipy,conda-forge/dipy,,,,1655.0,1655.0,https://pypi.org/project/dipy,93945.0,111603.0,https://anaconda.org/conda-forge/dipy,2020-09-15 04:04:39.951,2026-08-06 14:06:10.268,2026-08-06 14:06:10.268000,1253737.0,21.0,,,,,,2.0,,,,,,,,,,,
128,Submit it,facebookincubator/submitit,distributed-ml,,{},29.0,Python 3.6+ toolbox for submitting jobs to Slurm.,15,False,submitit,conda-forge/submitit,,,,5150.0,5150.0,https://pypi.org/project/submitit,2964498.0,2965581.0,https://anaconda.org/conda-forge/submitit,2020-08-26 15:42:24.203,2025-12-18 14:08:10.664,2025-12-18 14:08:10.664000,78014.0,12.0,,,,,,2.0,,,,,,,,,,,
129,mpi4py,mpi4py/mpi4py,distributed-ml,,{},30.0,Python bindings for MPI.,15,False,mpi4py,conda-forge/mpi4py,,,,12527.0,12527.0,https://pypi.org/project/mpi4py,1022246.0,1109331.0,https://anaconda.org/conda-forge/mpi4py,2020-10-09 13:03:47.206,2026-05-16 11:28:40.096,2026-05-16 11:28:40.096000,6095958.0,19.0,,,,,,2.0,,,,,,,,,,,
130,DEAP,deap/deap,distributed-ml,,{},93.0,Distributed Evolutionary Algorithms in Python.,15,False,deap,conda-forge/deap,,,,7080.0,7080.0,https://pypi.org/project/deap,512236.0,523599.0,https://anaconda.org/conda-forge/deap,2020-10-12 23:47:32.551,2026-05-06 22:52:09.525,2026-05-06 22:52:09.525000,795433.0,9.0,,,,,,2.0,,,,,,,,,,,
131,StatsForecast,Nixtla/statsforecast,time-series-data,,{},67.0,Time series forecasting suite using statistical models.,15,False,statsforecast,conda-forge/statsforecast,,,,2223.0,2223.0,https://pypi.org/project/statsforecast,1918429.0,1924275.0,https://anaconda.org/conda-forge/statsforecast,2022-03-04 23:51:03.641,2026-07-16 21:01:59.106,2026-07-16 21:01:59.106000,309849.0,37.0,,,,,,1.0,,,,,,,,,,,
132,GluonTS,awslabs/gluon-ts,time-series-data,,{},119.0,"GluonTS is a Python toolkit for probabilistic time series modeling, built around Apache MXNet (incubating).",15,False,gluonts,anaconda/gluonts,,,['pytorch'],1682.0,1682.0,https://pypi.org/project/gluonts,3730852.0,3730931.0,https://anaconda.org/anaconda/gluonts,2021-10-14 12:53:05.194,2025-12-17 11:42:34.161,2025-12-17 11:42:34.161000,4628.0,6.0,,,,,,1.0,,,,,,,,,,,
133,Annoy,spotify/annoy,nn-search,,{},90.0,Approximate Nearest Neighbors in C++/Python optimized for memory usage and loading/saving to disk.,15,False,annoy,conda-forge/python-annoy,,,,5613.0,5613.0,https://pypi.org/project/annoy,1156334.0,1179189.0,https://anaconda.org/conda-forge/python-annoy,2020-09-18 19:43:51.472,2025-09-01 16:14:20.560,2025-09-01 16:14:20.560000,1622739.0,22.0,,,,,,2.0,,,,,,,,,,,
134,weaviate,weaviate/weaviate,nn-search,,{},183.0,,15,False,weaviate-client,,,,,1101.0,1101.0,https://pypi.org/project/weaviate-client,168868121.0,168868121.0,,,,,,,,,,,,2.0,,,,,,,,,8.0,,
135,hnswlib,nmslib/hnswlib,nn-search,,{},75.0,"Python bindings for Hnswlib, a fast approximate nearest neighbor search package.",15,False,hnswlib,conda-forge/hnswlib,,,,8849.0,8849.0,https://pypi.org/project/hnswlib,556395.0,563725.0,https://anaconda.org/conda-forge/hnswlib,2020-12-23 06:04:48.389,2025-08-30 15:22:17.304,2025-08-30 15:22:17.304000,498500.0,6.0,,,,,,2.0,,,,,,,,,,,
136,GPyTorch,cornellius-gp/gpytorch,probabilistics,,{},154.0,An implementation of Gaussian Processes in Pytorch.,15,False,gpytorch,conda-forge/gpytorch,,,['pytorch'],3457.0,3457.0,https://pypi.org/project/gpytorch,1262239.0,1265991.0,https://anaconda.org/conda-forge/gpytorch,2020-05-21 18:18:14.146,2026-02-28 20:41:43.640,2026-02-28 20:41:43.640000,281472.0,26.0,,,,,,1.0,,,,,,,,,,,
137,hmmlearn,hmmlearn/hmmlearn,probabilistics,,{},49.0,Hidden Markov Models in Python with scikit-learn like API.,15,False,hmmlearn,conda-forge/hmmlearn,,,['sklearn'],3980.0,3980.0,https://pypi.org/project/hmmlearn,860893.0,868401.0,https://anaconda.org/conda-forge/hmmlearn,2020-09-15 00:44:34.740,2025-09-10 16:53:48.310,2025-09-10 16:53:48.310000,533113.0,12.0,,,,,,1.0,,,,,,,,,,,
138,PML,KevinMusgrave/pytorch-metric-learning,pytorch-utils,,{},45.0,"The easiest way to use deep metric learning in your application. Modular, flexible, and extensible. Written in PyTorch.",15,False,pytorch-metric-learning,metric-learning/pytorch-metric-learning,,,['pytorch'],3244.0,3244.0,https://pypi.org/project/pytorch-metric-learning,3701475.0,3701650.0,https://anaconda.org/metric-learning/pytorch-metric-learning,2020-01-15 21:48:23.571,2025-03-25 16:28:35.582,2025-03-25 16:28:35.582000,13890.0,54.0,,,,,,1.0,,,,,,,,,,,
139,torchdiffeq,rtqichen/torchdiffeq,pytorch-utils,,{},23.0,ODE solvers and adjoint sensitivity analysis in PyTorch.,15,False,torchdiffeq,conda-forge/torchdiffeq,,,['pytorch'],5964.0,5964.0,https://pypi.org/project/torchdiffeq,1004332.0,1004723.0,https://anaconda.org/conda-forge/torchdiffeq,2020-05-06 16:34:48.157,2025-04-22 14:57:25.759,2025-04-22 14:57:25.759000,29398.0,4.0,,,,,,1.0,,,,,,,,,,,
140,scikit-learn-intelex,intel/scikit-learn-intelex,sklearn-utils,,{},88.0,Extension for Scikit-learn* (CPU runtime) is a seamless way to speed up your Scikit-learn application.,15,False,scikit-learn-intelex,conda-forge/scikit-learn-intelex,,,['sklearn'],13867.0,13867.0,https://pypi.org/project/scikit-learn-intelex,188601.0,200848.0,https://anaconda.org/conda-forge/scikit-learn-intelex,2021-04-08 23:29:40.051,2026-07-14 07:44:54.068,2026-07-14 07:44:54.068000,783845.0,31.0,,,,,,2.0,,,,,,,,,,,
141,DeepSpeed,microsoft/DeepSpeed,distributed-ml,,{},498.0,https://www.deepspeed.ai for more info.,14,False,deepspeed,,deepspeed/deepspeed,,['pytorch'],16015.0,16015.0,https://pypi.org/project/deepspeed,1112723.0,1112723.0,,,,2022-09-02 00:25:31.275782,,,https://hub.docker.com/r/deepspeed/deepspeed,2022-09-02 00:25:31.275782,5.0,5.0,27283.0,2.0,,,,,,,,,,,
142,Catboost,catboost/catboost,ml-frameworks,,{},1416.0,Gradient boosting on decision trees library.,14,False,catboost,conda-forge/catboost,,,,20.0,20.0,https://pypi.org/project/catboost,6241938.0,6281275.0,https://anaconda.org/conda-forge/catboost,2020-11-05 20:16:46.091,2026-02-23 23:23:44.774,2026-02-23 23:23:44.774000,2714273.0,71.0,,,,,,2.0,,,,,,,,,,,
143,PySpark,apache/spark,ml-frameworks,,{},3554.0,Apache Spark Python API.,14,False,pyspark,conda-forge/pyspark,,,['spark'],,,https://pypi.org/project/pyspark,49122658.0,49189161.0,https://anaconda.org/conda-forge/pyspark,2020-06-06 07:35:29.643,2026-07-16 15:46:27.659,2026-07-16 15:46:27.659000,4921287.0,43.0,,,,,,2.0,,,,,stable/spark,,,,,,
144,Sumy,miso-belica/sumy,nlp,,{},34.0,Module for automatic summarization of text documents and HTML pages.,14,False,sumy,conda-forge/sumy,,,,4353.0,4353.0,https://pypi.org/project/sumy,168004.0,168285.0,https://anaconda.org/conda-forge/sumy,2021-06-22 09:34:48.682,2025-04-22 14:57:55.728,2025-04-22 14:57:55.728000,17450.0,4.0,,,,,,2.0,,,,,,,,,,,
145,TextDistance,life4/textdistance,nlp,,{},18.0,TextDistance python library for comparing distance between two or more sequences by many algorithms.,14,False,textdistance,conda-forge/textdistance,,,,8984.0,8984.0,https://pypi.org/project/textdistance,2547148.0,2564926.0,https://anaconda.org/conda-forge/textdistance,2020-11-09 13:54:55.292,2025-04-22 14:56:50.409,2025-04-22 14:56:50.409000,1226696.0,14.0,,,,,,2.0,,,,,,,,,,,
146,autogen,microsoft/autogen,agents,,{},534.0,,14,False,autogen-agentchat,,,,,4547.0,4547.0,https://pypi.org/project/autogen-agentchat,1076209.0,1076209.0,,,,,,,,,,,,3.0,,,,,,,,,,,
147,sahi,obss/sahi,image,,{},78.0,A vision library for performing sliced inference on large images/small objects.,14,False,sahi,conda-forge/sahi,,,,1982.0,1982.0,https://pypi.org/project/sahi,263493.0,266233.0,https://anaconda.org/conda-forge/sahi,2021-10-08 17:03:02.074,2026-08-04 14:59:37.663,2026-08-04 14:59:37.663000,158936.0,74.0,,,,,,2.0,,,,,,,,,,,
148,detectron2,facebookresearch/detectron2,image,,{},287.0,Detectron2 is FAIRs next-generation platform for object detection and segmentation.,14,False,detectron2,conda-forge/detectron2,,,['pytorch'],2643.0,2643.0,https://pypi.org/project/detectron2,,15065.0,https://anaconda.org/conda-forge/detectron2,2020-07-09 13:12:53.248,2026-06-18 17:18:26.312,2026-06-18 17:18:26.312000,1099805.0,9.0,,,,,,2.0,,,,,,,,,,,
149,MMDetection,open-mmlab/mmdetection,image,,{},453.0,,14,False,mmdet,,,,['pytorch'],4129.0,4129.0,https://pypi.org/project/mmdet,682701.0,682701.0,,,,,,,,,,,,2.0,,,,,,,,,,,
150,PaddleOCR,PaddlePaddle/PaddleOCR,ocr,,{},295.0,,14,False,paddleocr,,,,['paddle'],6994.0,6994.0,https://pypi.org/project/paddleocr,3141880.0,3141880.0,,,,,,,,,,,,2.0,,,,,,,,,,,
151,tesserocr,sirfz/tesserocr,ocr,,{},35.0,"A simple, Pillow-friendly, Python wrapper around tesseract-ocr API using Cython.",14,False,tesserocr,conda-forge/tesserocr,,,,1459.0,1459.0,https://pypi.org/project/tesserocr,546926.0,552035.0,https://anaconda.org/conda-forge/tesserocr,2020-07-10 15:30:26.694,2025-04-22 14:57:14.353,2025-04-22 14:57:14.353000,372968.0,6.0,,,,,,2.0,,,,,,,,,,,
152,D-Tale,man-group/dtale,data-viz,,{},33.0,D-Tale is the combination of a Flask back-end and a React front-end to bring you an easy way to view & analyze Pandas..,14,False,dtale,conda-forge/dtale,,,"['pandas', 'jupyter']",1538.0,1538.0,https://pypi.org/project/dtale,55127.0,63015.0,https://anaconda.org/conda-forge/dtale,2020-05-31 14:48:59.449,2026-04-01 13:43:46.846,2026-04-01 13:43:46.846000,591612.0,160.0,,,,,,2.0,LGPL-2.1,,,,,,,,,,
153,datashader,holoviz/datashader,data-viz,,{},65.0,Data visualization toolchain based on aggregating into a grid.,14,False,datashader,conda-forge/datashader,,,,6466.0,6466.0,https://pypi.org/project/datashader,387910.0,413923.0,https://anaconda.org/conda-forge/datashader,2020-05-25 22:22:03.938,2026-05-19 13:17:28.903,2026-05-19 13:17:28.903000,1951004.0,33.0,,,,,,2.0,,,,,,,,,,,
154,Lime,marcotcr/lime,interpretability,,{},62.0,Explaining the predictions of any machine learning classifier.,14,False,lime,conda-forge/lime,,,,9846.0,9846.0,https://pypi.org/project/lime,435140.0,440505.0,https://anaconda.org/conda-forge/lime,2020-06-28 01:02:39.858,2025-04-22 14:56:30.659,2025-04-22 14:56:30.659000,397027.0,11.0,,,,,,1.0,,,,,,,,,,,
155,scikit-plot,reiinakano/scikit-plot,interpretability,,{},13.0,An intuitive library to add plotting functionality to scikit-learn objects.,14,False,scikit-plot,conda-forge/scikit-plot,,,['sklearn'],6603.0,6603.0,https://pypi.org/project/scikit-plot,468301.0,473620.0,https://anaconda.org/conda-forge/scikit-plot,2017-07-28 13:12:37.676,2025-04-22 14:56:38.875,2025-04-22 14:56:38.875000,579853.0,6.0,,,,,,1.0,,,,,,,,,,,
156,pyLDAvis,bmabey/pyLDAvis,interpretability,,{},42.0,Python library for interactive topic model visualization.,14,False,pyldavis,conda-forge/pyldavis,,,['jupyter'],7510.0,7510.0,https://pypi.org/project/pyldavis,101502.0,103253.0,https://anaconda.org/conda-forge/pyldavis,2021-03-22 07:23:59.104,2025-04-22 14:56:51.622,2025-04-22 14:56:51.622000,113871.0,7.0,,,,,,1.0,,,,,,,,,,,
157,dtreeviz,parrt/dtreeviz,interpretability,,{},29.0,A python library for decision tree visualization and model interpretation.,14,False,dtreeviz,conda-forge/dtreeviz,,,,1632.0,1632.0,https://pypi.org/project/dtreeviz,73761.0,75815.0,https://anaconda.org/conda-forge/dtreeviz,2020-11-11 13:07:21.019,2026-07-23 07:45:21.686,2026-07-23 07:45:21.686000,141786.0,22.0,,,,,,1.0,,,,,,,,,,,
158,Captum,pytorch/captum,interpretability,,{},146.0,Model interpretability for PyTorch.,14,False,captum,conda-forge/captum,,,['pytorch'],3737.0,3737.0,https://pypi.org/project/captum,556907.0,560061.0,https://anaconda.org/conda-forge/captum,2021-12-30 19:59:39.750,2026-04-17 07:52:38.995,2026-04-17 07:52:38.995000,176655.0,5.0,,,,,,1.0,,,,,,,,,,,
159,PySAL,pysal/pysal,geospatial-data,,{},82.0,Library of spatial analysis functions.,14,False,pysal,conda-forge/pysal,,,,1874.0,1874.0,https://pypi.org/project/pysal,115840.0,130539.0,https://anaconda.org/conda-forge/pysal,2020-07-30 10:24:56.727,2026-08-01 14:34:03.251,2026-08-01 14:34:03.251000,1073087.0,25.0,,,,,,3.0,,,,,,,,,,,
160,Keras Tuner,keras-team/keras-tuner,hyperopt,,{},61.0,Hypertuner for Keras.,14,False,keras-tuner,conda-forge/keras-tuner,,,['tensorflow'],6273.0,6273.0,https://pypi.org/project/keras-tuner,179800.0,181165.0,https://anaconda.org/conda-forge/keras-tuner,2021-08-02 13:21:10.519,2025-12-30 15:56:03.681,2025-12-30 15:56:03.681000,81950.0,16.0,,,,,,2.0,,,,,,,,,,,
161,stable-baselines3,DLR-RM/stable-baselines3,reinforcement-learning,,{},173.0,,14,False,stable-baselines3,,,,,10514.0,10514.0,https://pypi.org/project/stable-baselines3,1403915.0,1403915.0,,,,,,,,,,,,1.0,,,,,,,,,,,
162,SDV,sdv-dev/SDV,tabular,,{},50.0,"Synthetic Data Generation for tabular, relational and time series data.",14,False,sdv,conda-forge/sdv,,,,914.0,914.0,https://pypi.org/project/sdv,100861.0,102693.0,https://anaconda.org/conda-forge/sdv,2021-12-01 17:23:52.352,2026-08-09 05:24:33.869,2026-08-09 05:24:33.869000,102640.0,75.0,,,,,,1.0,,,,,,,,,,,
163,tslearn,tslearn-team/tslearn,time-series-data,,{},50.0,A machine learning toolkit dedicated to time-series data.,14,False,tslearn,conda-forge/tslearn,,,['sklearn'],2009.0,2009.0,https://pypi.org/project/tslearn,272870.0,300619.0,https://anaconda.org/conda-forge/tslearn,2020-06-15 20:45:09.304,2026-07-03 08:42:17.384,2026-07-03 08:42:17.384000,2053459.0,30.0,,,,,,2.0,,,,,,,,,,,
164,Coqui TTS,coqui-ai/TTS,audio,,{},166.0,Deep learning for Text to Speech by Coqui.,14,False,tts,conda-forge/tts,,,"['pytorch', 'tensorflow']",3796.0,3796.0,https://pypi.org/project/tts,98933.0,99592.0,https://anaconda.org/conda-forge/tts,2021-10-18 17:44:58.974,2025-04-22 14:58:02.848,2025-04-22 14:58:02.848000,38274.0,4.0,,,,,,1.0,,,,,,,,,,,
165,speechbrain,speechbrain/speechbrain,audio,,{},277.0,,14,False,speechbrain,,,,['pytorch'],4370.0,4370.0,https://pypi.org/project/speechbrain,1837917.0,1837917.0,,,,,,,,,,,,1.0,,,,,,,,,,,
166,huggingface_hub,huggingface/huggingface_hub,model-serialisation,,{},363.0,"Client library to download and publish models, datasets and other repos on the huggingface.co hub.",14,False,huggingface_hub,conda-forge/huggingface_hub,,,,,,https://pypi.org/project/huggingface_hub,493557521.0,493660736.0,https://anaconda.org/conda-forge/huggingface_hub,2021-02-12 21:11:22.751,2026-08-07 15:53:22.432,2026-08-07 15:53:22.432000,6812226.0,169.0,,,,,,2.0,,,,,,,,,,,
167,gpustat,wookayin/gpustat,gpu-utilities,,{},18.0,A simple command-line utility for querying and monitoring GPU status.,14,False,gpustat,conda-forge/gpustat,,,,8224.0,8224.0,https://pypi.org/project/gpustat,1175893.0,1180797.0,https://anaconda.org/conda-forge/gpustat,2020-11-24 19:59:02.801,2025-04-22 14:57:03.401,2025-04-22 14:57:03.401000,338378.0,5.0,,,,,,2.0,,,,,,,,,,,
168,PyCUDA,inducer/pycuda,gpu-utilities,,{},84.0,Python wrapper for CUDA.,14,False,pycuda,conda-forge/pycuda,,,,4129.0,4129.0,https://pypi.org/project/pycuda,80356.0,102323.0,https://anaconda.org/conda-forge/pycuda,2021-03-24 21:15:24.222,2025-10-27 15:24:05.554,2025-10-27 15:24:05.554000,1427909.0,9.0,,,,,,2.0,,,,,,,,,,,
169,emcee,dfm/emcee,probabilistics,,{},78.0,The Python ensemble sampling toolkit for MCMC.,14,False,emcee,conda-forge/emcee,,,,3433.0,3433.0,https://pypi.org/project/emcee,1063979.0,1077363.0,https://anaconda.org/conda-forge/emcee,2021-06-27 13:53:55.745,2025-04-22 14:56:23.732,2025-04-22 14:56:23.732000,829838.0,12.0,,,,,,2.0,,,,,,,,,,,
170,PyStan,stan-dev/pystan,probabilistics,,{},14.0,"Python interface to Stan, a package for Bayesian inference.",14,False,pystan,conda-forge/pystan,,,,10631.0,10631.0,https://pypi.org/project/pystan,1479652.0,1529581.0,https://anaconda.org/conda-forge/pystan,2020-08-25 22:10:44.292,2025-04-22 14:56:33.006,2025-04-22 14:56:33.006000,3594947.0,13.0,,,,,,2.0,,,,,,,,,,,
171,SALib,SALib/SALib,probabilistics,,{},58.0,Sensitivity Analysis Library.,14,False,salib,conda-forge/salib,,,,1787.0,1787.0,https://pypi.org/project/salib,754005.0,761722.0,https://anaconda.org/conda-forge/salib,2020-10-24 17:04:38.048,2025-10-12 03:01:28.233,2025-10-12 03:01:28.233000,540192.0,16.0,,,,,,2.0,,,,,,,,,,,
172,pingouin,raphaelvallat/pingouin,probabilistics,,{},50.0,Pingouin is an open-source statistical package written in Python 3 and based mostly on Pandas and NumPy.,14,False,pingouin,conda-forge/pingouin,,,,3576.0,3576.0,https://pypi.org/project/pingouin,519370.0,522544.0,https://anaconda.org/conda-forge/pingouin,2020-06-15 06:04:02.429,2026-03-28 17:04:20.161,2026-03-28 17:04:20.161000,234914.0,30.0,,,,,,2.0,,,,,,,,,,,
173,scikit-survival,sebp/scikit-survival,sklearn-utils,,{},26.0,Survival analysis built on top of scikit-learn.,14,False,scikit-survival,conda-forge/scikit-survival,,,['sklearn'],1024.0,1024.0,https://pypi.org/project/scikit-survival,255586.0,262378.0,https://anaconda.org/conda-forge/scikit-survival,2021-11-09 12:11:50.632,2026-07-05 12:16:19.854,2026-07-05 12:16:19.854000,387189.0,19.0,,,,,,2.0,,,,,,,,,,,
174,Feature Engine,feature-engine/feature_engine,others,,{},65.0,Feature engineering and selection package with Scikit-learns fit and transform functionality.,14,False,feature_engine,conda-forge/feature_engine,,,,3928.0,3928.0,https://pypi.org/project/feature_engine,300988.0,302338.0,https://anaconda.org/conda-forge/feature_engine,2020-08-06 19:43:35.639,2026-02-28 00:54:25.851,2026-02-28 00:54:25.851000,97262.0,26.0,,,,,,1.0,,,,,,,,,,,
175,PennyLane,PennyLaneAI/PennyLane,others,,{},225.0,PennyLane is a Python quantum machine learning library by Xanadu Inc.,14,False,pennylane,conda-forge/pennylane,,,,2154.0,2154.0,https://pypi.org/project/pennylane,312463.0,320283.0,https://anaconda.org/conda-forge/pennylane,2021-11-24 17:17:59.313,2025-04-22 14:58:05.852,2025-04-22 14:58:05.852000,445757.0,19.0,,,,,,1.0,,,,,,,,,,,
176,River,online-ml/river,others,,{},148.0,Online machine learning in Python.,14,False,river,conda-forge/river,,,,908.0,908.0,https://pypi.org/project/river,237444.0,240048.0,https://anaconda.org/conda-forge/river,2021-04-19 20:23:28.936,2026-06-01 01:52:46.506,2026-06-01 01:52:46.506000,166719.0,8.0,,,,,,1.0,,,,,,,,,,,
177,kmodes,nicodv/kmodes,others,,{},22.0,Python implementations of the k-modes and k-prototypes clustering algorithms for clustering categorical data.,14,False,kmodes,conda-forge/kmodes,,,,3213.0,3213.0,https://pypi.org/project/kmodes,550997.0,552172.0,https://anaconda.org/conda-forge/kmodes,2020-04-04 05:32:53.353,2025-04-22 14:57:23.933,2025-04-22 14:57:23.933000,89341.0,6.0,,,,,,1.0,,,,,,,,,,,
178,Datasette,simonw/datasette,others,,{},95.0,An open source multi-tool for exploring and publishing data.,14,False,datasette,conda-forge/datasette,,,,1817.0,1817.0,https://pypi.org/project/datasette,164014.0,165447.0,https://anaconda.org/conda-forge/datasette,2021-04-21 16:46:59.352,2026-08-09 22:33:07.062,2026-08-09 22:33:07.062000,91729.0,33.0,,,,,,1.0,,,,,,datasette,,,,,
179,AutoGluon,autogluon/autogluon,hyperopt,,{},161.0,"AutoGluon: AutoML for Text, Image, and Tabular Data.",13,False,autogluon,,autogluon/autogluon,https://auto.gluon.ai,"['pytorch', 'sklearn']",1296.0,1296.0,https://pypi.org/project/autogluon,457454.0,457454.0,,,,2025-06-16 23:01:47.182920,,,https://hub.docker.com/r/autogluon/autogluon,2025-06-16 23:01:47.182920,20.0,20.0,25835.0,2.0,,,,,,,,,,,
180,skorch,skorch-dev/skorch,ml-frameworks,,{},73.0,A scikit-learn compatible neural network library that wraps pytorch.,13,False,skorch,conda-forge/skorch,,,"['pytorch', 'sklearn']",1810.0,1810.0,https://pypi.org/project/skorch,134897.0,146804.0,https://anaconda.org/conda-forge/skorch,2020-09-19 04:12:05.913,2026-05-20 05:57:04.606,2026-05-20 05:57:04.606000,845412.0,18.0,,,,,,3.0,,,,,,,,,,,
181,ngboost,stanfordmlgroup/ngboost,ml-frameworks,,{},62.0,Natural Gradient Boosting for Probabilistic Prediction.,13,False,ngboost,conda-forge/ngboost,,,,308.0,308.0,https://pypi.org/project/ngboost,167426.0,168831.0,https://anaconda.org/conda-forge/ngboost,2020-07-18 02:10:27.277,2026-06-26 06:33:29.103,2026-06-26 06:33:29.103000,102581.0,34.0,,,,,,3.0,,,,,,,,,,,
182,textacy,chartbeat-labs/textacy,nlp,,{},35.0,"NLP, before and after spaCy.",13,False,textacy,conda-forge/textacy,,,,2089.0,2089.0,https://pypi.org/project/textacy,106933.0,109693.0,https://anaconda.org/conda-forge/textacy,2017-05-12 21:55:59.675,2025-04-22 14:56:36.813,2025-04-22 14:56:36.813000,306441.0,12.0,,,,,,2.0,,,,,,,,,,,
183,nlpaug,makcedward/nlpaug,nlp,,{},34.0,Natrual language processing data Augmentation library.,13,False,nlpaug,conda-forge/nlpaug,,,,1893.0,1893.0,https://pypi.org/project/nlpaug,194831.0,195731.0,https://anaconda.org/conda-forge/nlpaug,2021-06-28 02:58:38.053,2025-04-22 14:57:56.135,2025-04-22 14:57:56.135000,55854.0,7.0,,,,,,2.0,,,,,,,,,,,
184,spacy-transformers,explosion/spacy-transformers,nlp,,{},24.0,"Use pretrained transformers like BERT, XLNet and GPT-2 in spaCy.",13,False,spacy-transformers,conda-forge/spacy-transformers,,,['spacy'],2421.0,2421.0,https://pypi.org/project/spacy-transformers,263752.0,267022.0,https://anaconda.org/conda-forge/spacy-transformers,2021-11-18 17:41:04.018,2026-03-24 13:10:30.640,2026-03-24 13:10:30.640000,186437.0,22.0,,,,,,2.0,,,,,,,,,,,
185,ag2,ag2ai/ag2,agents,,{},499.0,,13,False,ag2,,,,,980.0,980.0,https://pypi.org/project/ag2,461698.0,461698.0,,,,,,,,,,,,3.0,,,,,,,,,,,
186,haystack,deepset-ai/haystack,agents,,{},421.0,,13,False,haystack-ai,,,,,1795.0,1795.0,https://pypi.org/project/haystack-ai,932836.0,932836.0,,,,,,,,,,,,3.0,,,,,,,,,,,
187,agno,agno-agi/agno,agents,,{},526.0,,13,False,agno,,,,,3051.0,3051.0,https://pypi.org/project/agno,2116345.0,2116345.0,,,,,,,,,,,,3.0,,,,,,,,,,,
188,mahotas,luispedro/mahotas,image,,{},35.0,Mahotas: Computer Vision Library.,13,False,mahotas,conda-forge/mahotas,,,,1589.0,1589.0,https://pypi.org/project/mahotas,61281.0,79259.0,https://anaconda.org/conda-forge/mahotas,2020-06-12 13:41:17.109,2025-10-21 21:07:30.102,2025-10-21 21:07:30.102000,1330414.0,14.0,,,,,,2.0,,,,,,,,,,,
189,Face Recognition,ageitgey/face_recognition,image,,{},55.0,Recognize faces from Python or from the command line.,13,False,face_recognition,conda-forge/face_recognition,,,['pytorch'],5671.0,5671.0,https://pypi.org/project/face_recognition,199705.0,200344.0,https://anaconda.org/conda-forge/face_recognition,2020-09-14 16:50:56.246,2025-04-22 14:57:35.730,2025-04-22 14:57:35.730000,45381.0,1.0,,,,,,2.0,,,,,,,,,,,
190,InsightFace,deepinsight/insightface,image,,{},67.0,,13,False,insightface,,,,['mxnet'],5301.0,5301.0,https://pypi.org/project/insightface,1076290.0,1076290.0,,,,,,,,,,,,2.0,,,,,,,,,,,
191,Plotly-Resampler,predict-idlab/plotly-resampler,data-viz,,{},14.0,Visualizing large time series with plotly.,13,False,plotly-resampler,conda-forge/plotly-resampler,,,,2100.0,2100.0,https://pypi.org/project/plotly-resampler,521625.0,524966.0,https://anaconda.org/conda-forge/plotly-resampler,2022-01-13 19:12:38.352,2025-10-09 21:44:53.402,2025-10-09 21:44:53.402000,183776.0,23.0,,,,,,2.0,,,,,,,,,,,
192,pyvis,WestHealth/pyvis,data-viz,,{},32.0,,13,False,pyvis,,,,,12619.0,12619.0,https://pypi.org/project/pyvis,2289970.0,2289970.0,,,,,,,,,,,,2.0,,,,,,,,,,,
193,Perspective,finos/perspective,data-viz,,{},103.0,Streaming pivot visualization via WebAssembly.,13,False,perspective-python,conda-forge/perspective,,,['jupyter'],214.0,214.0,https://pypi.org/project/perspective-python,38596.0,80175.0,https://anaconda.org/conda-forge/perspective,2020-06-07 15:10:08.248,2026-08-05 14:07:57.362,2026-08-05 14:07:57.362000,3008243.0,89.0,,,,,,2.0,,@finos/perspective-jupyterlab,https://www.npmjs.com/package/@finos/perspective-jupyterlab,928.0,,,,,,,
194,pyecharts,pyecharts/pyecharts,data-viz,,{},45.0,,13,False,pyecharts,,,https://github.com/pyecharts/pyecharts/blob/master/README.en.md,['jupyter'],5695.0,5695.0,https://pypi.org/project/pyecharts,1107545.0,1107545.0,,,,,,,,,,,,2.0,,,,,,,,,,,
195,dgl,dmlc/dgl,graph,,{},298.0,,13,False,dgl,,,,,4264.0,4264.0,https://pypi.org/project/dgl,130583.0,130583.0,,,,,,,,,,,,2.0,,,,,,,,,,,
196,ogb,snap-stanford/ogb,graph,,{},32.0,Open Graph Benchmark.,13,False,ogb,conda-forge/ogb,,,,2791.0,2791.0,https://pypi.org/project/ogb,107165.0,108276.0,https://anaconda.org/conda-forge/ogb,2020-09-02 17:22:47.382,2025-04-22 14:57:35.121,2025-04-22 14:57:35.121000,78942.0,11.0,,,,,,2.0,,,,,,,,,,,
197,Bayesian Optimization,fmfn/BayesianOptimization,hyperopt,,{},57.0,,13,False,bayesian-optimization,,,,,4236.0,4236.0,https://pypi.org/project/bayesian-optimization,678551.0,678551.0,,,,,,,,,,,,2.0,,,,,,,,,,,
198,nevergrad,facebookresearch/nevergrad,hyperopt,,{},59.0,A Python toolbox for performing gradient-free optimization.,13,False,nevergrad,conda-forge/nevergrad,,,,1253.0,1253.0,https://pypi.org/project/nevergrad,408118.0,409136.0,https://anaconda.org/conda-forge/nevergrad,2020-05-26 12:59:59.482,2025-04-22 14:57:24.222,2025-04-22 14:57:24.222000,76384.0,15.0,,,,,,2.0,,,,,,,,,,,
199,featuretools,alteryx/featuretools,hyperopt,,{},75.0,a framework for automated feature engineering.,13,False,featuretools,conda-forge/featuretools,,,,2168.0,2168.0,https://pypi.org/project/featuretools,168738.0,173006.0,https://anaconda.org/conda-forge/featuretools,2020-06-04 23:17:05.307,2025-04-22 14:56:57.460,2025-04-22 14:56:57.460000,315885.0,77.0,,,,,,2.0,,,,,,,,,,,
200,Neptune.ai,neptune-ai/neptune-client,ml-experiments,,{},59.0,Neptune Client.,13,False,neptune-client,conda-forge/neptune-client,,,,981.0,981.0,https://pypi.org/project/neptune-client,61024.0,67134.0,https://anaconda.org/conda-forge/neptune-client,2020-05-20 10:42:43.652,2025-04-22 14:57:20.407,2025-04-22 14:57:20.407000,458263.0,132.0,,,,,,2.0,,,,,,,,,,,
201,aim,aimhubio/aim,ml-experiments,,{},82.0,"A super-easy way to record, search and compare 1000s of ML training runs.",13,False,aim,conda-forge/aim,,,,1235.0,1235.0,https://pypi.org/project/aim,105364.0,108384.0,https://anaconda.org/conda-forge/aim,2021-07-07 13:38:09.942,2026-02-02 15:43:00.878,2026-02-02 15:43:00.878000,184279.0,12.0,,,,,,2.0,,,,,,,,,,,
202,pyRiemann,pyRiemann/pyRiemann,ml-frameworks,,{},44.0,Biosignals classification with Riemannian Geometry.,13,False,pyriemann,conda-forge/pyriemann,,https://pyriemann.readthedocs.io/en/latest/,['sklearn'],514.0,514.0,https://pypi.org/project/pyriemann,64579.0,65066.0,https://anaconda.org/conda-forge/pyriemann,2022-06-08 12:07:57.776,2026-07-21 00:00:13.884,2026-07-21 00:00:13.884000,24392.0,11.0,,,,,,3.0,,,,,,,,,,,
203,dask-ml,dask/dask-ml,distributed-ml,,{},82.0,Distributed and parallel machine learning using dask.,13,False,dask-ml,conda-forge/dask-ml,,,,1354.0,1354.0,https://pypi.org/project/dask-ml,95936.0,113967.0,https://anaconda.org/conda-forge/dask-ml,2020-05-26 20:29:09.888,2025-04-22 14:56:42.913,2025-04-22 14:56:42.913000,1352329.0,31.0,,,,,,2.0,,,,,,,,,,,
204,pytorch-forecasting,jdb78/pytorch-forecasting,time-series-data,,{},109.0,Timeseries forecasting with PyTorch.,13,False,pytorch-forecasting,conda-forge/pytorch-forecasting,,,,710.0,710.0,https://pypi.org/project/pytorch-forecasting,318853.0,320337.0,https://anaconda.org/conda-forge/pytorch-forecasting,2020-09-14 11:56:00.946,2026-06-25 08:25:03.077,2026-06-25 08:25:03.077000,105432.0,32.0,,,,,,2.0,,,,,,,,,,,
205,implicit,benfred/implicit,recommender-systems,,{},37.0,Fast Python Collaborative Filtering for Implicit Datasets.,13,False,implicit,conda-forge/implicit,,,,2020.0,2020.0,https://pypi.org/project/implicit,327413.0,356241.0,https://anaconda.org/conda-forge/implicit,2020-09-15 03:41:22.783,2026-05-14 22:07:46.291,2026-05-14 22:07:46.291000,2046838.0,18.0,,,,,,1.0,,,,,,,,,,,
206,Cornac,PreferredAI/cornac,recommender-systems,,{},31.0,A Comparative Framework for Multimodal Recommender Systems.,13,False,cornac,conda-forge/cornac,,,,306.0,306.0,https://pypi.org/project/cornac,48524.0,63640.0,https://anaconda.org/conda-forge/cornac,2020-06-06 08:50:52.981,2026-07-15 17:00:30.148,2026-07-15 17:00:30.148000,1118586.0,58.0,,,,,,1.0,,,,,,,,,,,
207,SpeechRecognition,Uberi/speech_recognition,audio,,{},62.0,"Library for performing speech recognition, with support for several engines and APIs, online and offline.",13,False,SpeechRecognition,conda-forge/speechrecognition,,,,24.0,24.0,https://pypi.org/project/SpeechRecognition,9927612.0,9936261.0,https://anaconda.org/conda-forge/speechrecognition,2020-08-20 04:16:29.624,2026-06-17 03:46:16.860,2026-06-17 03:46:16.860000,622755.0,27.0,,,,,,2.0,,,,,,,,,,,
208,tinytag,devsnd/tinytag,audio,,{},28.0,,13,False,tinytag,,,,,1965.0,1965.0,https://pypi.org/project/tinytag,5387566.0,5387566.0,,,,,,,,,,,,2.0,,,,,,,,,7.0,,
209,Opacus,pytorch/opacus,privacy-ml,,{},91.0,Train PyTorch models with Differential Privacy.,13,False,opacus,conda-forge/opacus,,,['pytorch'],1295.0,1295.0,https://pypi.org/project/opacus,168373.0,169043.0,https://anaconda.org/conda-forge/opacus,2022-01-11 20:35:33.574,2026-05-05 21:02:34.391,2026-05-05 21:02:34.391000,36869.0,12.0,,,,,,1.0,,,,,,,,,,,
210,Apex,NVIDIA/apex,gpu-utilities,,{},140.0,a Pytorch extension with NVIDIA-maintained utilities to streamline mixed precision and distributed training.,13,False,,conda-forge/nvidia-apex,,,['pytorch'],3369.0,3369.0,,,10881.0,https://anaconda.org/conda-forge/nvidia-apex,2020-10-08 01:21:09.615,2026-06-17 09:19:03.496,2026-06-17 09:19:03.496000,761694.0,5.0,,,,,,2.0,,,,,,,,,,,
211,bambi,bambinos/bambi,probabilistics,,{},54.0,BAyesian Model Building Interface in Python.,13,False,bambi,conda-forge/bambi,,,,253.0,253.0,https://pypi.org/project/bambi,68382.0,69469.0,https://anaconda.org/conda-forge/bambi,2020-12-17 13:09:13.632,2026-08-10 16:11:42.596,2026-08-10 16:11:42.596000,73939.0,25.0,,,,,,3.0,,,,,,,,,,,
212,pgmpy,pgmpy/pgmpy,probabilistics,,{},241.0,,13,False,pgmpy,,,,,1808.0,1808.0,https://pypi.org/project/pgmpy,856716.0,856716.0,,,,,,,,,,,,3.0,,,,,,,,,,,
213,torchinfo,TylerYep/torchinfo,pytorch-utils,,{},29.0,,13,False,torchinfo,,,,['pytorch'],8256.0,8256.0,https://pypi.org/project/torchinfo,645537.0,645537.0,,,,,,,,,,,,2.0,,,,,,,,,,,
214,tensorly,tensorly/tensorly,others,,{},76.0,Tensor learning in Python.,13,False,tensorly,conda-forge/tensorly,,,,1232.0,1232.0,https://pypi.org/project/tensorly,90911.0,96685.0,https://anaconda.org/conda-forge/tensorly,2020-10-20 14:38:35.389,2025-04-22 14:56:50.737,2025-04-22 14:56:50.737000,404199.0,9.0,,,,,,2.0,,,,,,,,,,,
215,pyjanitor,pyjanitor-devs/pyjanitor,others,,{},123.0,Tools for cleaning pandas DataFrames.,13,False,pyjanitor,conda-forge/pyjanitor,,,,1020.0,1020.0,https://pypi.org/project/pyjanitor,328572.0,333953.0,https://anaconda.org/conda-forge/pyjanitor,2020-05-18 15:23:06.586,2026-04-07 15:32:35.394,2026-04-07 15:32:35.394000,403632.0,78.0,,,,,,2.0,,,,,,,,,,,
216,datalad,datalad/datalad,others,,{},65.0,data distribution geared toward scientific datasets.,13,False,datalad,conda-forge/datalad,,,,584.0,584.0,https://pypi.org/project/datalad,44248.0,60511.0,https://anaconda.org/conda-forge/datalad,2020-06-24 04:55:07.916,2026-07-24 16:28:34.158,2026-07-24 16:28:34.158000,1203479.0,79.0,,,,,,2.0,,,,,,,,,,,
217,Sonnet,deepmind/sonnet,ml-frameworks,,{},63.0,Multi-language spell checker.,12,False,dm-sonnet,conda-forge/sonnet,,,['tensorflow'],1581.0,1581.0,https://pypi.org/project/dm-sonnet,19266.0,19953.0,https://anaconda.org/conda-forge/sonnet,2019-11-20 21:03:41.099,2025-04-22 14:57:17.453,2025-04-22 14:57:17.453000,55697.0,13.0,,,,,,3.0,,,,,,,,,,,
218,flashtext,vi3k6i5/flashtext,nlp,,{},7.0,This module can be used to replace keywords in sentences or extract keywords from sentences. It is based on the..,12,False,flashtext,conda-forge/flashtext,,,,2114.0,2114.0,https://pypi.org/project/flashtext,2468377.0,2468716.0,https://anaconda.org/conda-forge/flashtext,2020-07-16 16:37:57.409,2025-04-22 14:57:29.789,2025-04-22 14:57:29.789000,24755.0,1.0,,,,,,2.0,,,,,,,,,,,
219,PyTorch3D,facebookresearch/pytorch3d,image,,{},182.0,3d Geometry for pytorch.,12,False,pytorch3d,pytorch3d/pytorch3d,,,['pytorch'],1388.0,1388.0,https://pypi.org/project/pytorch3d,1303.0,6623.0,https://anaconda.org/pytorch3d/pytorch3d,2019-11-19 20:10:38.667,2025-03-25 16:29:23.925,2025-03-25 16:29:23.925000,430931.0,18.0,,,,,,2.0,,,,,,,,,,,
220,FiftyOne,voxel51/fiftyone,data-viz,,{},205.0,"Visualize, create, and debug image and video datasets and model predictions.",12,False,fiftyone,,,,"['tensorflow', 'pytorch', 'jupyter']",1096.0,1096.0,https://pypi.org/project/fiftyone,256505.0,256505.0,,,,,,,,,,,,3.0,,,,,,,,,,,
221,wordcloud,amueller/word_cloud,data-viz,,{},76.0,A little word cloud generator in Python.,12,False,wordcloud,conda-forge/wordcloud,,,,24.0,24.0,https://pypi.org/project/wordcloud,2189993.0,2205607.0,https://anaconda.org/conda-forge/wordcloud,2020-07-07 12:57:01.655,2026-08-09 16:35:22.475,2026-08-09 16:35:22.475000,1139890.0,15.0,,,,,,3.0,,,,,,,,,,,
222,ydata-profiling,ydataai/ydata-profiling,data-viz,,{},142.0,Generate profile report for pandas DataFrame.,12,False,ydata-profiling,conda-forge/ydata-profiling,,,"['jupyter', 'pandas']",17.0,17.0,https://pypi.org/project/ydata-profiling,1772136.0,1774719.0,https://anaconda.org/conda-forge/ydata-profiling,2023-02-27 12:22:21.195,2026-07-03 11:16:07.164,2026-07-03 11:16:07.164000,108496.0,34.0,,,,,,3.0,,,,,,,,,,,
223,Sweetviz,fbdesignpro/sweetviz,data-viz,,{},13.0,A pandas-based library to visualize and compare datasets.,12,False,sweetviz,conda-forge/sweetviz,,,,3202.0,3202.0,https://pypi.org/project/sweetviz,155161.0,156165.0,https://anaconda.org/conda-forge/sweetviz,2021-02-03 19:13:59.125,2026-04-11 23:31:56.666,2026-04-11 23:31:56.666000,66276.0,15.0,,,,,,3.0,,,,,,,,,,,
224,openTSNE,pavlin-policar/openTSNE,data-viz,,{},15.0,"Extensible, parallel implementations of t-SNE.",12,False,opentsne,conda-forge/opentsne,,,,1144.0,1144.0,https://pypi.org/project/opentsne,128687.0,137406.0,https://anaconda.org/conda-forge/opentsne,2020-08-04 09:05:14.594,2026-01-16 07:03:04.711,2026-01-16 07:03:04.711000,627818.0,24.0,,,,,,3.0,,,,,,,,,,,
225,DoWhy,py-why/dowhy,interpretability,,{},117.0,DoWhy is a Python library for causal inference that supports explicit modeling and testing of causal assumptions.,12,False,dowhy,conda-forge/dowhy,,,,764.0,764.0,https://pypi.org/project/dowhy,234860.0,235726.0,https://anaconda.org/conda-forge/dowhy,2020-11-22 07:16:29.903,2025-07-13 12:15:04.418,2025-07-13 12:15:04.418000,59802.0,12.0,,,,,,2.0,,,,,,,,,,,
226,InterpretML,interpretml/interpret,interpretability,,{},58.0,,12,False,interpret,,,,['jupyter'],980.0,980.0,https://pypi.org/project/interpret,468269.0,468269.0,,,,,,,,,,,,2.0,,,,,,,,,,,
227,Satpy,pytroll/satpy,geospatial-data,,{},193.0,Meteorological processing package.,12,False,satpy,conda-forge/satpy,,,,208.0,208.0,https://pypi.org/project/satpy,52496.0,58874.0,https://anaconda.org/conda-forge/satpy,2020-06-10 19:56:45.218,2026-03-05 18:39:22.244,2026-03-05 18:39:22.244000,472004.0,76.0,,,,,,3.0,,,,,,,,,,,
228,pymap3d,geospace-code/pymap3d,geospatial-data,,{},19.0,Pure Python 3-D geographic coordinate conversions and geodesy.,12,False,pymap3d,conda-forge/pymap3d,,,,589.0,589.0,https://pypi.org/project/pymap3d,764795.0,766818.0,https://anaconda.org/conda-forge/pymap3d,2020-09-24 05:54:03.868,2025-07-08 12:06:19.595,2025-07-08 12:06:19.595000,143674.0,19.0,,,,,,3.0,,,,,,,,,,,
229,empyrical,quantopian/empyrical,financial-data,,{},23.0,Common financial risk metrics.,12,False,empyrical,conda-forge/empyrical,,,,1824.0,1824.0,https://pypi.org/project/empyrical,22866.0,23448.0,https://anaconda.org/conda-forge/empyrical,2018-02-15 14:11:16.165,2025-04-22 14:56:47.167,2025-04-22 14:56:47.167000,59370.0,4.0,,,,,,2.0,,,,,,,,,,,
230,bt,pmorissette/bt,financial-data,,{},39.0,bt - flexible backtesting for Python.,12,False,bt,conda-forge/bt,,,,1749.0,1749.0,https://pypi.org/project/bt,26665.0,29118.0,https://anaconda.org/conda-forge/bt,2021-04-23 10:15:55.354,2026-04-26 16:07:23.806,2026-04-26 16:07:23.806000,156992.0,9.0,,,,,,2.0,,,,,,,,,,,
231,yfinance,ranaroussi/yfinance,financial-data,,{},184.0,,12,False,yfinance,ranaroussi/yfinance,,,,,,https://pypi.org/project/yfinance,27086412.0,27088035.0,https://anaconda.org/ranaroussi/yfinance,2021-07-03 13:58:30.250,2025-03-25 16:27:42.706,2025-03-25 16:27:42.706000,99010.0,4.0,,,,,,2.0,,,,,,,,,-8.0,,
232,ClearML,allegroai/clearml,ml-experiments,,{},116.0,Auto-Magical Experiment Manager & Version Control for AI.,12,False,clearml,,allegroai/trains,,,1976.0,1976.0,https://pypi.org/project/clearml,634141.0,634141.0,,,,2020-10-05 10:16:46.865671,,,https://hub.docker.com/r/allegroai/trains,2020-10-05 10:16:46.865671,,,34041.0,2.0,,,,,,,,,,,
233,sacred,IDSIA/sacred,ml-experiments,,{},107.0,Facilitates automated and reproducible experimental research.,12,False,sacred,conda-forge/sacred,,,,3669.0,3669.0,https://pypi.org/project/sacred,37679.0,37890.0,https://anaconda.org/conda-forge/sacred,2021-11-14 09:49:21.832,2025-04-22 14:58:05.313,2025-04-22 14:58:05.313000,12051.0,3.0,,,,,,2.0,,,,,,,,,,,
234,kaggle,Kaggle/kaggle-api,ml-experiments,,{},69.0,Kaggle API.,12,False,kaggle,conda-forge/kaggle,,,,24.0,24.0,https://pypi.org/project/kaggle,803974.0,808316.0,https://anaconda.org/conda-forge/kaggle,2020-09-04 15:05:55.697,2026-06-26 00:57:52.829,2026-06-26 00:57:52.829000,308314.0,35.0,,,,,,2.0,,,,,,,,,,,
235,H2O-3,h2oai/h2o-3,distributed-ml,,{},288.0,,12,False,h2o,,,,,100.0,100.0,https://pypi.org/project/h2o,218848.0,218848.0,,,,,,,,,,,,2.0,Apache-2.0,,,,,,,,,,
236,qdrant,qdrant/qdrant,nn-search,,{},191.0,,12,False,qdrant-client,,,,,117.0,117.0,https://pypi.org/project/qdrant-client,19077155.0,19077155.0,,,,,,,,,,,,3.0,,,,,,,,,,,
237,lightfm,lyst/lightfm,recommender-systems,,{},47.0,"A Python implementation of LightFM, a hybrid recommendation algorithm.",12,False,lightfm,conda-forge/lightfm,,,,1948.0,1948.0,https://pypi.org/project/lightfm,47176.0,51801.0,https://anaconda.org/conda-forge/lightfm,2018-01-05 14:24:50.552,2025-04-22 14:56:45.003,2025-04-22 14:56:45.003000,476391.0,4.0,,,,,,2.0,,,,,,,,,,,
238,aubio,aubio/aubio,audio,,{},32.0,tools for audio and music analysis and transformation.,12,False,aubio,conda-forge/aubio,,,,596.0,596.0,https://pypi.org/project/aubio,92651.0,114371.0,https://anaconda.org/conda-forge/aubio,2017-03-19 18:06:20.550,2025-04-22 14:56:33.269,2025-04-22 14:56:33.269000,2454383.0,7.0,,,,,,2.0,,,,,,,,,,,
239,spleeter,deezer/spleeter,audio,,{},22.0,The Deezer source separation library with pretrained models based on tensorflow.,12,False,spleeter,conda-forge/spleeter,,,['tensorflow'],1098.0,1098.0,https://pypi.org/project/spleeter,20774.0,22446.0,https://anaconda.org/conda-forge/spleeter,2019-11-08 20:02:52.483,2025-04-22 14:57:16.666,2025-04-22 14:57:16.666000,135484.0,10.0,,,,,,2.0,,,,,,,,,,,
240,BentoML,bentoml/BentoML,model-serialisation,,{},238.0,,12,False,bentoml,,,,,2868.0,2868.0,https://pypi.org/project/bentoml,254290.0,254290.0,,,,,,,,,,,,3.0,,,,,,,,,,,
241,GPflow,GPflow/GPflow,probabilistics,,{},85.0,Gaussian processes in TensorFlow.,12,False,gpflow,conda-forge/gpflow,,,['tensorflow'],806.0,806.0,https://pypi.org/project/gpflow,65796.0,66982.0,https://anaconda.org/conda-forge/gpflow,2022-02-02 14:43:05.929,2025-04-22 14:56:50.649,2025-04-22 14:56:50.649000,64044.0,7.0,,,,,,3.0,,,,,,,,,,,
242,scikit-posthocs,maximtrp/scikit-posthocs,probabilistics,,{},19.0,Statistical post-hoc analysis and outlier detection algorithms.,12,False,scikit-posthocs,conda-forge/scikit-posthocs,,,['sklearn'],1286.0,1286.0,https://pypi.org/project/scikit-posthocs,141840.0,158920.0,https://anaconda.org/conda-forge/scikit-posthocs,2020-10-13 01:11:10.773,2026-05-26 19:44:09.190,2026-05-26 19:44:09.190000,1195667.0,15.0,,,,,,3.0,,,,,,,,,,,
243,TextAttack,QData/TextAttack,adversarial,,{},74.0,Generating adversarial examples for NLP models.,12,False,textattack,conda-forge/textattack,,,,435.0,435.0,https://pypi.org/project/textattack,59803.0,59992.0,https://anaconda.org/conda-forge/textattack,2020-09-28 19:49:15.208,2025-04-22 14:57:36.874,2025-04-22 14:57:36.874000,13467.0,4.0,,,,,,1.0,,,,,,,,,,,
244,equinox,patrick-kidger/equinox,jax-utils,,{},101.0,,12,False,equinox,,,,['jax'],1935.0,1935.0,https://pypi.org/project/equinox,1212905.0,1212905.0,,,,,,,,,,,,1.0,,,,,,,,,,,
245,scikit-lego,koaning/scikit-lego,sklearn-utils,,{},72.0,missing blocks for sklearn pipelines.,12,False,scikit-lego,conda-forge/scikit-lego,,,['sklearn'],192.0,192.0,https://pypi.org/project/scikit-lego,72533.0,73721.0,https://anaconda.org/conda-forge/scikit-lego,2020-05-26 10:44:57.130,2025-04-22 14:57:15.493,2025-04-22 14:57:15.493000,89111.0,25.0,,,,,,2.0,,,,,,,,,,,
246,Prince,MaxHalford/prince,sklearn-utils,,{},20.0,Statistical factor analysis in Python.,12,False,prince,conda-forge/prince-factor-analysis,,,['sklearn'],797.0,797.0,https://pypi.org/project/prince,133494.0,133985.0,https://anaconda.org/conda-forge/prince-factor-analysis,2020-10-06 17:12:24.107,2026-07-01 06:43:52.593,2026-07-01 06:43:52.593000,34398.0,8.0,,,,,,2.0,,,,,,,,,,,
247,DeepChem,deepchem/deepchem,others,,{},262.0,"Democratizing Deep-Learning for Drug Discovery, Quantum Chemistry, Materials Science and Biology.",12,False,deepchem,conda-forge/deepchem,,,['tensorflow'],670.0,670.0,https://pypi.org/project/deepchem,45227.0,46919.0,https://anaconda.org/conda-forge/deepchem,2020-06-10 18:42:21.688,2025-04-22 14:57:21.461,2025-04-22 14:57:21.461000,125258.0,7.0,,,,,,2.0,,,,,,,,,,,
248,cleanlab,cleanlab/cleanlab,others,,{},55.0,The standard package for machine learning with noisy labels and finding mislabeled data in Python.,12,False,cleanlab,conda-forge/cleanlab,,,,538.0,538.0,https://pypi.org/project/cleanlab,97642.0,98935.0,https://anaconda.org/conda-forge/cleanlab,2021-04-19 15:02:45.542,2026-01-14 17:49:56.450,2026-01-14 17:49:56.450000,82764.0,19.0,,,,,,2.0,,,,,,,,,,,
249,Milvus,milvus-io/milvus,nn-search,,{},365.0,"Milvus --- an open-source, high-performance vector database (https://milvus.io).",11,False,pymilvus,,milvusdb/milvus,,,,,https://pypi.org/project/pymilvus,5976463.0,5976463.0,,,,2026-08-13 17:03:32.710664,,,https://hub.docker.com/r/milvusdb/milvus,2026-08-13 17:03:32.710664,105.0,105.0,78069352.0,3.0,,,,,,,,,7.0,,
250,spark-nlp,JohnSnowLabs/spark-nlp,nlp,,{},116.0,,11,False,spark-nlp,,,,['spark'],622.0,622.0,https://pypi.org/project/spark-nlp,1137322.0,1137322.0,,,,,,,,,,,,2.0,,,,,,,,,,,
251,argilla,argilla-io/argilla,nlp,,{},110.0,,11,False,argilla,,,,,3178.0,3178.0,https://pypi.org/project/argilla,182802.0,182802.0,,,,,,,,,,,,2.0,,,,,,,,,,,
252,opik,comet-ml/opik,nlp,,{},145.0,,11,False,opik,,,,,55.0,55.0,https://pypi.org/project/opik,3512727.0,3512727.0,,,,,,,,,,,,2.0,,,,,,,,,,,
253,fastText,facebookresearch/fastText,nlp,,{},68.0,fastText - Library for efficient text classification and representation learning.,11,False,fasttext,conda-forge/fasttext,,,,24.0,24.0,https://pypi.org/project/fasttext,2452584.0,2455551.0,https://anaconda.org/conda-forge/fasttext,2020-09-22 18:15:34.037,2025-11-05 20:00:51.025,2025-11-05 20:00:51.025000,210667.0,3.0,,,,,,2.0,,,,,,,,,,,
254,fairseq,facebookresearch/fairseq,nlp,,{},433.0,Facebook AI Research Sequence-to-Sequence Toolkit.,11,False,fairseq,conda-forge/fairseq,,,['pytorch'],24.0,24.0,https://pypi.org/project/fairseq,54667.0,57557.0,https://anaconda.org/conda-forge/fairseq,2020-07-24 16:44:47.386,2026-08-12 15:53:25.210,2026-08-12 15:53:25.210000,210973.0,4.0,,,,,,2.0,,,,,,,,,,,
255,Dedupe,dedupeio/dedupe,nlp,,{},72.0,A python library for accurate and scaleable data deduplication and entity-resolution.,11,False,dedupe,conda-forge/dedupe,,,,385.0,385.0,https://pypi.org/project/dedupe,49132.0,52091.0,https://anaconda.org/conda-forge/dedupe,2021-12-08 17:23:58.376,2025-04-22 14:58:06.931,2025-04-22 14:58:06.931000,165751.0,12.0,,,,,,2.0,,,,,,,,,,,
256,Albumentations,albumentations-team/albumentations,image,,{},172.0,Fast image augmentation library and easy to use wrapper around other libraries.,11,False,albumentations,conda-forge/albumentations,,,['pytorch'],,,https://pypi.org/project/albumentations,5413722.0,5419274.0,https://anaconda.org/conda-forge/albumentations,2020-07-10 06:51:58.141,2025-05-28 13:47:29.423,2025-05-28 13:47:29.423000,405327.0,38.0,,,,,,2.0,,,,,,,,,,,
257,AutoViz,AutoViML/AutoViz,data-viz,,{},17.0,"Automatically Visualize any dataset, any size with a single line of code.",11,False,autoviz,conda-forge/autoviz,,,,904.0,904.0,https://pypi.org/project/autoviz,17196.0,19255.0,https://anaconda.org/conda-forge/autoviz,2021-08-25 18:46:27.137,2025-04-22 14:57:59.344,2025-04-22 14:57:59.344000,123564.0,46.0,,,,,,3.0,,,,,,,,,,,
258,bqplot,bqplot/bqplot,data-viz,,{},71.0,Plotting library for Jupyter.,11,False,bqplot,conda-forge/bqplot,,,['jupyter'],65.0,65.0,https://pypi.org/project/bqplot,384013.0,432521.0,https://anaconda.org/conda-forge/bqplot,2020-05-24 11:30:38.431,2026-05-07 12:02:44.851,2026-05-07 12:02:44.851000,3455311.0,68.0,,,,,,3.0,,bqplot,https://www.npmjs.com/package/bqplot,2438.0,,,,,,,
259,ridgeplot,tpvasconcelos/ridgeplot,data-viz,,{},5.0,Provides a simple interface for plotting beautiful and interactive ridgeline plots within the extensive Plotly..,11,False,ridgeplot,conda-forge/ridgeplot,,,,288.0,288.0,https://pypi.org/project/ridgeplot,90215.0,90481.0,https://anaconda.org/conda-forge/ridgeplot,2024-12-20 08:59:41.148,2026-04-07 18:29:09.233,2026-04-07 18:29:09.233000,5337.0,6.0,,,,,,3.0,,,,,,,,,,,
260,explainerdashboard,oegedijk/explainerdashboard,interpretability,,{},23.0,explainerdashboard allows you quickly build an interactive dashboard to explain the inner workings of your machine..,11,False,explainerdashboard,conda-forge/explainerdashboard,,,,663.0,663.0,https://pypi.org/project/explainerdashboard,28802.0,30165.0,https://anaconda.org/conda-forge/explainerdashboard,2020-12-01 04:42:10.329,2026-02-09 15:37:35.767,2026-02-09 15:37:35.767000,92716.0,33.0,,,,,,2.0,,,,,,,,,,,
261,DALEX,ModelOriented/DALEX,interpretability,,{},28.0,Responsible Machine Learning in Python.,11,False,dalex,conda-forge/dalex,,,,241.0,241.0,https://pypi.org/project/dalex,48684.0,49514.0,https://anaconda.org/conda-forge/dalex,2021-01-06 18:42:09.821,2025-04-22 14:57:44.228,2025-04-22 14:57:44.228000,55610.0,7.0,,,,,,2.0,,,,,,,,,,,
262,AIF 360,Trusted-AI/AIF360,interpretability,,{},75.0,IBM AI Fairness 360.,11,False,aif360,conda-forge/aif360,,,,796.0,796.0,https://pypi.org/project/aif360,35130.0,35702.0,https://anaconda.org/conda-forge/aif360,2020-09-28 14:34:26.554,2025-04-22 14:57:36.856,2025-04-22 14:57:36.856000,40629.0,5.0,,,,,,2.0,,,,,,,,,,,
263,Node2Vec,eliorc/node2vec,graph,,{},16.0,"The node2vec algorithm learns continuous representations for nodes in any (un)directed, (un)weighted graph.",11,False,node2vec,conda-forge/node2vec,,,,980.0,980.0,https://pypi.org/project/node2vec,48433.0,48861.0,https://anaconda.org/conda-forge/node2vec,2018-05-03 02:54:12.032,2025-04-22 14:56:50.341,2025-04-22 14:56:50.341000,42414.0,3.0,,,,,,2.0,,,,,,,,,,,
264,EarthPy,earthlab/earthpy,geospatial-data,,{},45.0,Utility functions for the working with spatial data.,11,False,earthpy,conda-forge/earthpy,,,,447.0,447.0,https://pypi.org/project/earthpy,10879.0,12124.0,https://anaconda.org/conda-forge/earthpy,2019-04-02 17:33:42.874,2025-04-22 14:57:03.644,2025-04-22 14:57:03.644000,109587.0,14.0,,,,,,3.0,,,,,,,,,,,
265,geopy,geopy/geopy,geospatial-data,,{},138.0,Python Geocoding Toolbox.,11,False,geopy,conda-forge/geopy,,,,,,https://pypi.org/project/geopy,16361911.0,16392897.0,https://anaconda.org/conda-forge/geopy,2020-06-27 22:25:51.029,2026-07-13 01:38:53.987,2026-07-13 01:38:53.987000,2293025.0,20.0,,,,,,3.0,,,,,,,,,,,
266,ArcGIS API,Esri/arcgis-python-api,geospatial-data,,{},100.0,,11,False,arcgis,,esridocker/arcgis-api-python-notebook,,,1038.0,1038.0,https://pypi.org/project/arcgis,181339.0,181339.0,,,,,,,https://hub.docker.com/r/esridocker/arcgis-api-python-notebook,,,,,3.0,,,,,,,,,,,
267,pyfolio,quantopian/pyfolio,financial-data,,{},60.0,pyfolio is a Python library for performance and risk analysis of financial portfolios.,11,False,pyfolio,conda-forge/pyfolio,,,,1394.0,1394.0,https://pypi.org/project/pyfolio,8853.0,9065.0,https://anaconda.org/conda-forge/pyfolio,2018-02-15 19:39:31.850,2025-04-22 14:56:47.184,2025-04-22 14:56:47.184000,21691.0,1.0,,,,,,2.0,,,,,,,,,,,
268,zipline,quantopian/zipline,financial-data,,{},161.0,A backtester for financial algorithms.,11,False,zipline,conda-forge/zipline,,,,1045.0,1045.0,https://pypi.org/project/zipline,675.0,857.0,https://anaconda.org/conda-forge/zipline,2020-09-08 02:54:53.875,2025-04-22 14:57:35.321,2025-04-22 14:57:35.321000,12971.0,2.0,,,,,,2.0,,,,,,,,,,,
269,ffn,pmorissette/ffn,financial-data,,{},44.0,ffn - a financial function library for Python.,11,False,ffn,conda-forge/ffn,,,,627.0,627.0,https://pypi.org/project/ffn,48675.0,49207.0,https://anaconda.org/conda-forge/ffn,2021-04-22 14:02:52.723,2026-03-25 03:10:25.056,2026-03-25 03:10:25.056000,34106.0,12.0,,,,,,2.0,,,,,,,,,,,
270,backtrader,mementum/backtrader,financial-data,,{},56.0,,11,False,backtrader,,,,,3640.0,3640.0,https://pypi.org/project/backtrader,295411.0,295411.0,,,,,,,,,,,,2.0,,,,,,,,,,,
271,TPOT,EpistasisLab/tpot,hyperopt,,{},10.0,A Python tool that automatically creates and optimizes Machine Learning pipelines using genetic programming.,11,False,tpot,conda-forge/tpot,,,['sklearn'],3613.0,3613.0,https://pypi.org/project/tpot,21748.0,27551.0,https://anaconda.org/conda-forge/tpot,2020-06-02 00:25:11.879,2026-02-18 16:47:35.862,2026-02-18 16:47:35.862000,429445.0,24.0,,,,,,2.0,,,,,,,,,,,
272,lazypredict,shankarpandala/lazypredict,hyperopt,,{},20.0,Rapid low code ML testing with multiple basic models.,11,False,lazypredict,conda-forge/lazypredict,,,['sklearn'],1421.0,1421.0,https://pypi.org/project/lazypredict,18138.0,18308.0,https://anaconda.org/conda-forge/lazypredict,2021-08-24 21:48:59.448,2026-03-15 20:11:16.863,2026-03-15 20:11:16.863000,10207.0,5.0,,,,,,2.0,,,,,,,,,,,
273,knockknock,huggingface/knockknock,ml-experiments,,{},20.0,Be notified when your training is complete with only two additional lines of code.,11,False,knockknock,conda-forge/knockknock,,,,1467.0,1467.0,https://pypi.org/project/knockknock,18957.0,20220.0,https://anaconda.org/conda-forge/knockknock,2025-01-09 04:44:32.681,2025-04-22 14:57:16.064,2025-04-22 14:57:16.064000,24005.0,5.0,,,,,,3.0,,,,,,,,,,,
274,VisualDL,PaddlePaddle/VisualDL,ml-experiments,,{},37.0,,11,False,visualdl,,,,['paddle'],3625.0,3625.0,https://pypi.org/project/visualdl,213626.0,213626.0,,,,,,,,,,,,3.0,,,,,,,,,,,
275,SageMaker SDK,aws/sagemaker-python-sdk,ml-experiments,,{},525.0,Open source library for training and deploying models on Amazon SageMaker.,11,False,sagemaker,conda-forge/sagemaker-python-sdk,,,,,,https://pypi.org/project/sagemaker,19741773.0,19773085.0,https://anaconda.org/conda-forge/sagemaker-python-sdk,2020-08-20 11:36:30.719,2026-05-21 10:16:09.524,2026-05-21 10:16:09.524000,2254498.0,225.0,,,,,,3.0,,,,,,,,,,,
276,MedPy,loli/medpy,medical-data,,{},20.0,Medical image processing in Python.,11,False,MedPy,conda-forge/medpy,,,,2944.0,2944.0,https://pypi.org/project/MedPy,31525.0,34517.0,https://anaconda.org/conda-forge/medpy,2021-06-26 05:26:40.356,2026-04-25 10:59:35.660,2026-04-25 10:59:35.660000,185524.0,3.0,,,,,,2.0,,,,,,,,,,,
277,NIPY,nipy/nipy,medical-data,,{},70.0,Neuroimaging in Python FMRI analysis package.,11,False,nipy,conda-forge/nipy,,,,249.0,249.0,https://pypi.org/project/nipy,4699.0,23094.0,https://anaconda.org/conda-forge/nipy,2024-07-26 12:46:26.095,2025-04-22 14:56:38.480,2025-04-22 14:56:38.480000,459884.0,3.0,,,,,,2.0,,,,,,,,,,,
278,FairScale,facebookresearch/fairscale,distributed-ml,,{},77.0,PyTorch extensions for high performance and large scale training.,11,False,fairscale,conda-forge/fairscale,,,['pytorch'],,,https://pypi.org/project/fairscale,499078.0,510941.0,https://anaconda.org/conda-forge/fairscale,2021-11-07 09:02:15.377,2025-04-22 14:58:04.549,2025-04-22 14:58:04.549000,676226.0,9.0,,,,,,2.0,BSD-3-Clause,,,,,,,,,,
279,Prophet,facebook/prophet,time-series-data,,{},195.0,Automatic Forecasting Procedure.,11,False,fbprophet,conda-forge/prophet,,,,24.0,24.0,https://pypi.org/project/fbprophet,25510.0,53863.0,https://anaconda.org/conda-forge/prophet,2021-04-14 22:10:05.951,2026-06-01 20:12:55.219,2026-06-01 20:12:55.219000,1814619.0,12.0,,,,,,2.0,,,,,,,,,,,
280,tsfresh,blue-yonder/tsfresh,time-series-data,,{},103.0,Automatic extraction of relevant features from time series.,11,False,tsfresh,conda-forge/tsfresh,,,['sklearn'],24.0,24.0,https://pypi.org/project/tsfresh,346258.0,367827.0,https://anaconda.org/conda-forge/tsfresh,2020-05-13 05:51:14.110,2026-06-13 13:50:18.940,2026-06-13 13:50:18.940000,1617726.0,18.0,,,,,,2.0,,,,,,,,,,,
281,scikit-surprise,NicolasHug/Surprise,recommender-systems,,{},46.0,A Python scikit for building and analyzing recommender systems.,11,False,scikit-surprise,conda-forge/scikit-surprise,,,,24.0,24.0,https://pypi.org/project/scikit-surprise,102384.0,113326.0,https://anaconda.org/conda-forge/scikit-surprise,2020-07-19 15:23:16.043,2026-06-02 08:01:57.981,2026-06-02 08:01:57.981000,798799.0,10.0,,,,,,2.0,,,,,,,,,,,
282,librosa,librosa/librosa,audio,,{},140.0,Python module for audio and music processing.,11,False,librosa,conda-forge/librosa,,,,,,https://pypi.org/project/librosa,10555955.0,10580272.0,https://anaconda.org/conda-forge/librosa,2020-07-22 10:27:16.474,2026-08-11 15:54:43.554,2026-08-11 15:54:43.554000,1775213.0,25.0,,,,,,2.0,,,,,,,,,,,
283,audiomentations,iver56/audiomentations,audio,,{},34.0,,11,False,audiomentations,,,,,917.0,917.0,https://pypi.org/project/audiomentations,215370.0,215370.0,,,,,,,,,,,,2.0,,,,,,,,,,,
284,tensorflow-probability,tensorflow/probability,probabilistics,,{},512.0,TensorFlow Probability is a library for probabilistic reasoning and statistical analysis in TensorFlow.,11,False,tensorflow-probability,conda-forge/tensorflow-probability,,,['tensorflow'],5.0,5.0,https://pypi.org/project/tensorflow-probability,1181476.0,1185024.0,https://anaconda.org/conda-forge/tensorflow-probability,2021-02-10 20:08:37.772,2025-11-05 10:36:05.008,2025-11-05 10:36:05.008000,234230.0,20.0,,,,,,3.0,,,,,,,,,,,
285,ART,Trusted-AI/adversarial-robustness-toolbox,adversarial,,{},145.0,Toolbox for adversarial machine learning.,11,False,adversarial-robustness-toolbox,conda-forge/adversarial-robustness-toolbox,,,,818.0,818.0,https://pypi.org/project/adversarial-robustness-toolbox,17925.0,19389.0,https://anaconda.org/conda-forge/adversarial-robustness-toolbox,2020-07-24 16:49:13.769,2025-07-07 22:05:57.819,2025-07-07 22:05:57.819000,106904.0,37.0,,,,,,2.0,,,,,,,,,,,
286,Foolbox,bethgelab/foolbox,adversarial,,{},35.0,"Foolbox Native is an adversarial attacks library that works natively with PyTorch, TensorFlow and JAX.",11,False,foolbox,conda-forge/foolbox,,,,778.0,778.0,https://pypi.org/project/foolbox,16075.0,16389.0,https://anaconda.org/conda-forge/foolbox,2020-07-06 12:59:52.009,2025-04-22 14:57:29.383,2025-04-22 14:57:29.383000,22952.0,5.0,,,,,,2.0,,,,,,,,,,,
287,TFX,tensorflow/tfx,tensorflow-utils,,{},199.0,,11,False,tfx,,,,['tensorflow'],1865.0,1865.0,https://pypi.org/project/tfx,23399.0,23399.0,,,,,,,,,,,,2.0,,,,,,,,,,,
288,imbalanced-learn,scikit-learn-contrib/imbalanced-learn,sklearn-utils,,{},90.0,Python module to balance data set using under- and over-sampling.,11,False,imbalanced-learn,conda-forge/imbalanced-learn,,,['sklearn'],,,https://pypi.org/project/imbalanced-learn,12661561.0,12673197.0,https://anaconda.org/conda-forge/imbalanced-learn,2020-06-09 15:38:02.306,2026-06-07 21:56:18.335,2026-06-07 21:56:18.335000,861065.0,27.0,,,,,,2.0,,,,,,,,,,,
289,metricflow,transform-data/metricflow,others,,{},58.0,,11,False,metricflow,,,,,129.0,129.0,https://pypi.org/project/metricflow,7194848.0,7194848.0,,,,,,,,,,,,2.0,,,,,,,,,,,
290,carla,carla-simulator/carla,others,,{},203.0,,11,False,carla,,,,,1127.0,1127.0,https://pypi.org/project/carla,23247.0,23247.0,,,,,,,,,,,,2.0,,,,,,,,,,,
291,minisom,JustGlowing/minisom,others,,{},32.0,,11,False,minisom,,,,,939.0,939.0,https://pypi.org/project/minisom,44280.0,44280.0,,,,,,,,,,,,2.0,CC-BY-3.0,,,,,,,,,,
292,Geomstats,geomstats/geomstats,ml-frameworks,,{},100.0,Geometric statistics on manifolds.,10,False,geomstats,conda-forge/geomstats,,https://geomstats.github.io/,,163.0,163.0,https://pypi.org/project/geomstats,13962.0,14189.0,https://anaconda.org/conda-forge/geomstats,2022-06-01 11:18:15.215,2025-04-22 14:58:18.165,2025-04-22 14:58:18.165000,11371.0,4.0,,,,,,3.0,,,,,,,,,,,
293,Vowpal Wabbit,VowpalWabbit/vowpal_wabbit,ml-frameworks,,{},341.0,Vowpal Wabbit Python package.,10,False,vowpalwabbit,conda-forge/vowpalwabbit,,,,2.0,2.0,https://pypi.org/project/vowpalwabbit,36482.0,43904.0,https://anaconda.org/conda-forge/vowpalwabbit,2020-10-06 12:47:15.817,2025-04-22 14:57:07.942,2025-04-22 14:57:07.942000,519540.0,15.0,,,,,,3.0,BSD-3-Clause,,,,,,,,,,
294,PyFlink,apache/flink,ml-frameworks,,{},2127.0,Apache Flink Python API.,10,False,apache-flink,,,,,24.0,24.0,https://pypi.org/project/apache-flink,218680.0,218680.0,,,,,,,,,,,,3.0,,,,,,,,,,,
295,SciSpacy,allenai/scispacy,nlp,,{},40.0,,10,False,scispacy,,,,,1379.0,1379.0,https://pypi.org/project/scispacy,52032.0,52032.0,,,,,,,,,,,,3.0,,,,,,,,,,,
296,scattertext,JasonKessler/scattertext,nlp,,{},14.0,Beautiful visualizations of how language differs among document types.,10,False,scattertext,conda-forge/scattertext,,,,671.0,671.0,https://pypi.org/project/scattertext,7879.0,10107.0,https://anaconda.org/conda-forge/scattertext,2017-08-25 05:29:58.550,2025-04-22 14:56:39.793,2025-04-22 14:56:39.793000,240708.0,18.0,,,,,,3.0,,,,,,,,,,,
297,OpenNMT,OpenNMT/OpenNMT-py,nlp,,{},191.0,,10,False,OpenNMT-py,,,,['pytorch'],357.0,357.0,https://pypi.org/project/OpenNMT-py,13650.0,13650.0,,,,,,,,,,,,3.0,,,,,,,,,,,
298,YouTokenToMe,vkcom/youtokentome,nlp,,{},8.0,Unsupervised text tokenizer focused on computational efficiency.,10,False,youtokentome,conda-forge/youtokentome,,,,840.0,840.0,https://pypi.org/project/youtokentome,26087.0,28553.0,https://anaconda.org/conda-forge/youtokentome,2021-09-07 10:34:42.701,2025-10-27 19:11:49.313,2025-10-27 19:11:49.313000,145526.0,4.0,,,,,,3.0,,,,,,,,,,,
299,NeMo,NVIDIA/NeMo,nlp,,{},499.0,,10,False,nemo-toolkit,,,,['pytorch'],24.0,24.0,https://pypi.org/project/nemo-toolkit,1490047.0,1490047.0,,,,,,,,,,,,3.0,,,,,,,,,,,
300,PyTextRank,DerwenAI/pytextrank,nlp,,{},19.0,,10,False,pytextrank,,,,,918.0,918.0,https://pypi.org/project/pytextrank,119169.0,119169.0,,,,,,,,,,,,3.0,,,,,,,,,,,
301,imageai,OlafenwaMoses/ImageAI,image,,{},19.0,A python library built to empower developers to build applications and systems with self-contained Computer Vision..,10,False,imageai,conda-forge/imageai,,,,1807.0,1807.0,https://pypi.org/project/imageai,3160.0,3322.0,https://anaconda.org/conda-forge/imageai,2020-07-24 17:05:55.052,2025-04-22 14:57:32.711,2025-04-22 14:57:32.711000,11829.0,2.0,,,,,,2.0,,,,,,,,,,,
302,Norfair,tryolabs/norfair,image,,{},32.0,,10,False,norfair,,,,,369.0,369.0,https://pypi.org/project/norfair,116788.0,116788.0,,,,,,,,,,,,2.0,,,,,,,,,,,
303,lightly,lightly-ai/lightly,image,,{},91.0,,10,False,lightly,,,,['pytorch'],647.0,647.0,https://pypi.org/project/lightly,168824.0,168824.0,,,,,,,,,,,,2.0,,,,,,,,,,,
304,Tesseract,madmaze/pytesseract,ocr,,{},47.0,Python-tesseract is an optical character recognition (OCR) tool for python.,10,False,pytesseract,conda-forge/pytesseract,,,,,,https://pypi.org/project/pytesseract,23891329.0,23902095.0,https://anaconda.org/conda-forge/pytesseract,2020-07-25 19:44:39.224,2025-04-22 14:57:07.821,2025-04-22 14:57:07.821000,785988.0,17.0,,,,,,3.0,,,,,,,,,,,
305,lets-plot,JetBrains/lets-plot,data-viz,,{},23.0,,10,False,lets-plot,,,,,214.0,214.0,https://pypi.org/project/lets-plot,64932.0,64932.0,,,,,,,,,,,,3.0,,,,,,,,,,,
306,UMAP,lmcinnes/umap,data-viz,,{},148.0,Uniform Manifold Approximation and Projection.,10,False,umap-learn,conda-forge/umap-learn,,,,1.0,1.0,https://pypi.org/project/umap-learn,7222853.0,7275478.0,https://anaconda.org/conda-forge/umap-learn,2020-06-05 04:42:03.905,2026-04-09 00:32:16.119,2026-04-09 00:32:16.119000,3894287.0,31.0,,,,,,3.0,,,,,,,,,,,
307,PyWaffle,gyli/PyWaffle,data-viz,,{},6.0,A FigureClass of Matplotlib to make waffle chart.,10,False,pywaffle,conda-forge/pywaffle,,,,562.0,562.0,https://pypi.org/project/pywaffle,19241.0,19547.0,https://anaconda.org/conda-forge/pywaffle,2020-10-03 02:41:37.247,2025-04-22 14:56:58.537,2025-04-22 14:56:58.537000,21426.0,5.0,,,,,,3.0,,,,,,,,,,,
308,causalml,uber/causalml,interpretability,,{},84.0,,10,False,causalml,,,,,335.0,335.0,https://pypi.org/project/causalml,127504.0,127504.0,,,,,,,,,,,,2.0,,,,,,,,,,,
309,fairlearn,fairlearn/fairlearn,interpretability,,{},122.0,Simple and easy fairness assessment and unfairness mitigation.,10,False,fairlearn,conda-forge/fairlearn,,,['sklearn'],3.0,3.0,https://pypi.org/project/fairlearn,201425.0,202419.0,https://anaconda.org/conda-forge/fairlearn,2020-11-11 16:56:32.994,2026-06-08 10:56:38.371,2026-06-08 10:56:38.371000,68591.0,16.0,,,,,,2.0,,,,,,,,,,,
310,Alibi,SeldonIO/alibi,interpretability,,{},25.0,,10,False,alibi,,,,,858.0,858.0,https://pypi.org/project/alibi,19155.0,19155.0,,,,,,,,,,,,2.0,,,,,,,,,,,
311,Alphalens,quantopian/alphalens,financial-data,,{},26.0,Performance analysis of predictive (alpha) stock factors.,10,False,alphalens,conda-forge/alphalens,,,,761.0,761.0,https://pypi.org/project/alphalens,1397.0,1738.0,https://anaconda.org/conda-forge/alphalens,2018-02-16 18:31:40.483,2025-04-22 14:56:47.205,2025-04-22 14:56:47.205000,34790.0,3.0,,,,,,3.0,,,,,,,,,,,
312,stockstats,jealous/stockstats,financial-data,,{},12.0,,10,False,stockstats,,,,,1439.0,1439.0,https://pypi.org/project/stockstats,204628.0,204628.0,,,,,,,,,,,,3.0,,,,,,,,,,,
313,AutoKeras,keras-team/autokeras,hyperopt,,{},148.0,,10,False,autokeras,,,,['tensorflow'],946.0,946.0,https://pypi.org/project/autokeras,10052.0,10052.0,,,,,,,,,,,,3.0,,,,,,,,,,,
314,mljar-supervised,mljar/mljar-supervised,hyperopt,,{},30.0,Automated Machine Learning Pipeline with Feature Engineering and Hyper-Parameters Tuning.,10,False,mljar-supervised,conda-forge/mljar-supervised,,,,176.0,176.0,https://pypi.org/project/mljar-supervised,8483.0,9658.0,https://anaconda.org/conda-forge/mljar-supervised,2021-06-09 11:24:39.196,2026-05-29 16:26:31.878,2026-05-29 16:26:31.878000,72887.0,29.0,,,,,,3.0,,,,,,,,,,,
315,auto-sklearn,automl/auto-sklearn,hyperopt,,{},89.0,Automated machine learning.,10,False,auto-sklearn,conda-forge/auto-sklearn,,,['sklearn'],769.0,769.0,https://pypi.org/project/auto-sklearn,6501.0,7172.0,https://anaconda.org/conda-forge/auto-sklearn,2021-04-05 18:05:48.879,2025-04-22 14:57:49.654,2025-04-22 14:57:49.654000,42990.0,11.0,,,,,,3.0,,,,,,,,,,,
316,Catalyst,catalyst-team/catalyst,ml-experiments,,{},104.0,,10,False,catalyst,,,,['pytorch'],1299.0,1299.0,https://pypi.org/project/catalyst,18992.0,18992.0,,,,,,,,,,,,3.0,,,,,,,,,,,
317,Acme,deepmind/acme,reinforcement-learning,,{},91.0,A Python library for Reinforcement Learning.,10,False,dm-acme,conda-forge/dm-acme,,,['tensorflow'],318.0,318.0,https://pypi.org/project/dm-acme,1705.0,1958.0,https://anaconda.org/conda-forge/dm-acme,2020-11-19 20:50:22.810,2025-04-22 14:57:40.447,2025-04-22 14:57:40.447000,17481.0,5.0,,,,,,2.0,,,,,,,,,,,
318,petastorm,uber/petastorm,distributed-ml,,{},52.0,,10,False,petastorm,,,,,419.0,419.0,https://pypi.org/project/petastorm,186133.0,186133.0,,,,,,,,,,,,2.0,,,,,,,,,,,
319,Darts,unit8co/darts,time-series-data,,{},163.0,A python library for user-friendly forecasting and anomaly detection on time series.,10,False,u8darts,conda-forge/u8darts-all,unit8/darts,,,,,https://pypi.org/project/u8darts,104559.0,106603.0,https://anaconda.org/conda-forge/u8darts-all,2021-07-30 09:48:56.369,2026-07-20 14:21:54.140,2026-07-20 14:21:54.140000,121048.0,47.0,https://hub.docker.com/r/unit8/darts,2026-07-20 10:26:36.528437,,,3699.0,2.0,,,,,,,,,,,
320,chroma,chroma-core/chroma,nn-search,,{},190.0,,10,False,chromadb,,,,,4.0,4.0,https://pypi.org/project/chromadb,13181482.0,13181482.0,,,,,,,,,,,,3.0,,,,,,,,,7.0,,
321,torchrec,pytorch/torchrec,recommender-systems,,{},493.0,,10,False,torchrec,,,,,277.0,277.0,https://pypi.org/project/torchrec,19092.0,19092.0,,,,,,,,,,,,2.0,,,,,,,,,,,
322,espnet,espnet/espnet,audio,,{},559.0,,10,False,espnet,,,,,504.0,504.0,https://pypi.org/project/espnet,29315.0,29315.0,,,,,,,,,,,,3.0,,,,,,,,,,,
323,python_speech_features,jameslyons/python_speech_features,audio,,{},19.0,,10,False,python_speech_features,,,,,1123.0,1123.0,https://pypi.org/project/python_speech_features,104504.0,104504.0,,,,,,,,,,,,3.0,,,,,,,,,,,
324,DeepSpeech,mozilla/DeepSpeech,audio,,{},163.0,A library for running inference on a DeepSpeech model.,10,False,deepspeech,conda-forge/deepspeech,,,['tensorflow'],547.0,547.0,https://pypi.org/project/deepspeech,5523.0,5600.0,https://anaconda.org/conda-forge/deepspeech,2021-07-29 19:26:01.146,2025-04-22 14:57:58.207,2025-04-22 14:57:58.207000,4751.0,1.0,,,,,,3.0,,,,,,,,,,,
325,Porcupine,Picovoice/Porcupine,audio,,{},45.0,,10,False,pvporcupine,,,,,56.0,56.0,https://pypi.org/project/pvporcupine,667960.0,667960.0,,,,,,,,,,,,3.0,,,,,,,,,,,
326,Pyro,pyro-ppl/pyro,probabilistics,,{},163.0,A Python library for probabilistic modeling and inference.,10,False,pyro-ppl,conda-forge/pyro-ppl,,,['pytorch'],,,https://pypi.org/project/pyro-ppl,1480375.0,1485878.0,https://anaconda.org/conda-forge/pyro-ppl,2021-03-05 15:30:58.525,2025-04-22 14:57:47.967,2025-04-22 14:57:47.967000,357725.0,11.0,,,,,,3.0,,,,,,,,,,,
327,CleverHans,cleverhans-lab/cleverhans,adversarial,,{},131.0,"This repository contains the source code for CleverHans, a Python library to benchmark machine learning systems..",10,False,cleverhans,conda-forge/cleverhans,,,['tensorflow'],843.0,843.0,https://pypi.org/project/cleverhans,1073.0,1263.0,https://anaconda.org/conda-forge/cleverhans,2020-06-24 23:14:07.928,2025-04-22 14:57:28.932,2025-04-22 14:57:28.932000,14094.0,3.0,,,,,,3.0,,,,,,,,,,,
328,lightning-flash,Lightning-AI/lightning-flash,pytorch-utils,,{},87.0,Your PyTorch AI Factory - Flash enables you to easily configure and run complex AI recipes.,10,False,lightning-flash,conda-forge/lightning-flash,,,['pytorch'],323.0,323.0,https://pypi.org/project/lightning-flash,1454.0,2141.0,https://anaconda.org/conda-forge/lightning-flash,2021-08-24 20:02:16.116,2025-04-22 14:57:59.303,2025-04-22 14:57:59.303000,41274.0,14.0,,,,,,2.0,,,,,,,,,,,
329,detecto,alankbi/detecto,pytorch-utils,,{},12.0,Build fully-functioning computer vision models with PyTorch.,10,False,detecto,conda-forge/detecto,,,['pytorch'],196.0,196.0,https://pypi.org/project/detecto,11043.0,11202.0,https://anaconda.org/conda-forge/detecto,2021-06-09 14:10:48.390,2025-04-22 14:57:54.494,2025-04-22 14:57:54.494000,9919.0,2.0,,,,,,2.0,,,,,,,,,,,
330,scikit-multilearn,scikit-multilearn/scikit-multilearn,sklearn-utils,,{},28.0,,10,False,scikit-multilearn,,,,['sklearn'],2214.0,2214.0,https://pypi.org/project/scikit-multilearn,55341.0,55341.0,,,,,,,,,,,,3.0,,,,,,,,,,,
331,metric-learn,scikit-learn-contrib/metric-learn,sklearn-utils,,{},25.0,Python implementations of metric learning algorithms.,10,False,metric-learn,conda-forge/metric-learn,,,['sklearn'],506.0,506.0,https://pypi.org/project/metric-learn,5263.0,5553.0,https://anaconda.org/conda-forge/metric-learn,2020-07-01 11:28:55.023,2025-04-22 14:57:23.763,2025-04-22 14:57:23.763000,21174.0,4.0,,,,,,3.0,,,,,,,,,,,
332,alibi-detect,SeldonIO/alibi-detect,others,,{},28.0,,10,False,alibi-detect,,,,,648.0,648.0,https://pypi.org/project/alibi-detect,81261.0,81261.0,,,,,,,,,,,,3.0,,,,,,,,,,,
333,BioPandas,rasbt/biopandas,others,,{},18.0,Molecular Structures in Pandas DataFrames.,10,False,biopandas,conda-forge/biopandas,,,['pandas'],414.0,414.0,https://pypi.org/project/biopandas,36852.0,42221.0,https://anaconda.org/conda-forge/biopandas,2020-08-04 11:39:32.572,2025-04-22 14:56:30.745,2025-04-22 14:56:30.745000,386583.0,12.0,,,,,,3.0,,,,,,,,,,,
334,gplearn,trevorstephens/gplearn,others,,{},13.0,"gplearn implements Genetic Programming in Python, with a scikit-learn inspired and compatible API.",10,False,gplearn,conda-forge/gplearn,,,['sklearn'],748.0,748.0,https://pypi.org/project/gplearn,56283.0,56471.0,https://anaconda.org/conda-forge/gplearn,2020-06-18 15:08:16.907,2026-01-07 23:59:23.701,2026-01-07 23:59:23.701000,13967.0,3.0,,,,,,3.0,,,,,,,,,,,
335,anomalib,openvinotoolkit/anomalib,ml-frameworks,,{},121.0,,9,False,anomalib,,,,,219.0,219.0,https://pypi.org/project/anomalib,42777.0,42777.0,,,,,,,,,,,,3.0,,,,,,,,,,,
336,Aesara,aesara-devs/aesara,ml-frameworks,,{},595.0,An optimizing compiler for evaluating mathematical expressions.,9,False,aesara,conda-forge/aesara,,,,,,https://pypi.org/project/aesara,41012.0,73157.0,https://anaconda.org/conda-forge/aesara,2021-02-13 08:34:03.335,2025-04-22 14:57:46.430,2025-04-22 14:57:46.430000,2121571.0,72.0,,,,,,3.0,,,,,,,,,,,
337,Ludwig,ludwig-ai/ludwig,ml-frameworks,,{},159.0,,9,False,ludwig,,,,['tensorflow'],367.0,367.0,https://pypi.org/project/ludwig,2953.0,2953.0,,,,,,,,,,,,3.0,,,,,,,,,,,
338,mlpack,mlpack/mlpack,ml-frameworks,,{},341.0,"mlpack: a fast, header-only machine learning library.",9,False,mlpack,conda-forge/mlpack,,,,,,https://pypi.org/project/mlpack,2549.0,9424.0,https://anaconda.org/conda-forge/mlpack,2020-06-19 07:49:40.555,2026-06-20 14:06:36.438,2026-06-20 14:06:36.438000,508813.0,17.0,,,,,,3.0,,,,,,,,,,,
339,sense2vec,explosion/sense2vec,nlp,,{},20.0,word2vec with NLP-specific tokens.,9,False,sense2vec,conda-forge/sense2vec,,,,474.0,474.0,https://pypi.org/project/sense2vec,1890.0,3213.0,https://anaconda.org/conda-forge/sense2vec,2021-07-14 13:11:50.060,2025-04-22 14:57:12.924,2025-04-22 14:57:12.924000,80725.0,3.0,,,,,,3.0,,,,,,,,,,,
340,adapters,Adapter-Hub/adapters,nlp,,{},18.0,,9,False,adapters,,,,['huggingface'],287.0,287.0,https://pypi.org/project/adapters,76646.0,76646.0,,,,,,,,,,,,3.0,,,,,,,,,,,
341,Augmentor,mdbloice/Augmentor,image,,{},23.0,,9,False,Augmentor,,,,,969.0,969.0,https://pypi.org/project/Augmentor,7994.0,7994.0,,,,,,,,,,,,3.0,,,,,,,,,,,
342,PaddleSeg,PaddlePaddle/PaddleSeg,image,,{},131.0,,9,False,paddleseg,,,,['paddle'],1493.0,1493.0,https://pypi.org/project/paddleseg,1911.0,1911.0,,,,,,,,,,,,3.0,,,,,,,,,,,
343,opencv-python,opencv/opencv-python,image,,{},62.0,,9,False,opencv-python,,,,,,,https://pypi.org/project/opencv-python,56437331.0,56437331.0,,,,,,,,,,,,3.0,,,,,,,,,,,
344,Image Deduplicator,idealo/imagededup,image,,{},19.0,,9,False,imagededup,,,,['tensorflow'],218.0,218.0,https://pypi.org/project/imagededup,71683.0,71683.0,,,,,,,,,,,,3.0,,,,,,,,,,,
345,keras-ocr,faustomorales/keras-ocr,ocr,,{},19.0,A packaged and flexible version of the CRAFT text detector and Keras CRNN recognition model.,9,False,keras-ocr,anaconda/keras-ocr,,,['tensorflow'],719.0,719.0,https://pypi.org/project/keras-ocr,51783.0,51790.0,https://anaconda.org/anaconda/keras-ocr,2020-11-13 22:43:29.643,2025-04-22 15:32:32.089,2025-04-22 15:32:32.089000,499.0,1.0,,,,,,3.0,,,,,,,,,,,
346,Chartify,spotify/chartify,data-viz,,{},27.0,Python library to make plotting simpler for data scientists.,9,False,chartify,conda-forge/chartify,,,,86.0,86.0,https://pypi.org/project/chartify,2164.0,2655.0,https://anaconda.org/conda-forge/chartify,2018-11-26 21:34:46.186,2025-04-22 14:56:57.373,2025-04-22 14:56:57.373000,45731.0,10.0,,,,,,3.0,,,,,,,,,,,
347,PandasGUI,adamerose/pandasgui,data-viz,,{},15.0,A GUI for Pandas DataFrames.,9,False,pandasgui,conda-forge/pandasgui,,,['pandas'],534.0,534.0,https://pypi.org/project/pandasgui,2693.0,3384.0,https://anaconda.org/conda-forge/pandasgui,2021-01-27 21:17:12.748,2025-04-22 14:57:45.598,2025-04-22 14:57:45.598000,46299.0,2.0,,,,,,3.0,,,,,,,,,,,
348,yellowbrick,DistrictDataLabs/yellowbrick,interpretability,,{},113.0,A suite of visual analysis and diagnostic tools for machine learning.,9,False,yellowbrick,conda-forge/yellowbrick,,,['sklearn'],,,https://pypi.org/project/yellowbrick,563865.0,565444.0,https://anaconda.org/conda-forge/yellowbrick,2020-08-07 07:09:40.588,2025-04-22 14:57:33.497,2025-04-22 14:57:33.497000,113721.0,6.0,,,,,,2.0,,,,,,,,,,,
349,shapash,MAIF/shapash,interpretability,,{},49.0,,9,False,shapash,,,,['jupyter'],202.0,202.0,https://pypi.org/project/shapash,8375.0,8375.0,,,,,,,,,,,,2.0,,,,,,,,,,,
350,Deep Checks,deepchecks/deepchecks,interpretability,,{},56.0,,9,False,deepchecks,,,,,556.0,556.0,https://pypi.org/project/deepchecks,30448.0,30448.0,,,,,,,,,,,,2.0,,,,,,,,,,,
351,checklist,marcotcr/checklist,interpretability,,{},15.0,Beyond Accuracy: Behavioral Testing of NLP Models with CheckList.,9,False,checklist,conda-forge/checklist,,,['jupyter'],384.0,384.0,https://pypi.org/project/checklist,7212.0,7392.0,https://anaconda.org/conda-forge/checklist,2021-01-12 20:24:37.883,2025-04-22 14:57:44.390,2025-04-22 14:57:44.390000,12064.0,2.0,,,,,,2.0,,,,,,,,,,,
352,aequitas,dssg/aequitas,interpretability,,{},23.0,,9,False,aequitas,,,,,210.0,210.0,https://pypi.org/project/aequitas,18339.0,18339.0,,,,,,,,,,,,2.0,,,,,,,,,,,
353,Karate Club,benedekrozemberczki/karateclub,graph,,{},20.0,"A general purpose library for community detection, network embedding, and graph mining research.",9,False,karateclub,conda-forge/karateclub,,,,336.0,336.0,https://pypi.org/project/karateclub,6781.0,7362.0,https://anaconda.org/conda-forge/karateclub,2020-07-28 15:27:56.544,2025-04-22 14:57:32.844,2025-04-22 14:57:32.844000,42465.0,12.0,,,,,,2.0,,,,,,,,,,,
354,PyKEEN,pykeen/pykeen,graph,,{},45.0,,9,False,pykeen,,,,,376.0,376.0,https://pypi.org/project/pykeen,12677.0,12677.0,,,,,,,,,,,,2.0,,,,,,,,,,,
355,Spektral,danielegrattarola/spektral,graph,,{},27.0,,9,False,spektral,,,,['tensorflow'],434.0,434.0,https://pypi.org/project/spektral,8335.0,8335.0,,,,,,,,,,,,2.0,,,,,,,,,,,
356,TensorTrade,tensortrade-org/tensortrade,financial-data,,{},62.0,"TensorTrade: A reinforcement learning library for training, evaluating, and deploying robust trading agents.",9,False,tensortrade,conda-forge/tensortrade,,,,74.0,74.0,https://pypi.org/project/tensortrade,1013.0,1121.0,https://anaconda.org/conda-forge/tensortrade,2021-04-21 17:04:20.505,2026-02-09 18:23:25.158,2026-02-09 18:23:25.158000,6973.0,3.0,,,,,,3.0,,,,,,,,,,,
357,IB-insync,erdewit/ib_insync,financial-data,,{},36.0,Python sync/async framework for Interactive Brokers API.,9,False,ib_insync,conda-forge/ib-insync,,,,,,https://pypi.org/project/ib_insync,900078.0,901004.0,https://anaconda.org/conda-forge/ib-insync,2019-07-23 15:47:08.281,2025-04-22 14:57:08.534,2025-04-22 14:57:08.534000,78745.0,22.0,,,,,,3.0,,,,,,,,,,,
358,ta-lib-python,TA-Lib/ta-lib-python,financial-data,,{},41.0,Python wrapper for TA-Lib.,9,False,TA-Lib,conda-forge/ta-lib,,,,,,https://pypi.org/project/TA-Lib,948784.0,962178.0,https://anaconda.org/conda-forge/ta-lib,2020-09-29 19:30:19.177,2025-10-26 02:08:50.502,2025-10-26 02:08:50.502000,951011.0,7.0,,,,,,3.0,,,,,,,,,,,
359,ml-metadata,google/ml-metadata,ml-experiments,,{},24.0,,9,False,ml-metadata,,,,,741.0,741.0,https://pypi.org/project/ml-metadata,46864.0,46864.0,,,,,,,,,,,,3.0,,,,,,,,,,,
360,livelossplot,stared/livelossplot,ml-experiments,,{},20.0,,9,False,livelossplot,,,,['jupyter'],1892.0,1892.0,https://pypi.org/project/livelossplot,9523.0,9523.0,,,,,,,,,,,,3.0,,,,,,,,,,,
361,SKLL,EducationalTestingService/skll,ml-experiments,,{},39.0,SciKit-Learn Laboratory makes it easier to run machine learning experiments with scikit-learn.,9,False,skll,conda-forge/skll,,,['sklearn'],50.0,50.0,https://pypi.org/project/skll,1146.0,1685.0,https://anaconda.org/conda-forge/skll,2021-11-29 23:26:59.283,2025-04-22 14:58:06.094,2025-04-22 14:58:06.094000,30725.0,9.0,,,,,,3.0,,,,,,,,,,,
362,trl,huggingface/trl,reinforcement-learning,,{},519.0,,9,False,trl,,,,,1.0,1.0,https://pypi.org/project/trl,3896478.0,3896478.0,,,,,,,,,,,,2.0,,,,,,,,,,,
363,RLax,deepmind/rlax,reinforcement-learning,,{},24.0,,9,False,rlax,,,,['jax'],444.0,444.0,https://pypi.org/project/rlax,58994.0,58994.0,,,,,,,,,,,,2.0,,,,,,,,,,,
364,ViZDoom,mwydmuch/ViZDoom,reinforcement-learning,,{},59.0,,9,False,vizdoom,,,,,358.0,358.0,https://pypi.org/project/vizdoom,11881.0,11881.0,,,,,,,,,,,,2.0,,,,,,,,,,,
365,MNE,mne-tools/mne-python,medical-data,,{},456.0,MNE-Python is a software for MEG and EEG data analysis.,9,False,mne,conda-forge/mne,,,,,,https://pypi.org/project/mne,417340.0,428730.0,https://anaconda.org/conda-forge/mne,2020-05-19 23:08:48.350,2026-04-20 20:38:15.777,2026-04-20 20:38:15.777000,854312.0,69.0,,,,,,3.0,,,,,,,,,,,
366,Hail,hail-is/hail,medical-data,,{},103.0,,9,False,hail,,,,['spark'],189.0,189.0,https://pypi.org/project/hail,60315.0,60315.0,,,,,,,,,,,,3.0,,,,,,,,,,,
367,Elephas,danielenricocahall/elephas,distributed-ml,,{},30.0,Deep learning on Spark with Keras.,9,False,elephas,conda-forge/elephas,,,"['keras', 'spark']",79.0,79.0,https://pypi.org/project/elephas,1293.0,1548.0,https://anaconda.org/conda-forge/elephas,2019-08-19 17:33:26.070,2025-04-22 14:57:10.644,2025-04-22 14:57:10.644000,21476.0,4.0,,,,,,3.0,,,,,,,,,,,
368,tsai,timeseriesAI/tsai,time-series-data,,{},25.0,,9,False,tsai,conda-forge/tsai,,,,287.0,287.0,https://pypi.org/project/tsai,16444.0,16444.0,https://anaconda.org/conda-forge/tsai,,,,,,,,,,,3.0,,,,,,,,,,,
369,NeuralForecast,Nixtla/neuralforecast,time-series-data,,{},69.0,Deep Learning for Time Series Forecasting.,9,False,neuralforecast,conda-forge/neuralforecast,,,,,,https://pypi.org/project/neuralforecast,292807.0,294128.0,https://anaconda.org/conda-forge/neuralforecast,2022-03-23 16:16:31.657,2026-08-04 22:37:00.328,2026-08-04 22:37:00.328000,70049.0,39.0,,,,,,3.0,,,,,,,,,,,
370,TSFEL,fraunhoferportugal/tsfel,time-series-data,,{},21.0,,9,False,tsfel,,,,,226.0,226.0,https://pypi.org/project/tsfel,26341.0,26341.0,,,,,,,,,,,,3.0,,,,,,,,,,,
371,voyager,spotify/voyager,nn-search,,{},8.0,,9,False,voyager,,,,,243.0,243.0,https://pypi.org/project/voyager,104813.0,104813.0,,,,,,,,,,,,3.0,,,,,,,,,,,
372,Madmom,CPJKU/madmom,audio,,{},24.0,,9,False,madmom,,,,,538.0,538.0,https://pypi.org/project/madmom,11678.0,11678.0,,,,,,,,,,,,3.0,,,,,,,,,,,
373,nnAudio,KinWaiCheuk/nnAudio,audio,,{},17.0,,9,False,nnAudio,,,,,460.0,460.0,https://pypi.org/project/nnAudio,115512.0,115512.0,,,,,,,,,,,,3.0,,,,,,,,,,,
374,torchaudio,pytorch/audio,audio,,{},251.0,,9,False,torchaudio,,,,['pytorch'],,,https://pypi.org/project/torchaudio,8639960.0,8639960.0,,,,,,,,,,,,3.0,,,,,,,,,7.0,,
375,python-soundfile,bastibe/python-soundfile,audio,,{},44.0,"SoundFile is an audio library based on libsndfile, CFFI, and NumPy.",9,False,soundfile,anaconda/pysoundfile,,,,,,https://pypi.org/project/soundfile,33357965.0,33358025.0,https://anaconda.org/anaconda/pysoundfile,2026-03-03 08:12:51.546,2026-03-23 19:15:41.390,2026-03-23 19:15:41.390000,300.0,1.0,,,,,,3.0,,,,,,,,,,,
376,DDSP,magenta/ddsp,audio,,{},36.0,Differentiable Digital Signal Processing.,9,False,ddsp,conda-forge/ddsp,,,['tensorflow'],74.0,74.0,https://pypi.org/project/ddsp,2341.0,2728.0,https://anaconda.org/conda-forge/ddsp,2020-06-03 13:14:40.638,2025-04-22 14:57:27.526,2025-04-22 14:57:27.526000,28648.0,3.0,,,,,,3.0,,,,,,,,,,,
377,hls4ml,fastmachinelearning/hls4ml,model-serialisation,,{},92.0,Machine learning in FPGAs using HLS.,9,False,hls4ml,conda-forge/hls4ml,,,"['tensorflow', 'pytorch']",59.0,59.0,https://pypi.org/project/hls4ml,3200.0,3396.0,https://anaconda.org/conda-forge/hls4ml,2020-09-29 21:06:25.423,2025-04-22 14:57:36.962,2025-04-22 14:57:36.962000,13956.0,4.0,,,,,,3.0,,,,,,,,,,,
378,Baal,baal-org/baal,probabilistics,,{},25.0,Library for bayesian active learning.,9,False,baal,conda-forge/baal,,,,76.0,76.0,https://pypi.org/project/baal,1603.0,1867.0,https://anaconda.org/conda-forge/baal,2021-01-20 20:35:22.269,2025-04-22 14:57:44.821,2025-04-22 14:57:44.821000,17738.0,5.0,,,,,,3.0,,,,,,,,,,,
379,torch-scatter,rusty1s/pytorch_scatter,pytorch-utils,,{},35.0,PyTorch Extension Library of Optimized Scatter Operations.,9,False,torch-scatter,conda-forge/pytorch_scatter,,,['pytorch'],,,https://pypi.org/project/torch-scatter,56111.0,74864.0,https://anaconda.org/conda-forge/pytorch_scatter,2020-06-01 16:15:18.085,2026-07-29 06:46:10.545,2026-07-29 06:46:10.545000,1387765.0,8.0,,,,,,2.0,,,,,,,,,,,
380,tensorflow-hub,tensorflow/hub,tensorflow-utils,,{},108.0,A library for transfer learning by reusing parts of TensorFlow models.,9,False,tensorflow-hub,conda-forge/tensorflow-hub,,,['tensorflow'],,,https://pypi.org/project/tensorflow-hub,2141834.0,2143780.0,https://anaconda.org/conda-forge/tensorflow-hub,2020-08-24 16:43:33.174,2025-04-22 14:56:51.855,2025-04-22 14:56:51.855000,140148.0,15.0,,,,,,2.0,,,,,,,,,,,
381,iterative-stratification,trent-b/iterative-stratification,sklearn-utils,,{},7.0,,9,False,iterative-stratification,,,,['sklearn'],647.0,647.0,https://pypi.org/project/iterative-stratification,171038.0,171038.0,,,,,,,,,,,,3.0,,,,,,,,,,,
382,modAL,modAL-python/modAL,others,,{},21.0,,9,False,modAL,,,,['sklearn'],,,https://pypi.org/project/modAL,78169823.0,78169823.0,,,,,,,,,,,,3.0,,,,,,,,,,,
383,pysc2,deepmind/pysc2,others,,{},39.0,,9,False,pysc2,,,,,985.0,985.0,https://pypi.org/project/pysc2,3259.0,3259.0,,,,,,,,,,,,3.0,,,,,,,,,,,
384,TabPy,tableau/TabPy,others,,{},55.0,,9,False,tabpy,anaconda/tabpy-client,,,,215.0,215.0,https://pypi.org/project/tabpy,2674.0,2731.0,https://anaconda.org/anaconda/tabpy-client,2017-04-06 20:14:02.493,2025-04-22 15:32:21.921,2025-04-22 15:32:21.921000,6447.0,1.0,,,,,,3.0,,,,,,,,,,,
385,Jina,jina-ai/jina,ml-frameworks,,{},185.0,Build cross-modal and multi-modal applications on the cloud.,8,False,jina,conda-forge/jina-core,jinaai/jina,,,,,https://pypi.org/project/jina,21907.0,57397.0,https://anaconda.org/conda-forge/jina-core,2021-09-02 15:10:14.675,2025-04-22 14:57:59.713,2025-04-22 14:57:59.713000,131423.0,45.0,https://hub.docker.com/r/jinaai/jina,2025-03-24 14:11:41.059929,9.0,9.0,1962568.0,3.0,,,,,,,,,,,
386,mlx,ml-explore/mlx,ml-frameworks,,{},314.0,,8,False,mlx,,,,,,,https://pypi.org/project/mlx,1390311.0,1390311.0,,,,,,,,,,,,3.0,,,,,,,,,,,
387,unsloth,unslothai/unsloth,nlp,,{},272.0,,8,False,unsloth,,,,,,,https://pypi.org/project/unsloth,2286781.0,2286781.0,,,,,,,,,,,,3.0,,,,,,,,,,,
388,DeepPavlov,deepmipt/DeepPavlov,nlp,,{},78.0,,8,False,deeppavlov,,,,['tensorflow'],440.0,440.0,https://pypi.org/project/deeppavlov,1336.0,1336.0,,,,,,,,,,,,3.0,,,,,,,,,,,
389,TensorFlow Text,tensorflow/text,nlp,,{},123.0,,8,False,tensorflow-text,,,,['tensorflow'],,,https://pypi.org/project/tensorflow-text,5436908.0,5436908.0,,,,,,,,,,,,3.0,,,,,,,,,,,
390,CLTK,cltk/cltk,nlp,,{},124.0,,8,False,cltk,,,,,310.0,310.0,https://pypi.org/project/cltk,4319.0,4319.0,,,,,,,,,,,,3.0,,,,,,,,,,,
391,Face Alignment,1adrianb/face-alignment,image,,{},26.0,,8,False,face-alignment,,,,['pytorch'],24.0,24.0,https://pypi.org/project/face-alignment,147158.0,147158.0,,,,,,,,,,,,3.0,,,,,,,,,,,
392,vidgear,abhiTronix/vidgear,image,,{},17.0,,8,False,vidgear,,,,,764.0,764.0,https://pypi.org/project/vidgear,25812.0,25812.0,,,,,,,,,,,,3.0,,,,,,,,,,,
393,vit-pytorch,lucidrains/vit-pytorch,image,,{},28.0,,8,False,vit-pytorch,,,,['pytorch'],24.0,24.0,https://pypi.org/project/vit-pytorch,193363.0,193363.0,,,,,,,,,,,,3.0,,,,,,,,,,,
394,MoviePy,Zulko/moviepy,image,,{},192.0,Video editing with Python.,8,False,moviepy,conda-forge/moviepy,,,,,,https://pypi.org/project/moviepy,,10585.0,https://anaconda.org/conda-forge/moviepy,2022-04-16 23:09:16.118,2026-02-01 17:50:06.530,2026-02-01 17:50:06.530000,550470.0,8.0,,,,,,3.0,,,,,,,,,-10.0,,
395,MMOCR,open-mmlab/mmocr,ocr,,{},87.0,,8,False,mmocr,,,,['pytorch'],240.0,240.0,https://pypi.org/project/mmocr,3138.0,3138.0,,,,,,,,,,,,3.0,,,,,,,,,,,
396,vega,vega/ipyvega,data-viz,,{},15.0,A Jupyter widget for Vega 5 and Vega-Lite 4.,8,False,vega,conda-forge/vega,,,['jupyter'],4.0,4.0,https://pypi.org/project/vega,60715.0,82730.0,https://anaconda.org/conda-forge/vega,2020-05-13 21:13:44.886,2025-10-04 13:28:21.601,2025-10-04 13:28:21.601000,1651192.0,29.0,,,,,,3.0,,,,,,,,,,,
397,Pandas-Bokeh,PatrikHlobil/Pandas-Bokeh,data-viz,,{},15.0,,8,False,pandas-bokeh,,,,['pandas'],786.0,786.0,https://pypi.org/project/pandas-bokeh,12126.0,12126.0,,,,,,,,,,,,3.0,,,,,,,,,,,
398,pythreejs,jupyter-widgets/pythreejs,data-viz,,{},30.0,A Python / ThreeJS bridge utilizing the Jupyter widget infrastructure.,8,False,pythreejs,conda-forge/pythreejs,,,['jupyter'],,,https://pypi.org/project/pythreejs,114981.0,134995.0,https://anaconda.org/conda-forge/pythreejs,2020-10-12 12:24:06.816,2025-04-22 14:56:22.872,2025-04-22 14:56:22.872000,1324688.0,18.0,,,,,,3.0,,jupyter-threejs,https://www.npmjs.com/package/jupyter-threejs,1090.0,,,,,,,
399,HiPlot,facebookresearch/hiplot,data-viz,,{},9.0,High dimensional Interactive Plotting tool.,8,False,hiplot,conda-forge/hiplot,,,,12.0,12.0,https://pypi.org/project/hiplot,13653.0,17876.0,https://anaconda.org/conda-forge/hiplot,2020-02-25 21:59:48.328,2025-04-22 14:57:21.906,2025-04-22 14:57:21.906000,329434.0,35.0,,,,,,3.0,,,,,,,,,,,
400,imodels,csinva/imodels,interpretability,,{},30.0,,8,False,imodels,,,,,155.0,155.0,https://pypi.org/project/imodels,56481.0,56481.0,,,,,,,,,,,,3.0,,,,,,,,,,,
401,keract,philipperemy/keract,interpretability,,{},17.0,,8,False,keract,,,,['tensorflow'],265.0,265.0,https://pypi.org/project/keract,9348.0,9348.0,,,,,,,,,,,,3.0,,,,,,,,,,,
402,iNNvestigate,albermax/innvestigate,interpretability,,{},22.0,,8,False,innvestigate,,,,['tensorflow'],151.0,151.0,https://pypi.org/project/innvestigate,415.0,415.0,,,,,,,,,,,,3.0,BSD-2-Clause,,,,,,,,,,
403,pygod,pygod-team/pygod,graph,,{},17.0,A Python Library for Graph Outlier Detection (Anomaly Detection).,8,False,pygod,conda-forge/pygod,,,,55.0,55.0,https://pypi.org/project/pygod,1299.0,1598.0,https://anaconda.org/conda-forge/pygod,2022-04-19 10:09:06.849,2025-04-22 14:58:15.321,2025-04-22 14:58:15.321000,15582.0,6.0,,,,,,2.0,,,,,,,,,,,
404,torch-cluster,rusty1s/pytorch_cluster,graph,,{},40.0,PyTorch Extension Library of Optimized Graph Cluster Algorithms.,8,False,torch-cluster,conda-forge/pytorch_cluster,,,['pytorch'],,,https://pypi.org/project/torch-cluster,20840.0,29049.0,https://anaconda.org/conda-forge/pytorch_cluster,2020-05-31 21:25:54.413,2026-08-01 09:16:13.195,2026-08-01 09:16:13.195000,615681.0,5.0,,,,,,2.0,,,,,,,,,,,
405,GeoViews,holoviz/geoviews,geospatial-data,,{},34.0,"GeoViews is a Python library that makes it easy to explore and visualize geographical, meteorological, and..",8,False,geoviews,conda-forge/geoviews,,,,5.0,5.0,https://pypi.org/project/geoviews,31881.0,37938.0,https://anaconda.org/conda-forge/geoviews,2020-09-23 20:06:45.056,2026-01-14 07:26:40.378,2026-01-14 07:26:40.378000,430108.0,29.0,,,,,,3.0,,,,,,,,,,,
406,prettymaps,marceloprates/prettymaps,geospatial-data,,{},23.0,A simple python library to draw pretty maps from OpenStreetMap data.,8,False,prettymaps,conda-forge/prettymaps,,,,74.0,74.0,https://pypi.org/project/prettymaps,540.0,747.0,https://anaconda.org/conda-forge/prettymaps,2022-01-08 18:08:24.113,2025-06-11 22:55:39.146,2025-06-11 22:55:39.146000,11386.0,7.0,,,,,,3.0,,,,,,,,,,,
407,Alpha Vantage,RomelTorres/alpha_vantage,financial-data,,{},44.0,Python module to get stock data from the Alpha Vantage Api.,8,False,alpha_vantage,conda-forge/alpha_vantage,,,,,,https://pypi.org/project/alpha_vantage,216076.0,216251.0,https://anaconda.org/conda-forge/alpha_vantage,2021-01-14 18:10:26.343,2025-04-22 14:57:44.470,2025-04-22 14:57:44.470000,11736.0,2.0,,,,,,3.0,,,,,,,,,,,
408,Qlib,microsoft/qlib,financial-data,,{},152.0,,8,False,pyqlib,,,,['pytorch'],24.0,24.0,https://pypi.org/project/pyqlib,59562.0,59562.0,,,,,,,,,,,,3.0,,,,,,,,,,,
409,NNI,microsoft/nni,hyperopt,,{},191.0,,8,False,nni,,,,,24.0,24.0,https://pypi.org/project/nni,56510.0,56510.0,,,,,,,,,,,,3.0,,,,,,,,,,,
410,gokart,m3dev/gokart,ml-experiments,,{},49.0,,8,False,gokart,,,,,85.0,85.0,https://pypi.org/project/gokart,12530.0,12530.0,,,,,,,,,,,,3.0,,,,,,,,,,,
411,ipyparallel,ipython/ipyparallel,distributed-ml,,{},116.0,Interactive Parallel Computing with IPython.,8,False,ipyparallel,conda-forge/ipyparallel,,,['jupyter'],,,https://pypi.org/project/ipyparallel,188311.0,221666.0,https://anaconda.org/conda-forge/ipyparallel,2020-10-15 04:18:35.774,2026-05-13 14:00:27.278,2026-05-13 14:00:27.278000,2334910.0,35.0,,,,,,3.0,,,,,,,,,,,
412,tsflex,predict-idlab/tsflex,time-series-data,,{},6.0,Toolkit for flexible processing & feature extraction on time-series data.,8,False,tsflex,conda-forge/tsflex,,,,23.0,23.0,https://pypi.org/project/tsflex,12360.0,13099.0,https://anaconda.org/conda-forge/tsflex,2021-07-06 15:16:45.577,2025-04-22 14:57:56.438,2025-04-22 14:57:56.438000,45136.0,16.0,,,,,,3.0,,,,,,,,,,,
413,ADTK,arundo/adtk,time-series-data,,{},11.0,A package for unsupervised time series anomaly detection.,8,False,adtk,conda-forge/adtk,,,,,,https://pypi.org/project/adtk,503340.0,503505.0,https://anaconda.org/conda-forge/adtk,2020-03-04 17:10:14.111,2025-04-22 14:57:22.632,2025-04-22 14:57:22.632000,12706.0,3.0,,,,,,3.0,,,,,,,,,,,
414,RecBole,RUCAIBox/RecBole,recommender-systems,,{},79.0,"A unified, comprehensive and efficient recommendation library.",8,False,recbole,aibox/recbole,,,['pytorch'],,,https://pypi.org/project/recbole,61107.0,61257.0,https://anaconda.org/aibox/recbole,2020-11-03 11:40:53.137,2025-03-25 16:28:44.170,2025-03-25 16:28:44.170000,10394.0,11.0,,,,,,2.0,,,,,,,,,,,
415,Recommenders,microsoft/recommenders,recommender-systems,,{},148.0,,8,False,recommenders,,,,,181.0,181.0,https://pypi.org/project/recommenders,18824.0,18824.0,,,,,,,,,,,,2.0,,,,,,,,,,,
416,pyAudioAnalysis,tyiannak/pyAudioAnalysis,audio,,{},28.0,,8,False,pyAudioAnalysis,,,,,685.0,685.0,https://pypi.org/project/pyAudioAnalysis,6232.0,6232.0,,,,,,,,,,,,3.0,,,,,,,,,,,
417,m2cgen,BayesWitnesses/m2cgen,model-serialisation,,{},14.0,,8,False,m2cgen,,,,,353.0,353.0,https://pypi.org/project/m2cgen,25660.0,25660.0,,,,,,,,,,,,3.0,,,,,,,,,,,
418,cuDF,rapidsai/cudf,gpu-utilities,,{},352.0,,8,False,cudf,,,,,71.0,71.0,https://pypi.org/project/cudf,2850.0,2850.0,,,,,,,,,,,,3.0,,,,,,,,,,,
419,pytorch-optimizer,jettify/pytorch-optimizer,pytorch-utils,,{},26.0,A collection of optimizers for PyTorch compatible with optim module.,8,False,torch_optimizer,conda-forge/torch-optimizer,,,['pytorch'],,,https://pypi.org/project/torch_optimizer,151739.0,152034.0,https://anaconda.org/conda-forge/torch-optimizer,2021-04-21 17:27:11.637,2025-04-22 14:57:50.627,2025-04-22 14:57:50.627000,18911.0,3.0,,,,,,2.0,,,,,,,,,,,
420,PyTorch Sparse,rusty1s/pytorch_sparse,pytorch-utils,,{},48.0,PyTorch Extension Library of Optimized Autograd Sparse Matrix Operations.,8,False,torch-sparse,conda-forge/pytorch_sparse,,,['pytorch'],,,https://pypi.org/project/torch-sparse,29499.0,46202.0,https://anaconda.org/conda-forge/pytorch_sparse,2020-06-01 16:10:56.330,2026-07-30 22:28:12.416,2026-07-30 22:28:12.416000,1236036.0,11.0,,,,,,2.0,,,,,,,,,,,
421,torchsde,google-research/torchsde,pytorch-utils,,{},10.0,SDE solvers and stochastic adjoint sensitivity analysis in PyTorch.,8,False,torchsde,conda-forge/torchsde,,,['pytorch'],,,https://pypi.org/project/torchsde,1855522.0,1856377.0,https://anaconda.org/conda-forge/torchsde,2021-01-11 10:31:24.791,2025-04-22 14:57:44.362,2025-04-22 14:57:44.362000,57315.0,2.0,,,,,,2.0,,,,,,,,,,,
422,Neural Structured Learning,tensorflow/neural-structured-learning,tensorflow-utils,,{},44.0,,8,False,neural-structured-learning,,,,['tensorflow'],528.0,528.0,https://pypi.org/project/neural-structured-learning,1589.0,1589.0,,,,,,,,,,,,2.0,,,,,,,,,,,
423,scikit-opt,guofei9987/scikit-opt,sklearn-utils,,{},24.0,,8,False,scikit-opt,,,,['sklearn'],288.0,288.0,https://pypi.org/project/scikit-opt,6850.0,6850.0,,,,,,,,,,,,3.0,,,,,,,,,,,
424,apricot,jmschrei/apricot,others,,{},5.0,,8,False,apricot-select,,,,,220.0,220.0,https://pypi.org/project/apricot-select,24609.0,24609.0,,,,,,,,,,,,3.0,,,,,,,,,,,
425,pycm,sepandhaghighi/pycm,others,,{},19.0,,8,False,pycm,,,,,423.0,423.0,https://pypi.org/project/pycm,18086.0,18086.0,,,,,,,,,,,,3.0,,,,,,,,,,,
426,dstack,dstackai/dstack,others,,{},72.0,,8,False,dstack,,,,,26.0,26.0,https://pypi.org/project/dstack,78372.0,78372.0,,,,,,,,,,,,3.0,,,,,,,,,,,
427,AugLy,facebookresearch/AugLy,others,,{},47.0,,8,False,augly,,,,,193.0,193.0,https://pypi.org/project/augly,2851.0,2851.0,,,,,,,,,,,,3.0,,,,,,,,,,,
428,ivy,unifyai/ivy,ml-frameworks,,{},1486.0,,7,False,ivy,,,,,,,https://pypi.org/project/ivy,32095.0,32095.0,,,,,,,,,,,,3.0,,,,,,,,,,,
429,ktrain,amaiya/ktrain,ml-frameworks,,{},17.0,,7,False,ktrain,,,,['tensorflow'],579.0,579.0,https://pypi.org/project/ktrain,3157.0,3157.0,,,,,,,,,,,,3.0,,,,,,,,,,,
430,Determined,determined-ai/determined,ml-frameworks,,{},130.0,,7,False,determined,,,https://docs.determined.ai,"['pytorch', 'tensorflow']",,,https://pypi.org/project/determined,36978.0,36978.0,,,,,,,,,,,,3.0,Apache-2.0,,,,,,,,,,
431,small-text,webis-de/small-text,nlp,,{},10.0,Active Learning for Text Classification in Python.,7,False,small-text,conda-forge/small-text,,,"['sklearn', 'pytorch']",35.0,35.0,https://pypi.org/project/small-text,564.0,1101.0,https://anaconda.org/conda-forge/small-text,2022-07-04 12:50:35.173,2026-05-23 20:05:20.701,2026-05-23 20:05:20.701000,26343.0,15.0,,,,,,3.0,,,,,,,,,,,
432,torchtext,pytorch/text,nlp,,{},156.0,,7,False,torchtext,,,,['pytorch'],,,https://pypi.org/project/torchtext,230560.0,230560.0,,,,,,,,,,,,3.0,,,,,,,,,,,
433,ParlAI,facebookresearch/ParlAI,nlp,,{},219.0,,7,False,parlai,,,,['pytorch'],24.0,24.0,https://pypi.org/project/parlai,1851.0,1851.0,,,,,,,,,,,,3.0,,,,,,,,,,,
434,Rasa,RasaHQ/rasa,nlp,,{},600.0,,7,False,rasa,,,,['tensorflow'],,,https://pypi.org/project/rasa,253995.0,253995.0,,,,,,,,,,,,3.0,,,,,,,,,,,
435,torch-points3d,torch-points3d/torch-points3d,image,,{},36.0,,7,False,torch-points3d,,,,['pytorch'],36.0,36.0,https://pypi.org/project/torch-points3d,321.0,321.0,,,,,,,,,,,,3.0,BSD-3-Clause,,,,,,,,,,
436,deepface,serengil/deepface,image,,{},99.0,,7,False,deepface,,,,,,,https://pypi.org/project/deepface,530888.0,530888.0,,,,,,,,,,,,3.0,,,,,,,,,-6.0,,
437,Pillow-SIMD,uploadcare/pillow-simd,image,,{},435.0,,7,False,pillow-simd,,,,,,,https://pypi.org/project/pillow-simd,46182.0,46182.0,,,,,,,,,,,,3.0,PIL,,,,,,,,,,
438,python-ternary,marcharper/python-ternary,data-viz,,{},28.0,Make ternary plots in matplotlib.,7,False,python-ternary,conda-forge/python-ternary,,,,,,https://pypi.org/project/python-ternary,34939.0,40498.0,https://anaconda.org/conda-forge/python-ternary,2021-02-17 20:33:02.087,2025-04-22 14:56:22.353,2025-04-22 14:56:22.353000,366928.0,8.0,,,,,,3.0,,,,,,,,,-4.0,,
439,HyperTools,ContextLab/hypertools,data-viz,,{},23.0,,7,False,hypertools,,,,,508.0,508.0,https://pypi.org/project/hypertools,938.0,938.0,,,,,,,,,,,,3.0,,,,,,,,,,,
440,What-If Tool,PAIR-code/what-if-tool,interpretability,,{},21.0,An easy-to-use interface for expanding understanding of a black-box classification or regression ML model.,7,False,witwidget,conda-forge/tensorboard-plugin-wit,,,,2.0,2.0,https://pypi.org/project/witwidget,16855.0,52950.0,https://anaconda.org/conda-forge/tensorboard-plugin-wit,2020-06-22 09:11:25.867,2025-04-22 14:57:28.709,2025-04-22 14:57:28.709000,2656468.0,4.0,,,,,,3.0,,wit-widget,https://www.npmjs.com/package/wit-widget,197.0,,,,,,,
441,LIT,PAIR-code/lit,interpretability,,{},38.0,"The Language Interpretability Tool (LIT) is a visual, interactive model-understanding tool for NLP models.",7,False,lit-nlp,conda-forge/lit-nlp,,,,,,https://pypi.org/project/lit-nlp,14087.0,16316.0,https://anaconda.org/conda-forge/lit-nlp,2020-09-15 18:01:28.584,2025-04-22 14:57:35.818,2025-04-22 14:57:35.818000,158325.0,6.0,,,,,,3.0,,,,,,,,,,,
442,Netron,lutzroeder/netron,interpretability,,{},,,7,False,netron,,,,"['pytorch', 'tensorflow']",13.0,13.0,https://pypi.org/project/netron,96166.0,96166.0,,,,,,,,,,,,3.0,,,,,,,,,,,
443,eli5,TeamHG-Memex/eli5,interpretability,,{},17.0,Debug machine learning classifiers and explain their predictions.,7,False,eli5,conda-forge/eli5,,,,,,https://pypi.org/project/eli5,126197.0,131638.0,https://anaconda.org/conda-forge/eli5,2020-06-15 13:11:09.444,2025-04-30 05:40:51.091,2025-04-30 05:40:51.091000,402701.0,12.0,,,,,,3.0,,,,,,,,,,,
444,Quantus,understandable-machine-intelligence-lab/quantus,interpretability,,{},25.0,,7,False,quantus,,,,,75.0,75.0,https://pypi.org/project/quantus,1599.0,1599.0,,,,,,,,,,,,3.0,,,,,,,,,,,
445,tf-explain,sicara/tf-explain,interpretability,,{},18.0,,7,False,tf-explain,,,,['tensorflow'],300.0,300.0,https://pypi.org/project/tf-explain,1837.0,1837.0,,,,,,,,,,,,3.0,,,,,,,,,,,
446,tf-keras-vis,keisen/tf-keras-vis,interpretability,,{},3.0,,7,False,tf-keras-vis,,,,['tensorflow'],234.0,234.0,https://pypi.org/project/tf-keras-vis,4108.0,4108.0,,,,,,,,,,,,3.0,,,,,,,,,,,
447,Explainability 360,Trusted-AI/AIX360,interpretability,,{},42.0,,7,False,aix360,,,,,175.0,175.0,https://pypi.org/project/aix360,1574.0,1574.0,,,,,,,,,,,,3.0,,,,,,,,,,,
448,jraph,deepmind/jraph,graph,,{},17.0,A Graph Neural Network Library in Jax.,7,False,jraph,conda-forge/jraph,,,['jax'],,,https://pypi.org/project/jraph,84419.0,84695.0,https://anaconda.org/conda-forge/jraph,2021-10-31 19:30:25.290,2025-04-22 14:58:03.890,2025-04-22 14:58:03.890000,16021.0,4.0,,,,,,3.0,,,,,,,,,,,
449,StellarGraph,stellargraph/stellargraph,graph,,{},42.0,,7,False,stellargraph,,,,['tensorflow'],311.0,311.0,https://pypi.org/project/stellargraph,858.0,858.0,,,,,,,,,,,,3.0,,,,,,,,,,,
450,Sentinelsat,sentinelsat/sentinelsat,geospatial-data,,{},44.0,Search and download Copernicus Sentinel satellite images.,7,False,sentinelsat,conda-forge/sentinelsat,,,,,,https://pypi.org/project/sentinelsat,18880.0,19572.0,https://anaconda.org/conda-forge/sentinelsat,2020-10-04 14:33:56.496,2025-04-22 14:57:37.199,2025-04-22 14:57:37.199000,48456.0,6.0,,,,,,3.0,,,,,,,,,,,
451,Talos,autonomio/talos,hyperopt,,{},23.0,,7,False,talos,,,,['tensorflow'],208.0,208.0,https://pypi.org/project/talos,481.0,481.0,,,,,,,,,,,,3.0,,,,,,,,,,,
452,Sklearn-genetic-opt,rodrigo-arenas/Sklearn-genetic-opt,hyperopt,,{},50.0,,7,False,sklearn-genetic-opt,,,,,75.0,75.0,https://pypi.org/project/sklearn-genetic-opt,2878.0,2878.0,,,,,,,,,,,,3.0,,,,,,,,,,,
453,SMAC3,automl/SMAC3,hyperopt,,{},81.0,Sequential Model-based Algorithm Configuration.,7,False,smac,conda-forge/smac,,,,,,https://pypi.org/project/smac,42502.0,43232.0,https://anaconda.org/conda-forge/smac,2021-03-19 15:08:39.735,2025-04-22 14:57:48.900,2025-04-22 14:57:48.900000,47486.0,16.0,,,,,,3.0,,,,,,,,,,,
454,FEDOT,nccr-itmo/FEDOT,hyperopt,,{},42.0,,7,False,fedot,,,,,66.0,66.0,https://pypi.org/project/fedot,1328.0,1328.0,,,,,,,,,,,,3.0,,,,,,,,,,,
455,lightwood,mindsdb/lightwood,hyperopt,,{},50.0,,7,False,lightwood,,,,['pytorch'],139.0,139.0,https://pypi.org/project/lightwood,8011.0,8011.0,,,,,,,,,,,,3.0,,,,,,,,,,,
456,Labml,labmlai/labml,ml-experiments,,{},9.0,,7,False,labml,,,,,250.0,250.0,https://pypi.org/project/labml,4807.0,4807.0,,,,,,,,,,,,3.0,,,,,,,,,,,
457,Dopamine,google/dopamine,reinforcement-learning,,{},15.0,,7,False,dopamine-rl,,,,['tensorflow'],24.0,24.0,https://pypi.org/project/dopamine-rl,94757.0,94757.0,,,,,,,,,,,,2.0,,,,,,,,,,,
458,FinRL,AI4Finance-Foundation/FinRL,reinforcement-learning,,{},130.0,,7,False,finrl,,,,,115.0,115.0,https://pypi.org/project/finrl,3678.0,3678.0,,,,,,,,,,,,2.0,,,,,,,,,,,
459,keras-rl,keras-rl/keras-rl,reinforcement-learning,,{},41.0,,7,False,keras-rl,,,,['tensorflow'],836.0,836.0,https://pypi.org/project/keras-rl,840.0,840.0,,,,,,,,,,,,2.0,,,,,,,,,,,
460,Glow,projectglow/glow,medical-data,,{},29.0,An open-source toolkit for large-scale genomic analysis.,7,False,glow.py,conda-forge/glow,,,,,,https://pypi.org/project/glow.py,40428.0,40571.0,https://anaconda.org/conda-forge/glow,2021-02-25 05:34:28.952,2025-04-22 14:57:47.356,2025-04-22 14:57:47.356000,9454.0,3.0,,,,,,3.0,,,,,,,,,,,
461,SynapseML,microsoft/SynapseML,distributed-ml,,{},131.0,,7,False,synapseml,,,,,,,https://pypi.org/project/synapseml,1612752.0,1612752.0,,,,,,,,,,,,3.0,,,,,,,,,,,
462,Hivemind,learning-at-home/hivemind,distributed-ml,,{},34.0,,7,False,hivemind,,,,,135.0,135.0,https://pypi.org/project/hivemind,1721.0,1721.0,,,,,,,,,,,,3.0,,,,,,,,,,,
463,TensorFlowOnSpark,yahoo/TensorFlowOnSpark,distributed-ml,,{},34.0,Deep learning with TensorFlow on Apache Spark clusters.,7,False,tensorflowonspark,conda-forge/tensorflowonspark,,,"['tensorflow', 'spark']",,,https://pypi.org/project/tensorflowonspark,11218.0,11675.0,https://anaconda.org/conda-forge/tensorflowonspark,2019-12-05 16:17:47.431,2025-04-22 14:57:18.376,2025-04-22 14:57:18.376000,36585.0,10.0,,,,,,3.0,,,,,,,,,,,
464,miceforest,AnotherSamWilson/miceforest,tabular,,{},9.0,Fast multiple imputation with random forests.,7,False,miceforest,conda-forge/miceforest,,,,,,https://pypi.org/project/miceforest,60505.0,60932.0,https://anaconda.org/conda-forge/miceforest,2021-07-23 19:20:49.403,2025-04-22 14:57:57.911,2025-04-22 14:57:57.911000,26061.0,8.0,,,,,,2.0,,,,,,,,,,,
465,orbit,uber/orbit,time-series-data,,{},23.0,Orbit is a package for bayesian time series modeling and inference.,7,False,orbit-ml,conda-forge/orbit-ml,,,,,,https://pypi.org/project/orbit-ml,18210.0,19009.0,https://anaconda.org/conda-forge/orbit-ml,2022-01-18 22:39:37.059,2026-03-06 03:11:30.016,2026-03-06 03:11:30.016000,43959.0,9.0,,,,,,3.0,,,,,,,,,,,
466,greykite,linkedin/greykite,time-series-data,,{},10.0,,7,False,greykite,,,,,50.0,50.0,https://pypi.org/project/greykite,10808.0,10808.0,,,,,,,,,,,,3.0,,,,,,,,,,,
467,Magenta,magenta/magenta,audio,,{},155.0,,7,False,magenta,,,,['tensorflow'],18.0,18.0,https://pypi.org/project/magenta,2098.0,2098.0,,,,,,,,,,,,3.0,,,,,,,,,,,
468,OMLT,cog-imperial/omlt,model-serialisation,,{},22.0,,7,False,omlt,,,,,36.0,36.0,https://pypi.org/project/omlt,11821.0,11821.0,,,,,,,,,,,,3.0,,,,,,,,,,,
469,Hummingbird,microsoft/hummingbird,model-serialisation,,{},40.0,Convert trained traditional machine learning models into tensor computations.,7,False,hummingbird-ml,conda-forge/hummingbird-ml,,,,,,https://pypi.org/project/hummingbird-ml,20396.0,21526.0,https://anaconda.org/conda-forge/hummingbird-ml,2021-03-13 14:12:18.710,2025-04-22 14:57:48.691,2025-04-22 14:57:48.691000,73462.0,15.0,,,,,,3.0,,,,,,,,,,,
470,TFEncrypted,tf-encrypted/tf-encrypted,privacy-ml,,{},29.0,,7,False,tf-encrypted,,,,['tensorflow'],68.0,68.0,https://pypi.org/project/tf-encrypted,3655.0,3655.0,,,,,,,,,,,,2.0,,,,,,,,,,,
471,Funsor,pyro-ppl/funsor,probabilistics,,{},14.0,,7,False,funsor,,,,['pytorch'],110.0,110.0,https://pypi.org/project/funsor,54087.0,54087.0,,,,,,,,,,,,3.0,,,,,,,,,,,
472,pomegranate,jmschrei/pomegranate,probabilistics,,{},75.0,"Pomegranate is a graphical models library for Python. Fast, flexible and easy to use probabilistic modelling in Python.",7,False,pomegranate,conda-forge/pomegranate,,,,,,https://pypi.org/project/pomegranate,37411.0,41168.0,https://anaconda.org/conda-forge/pomegranate,2020-05-18 06:13:08.914,2025-04-22 14:57:07.761,2025-04-22 14:57:07.761000,281786.0,9.0,,,,,,3.0,,,,,,,,,,,
473,formulaic,matthewwardrop/formulaic,probabilistics,,{},15.0,,7,False,formulaic,,,,,,,https://pypi.org/project/formulaic,3631703.0,3631703.0,,,,,,,,,,,,3.0,,,,,,,,,,,
474,tnt,pytorch/tnt,pytorch-utils,,{},163.0,,7,False,torchtnt,,,,['pytorch'],,,https://pypi.org/project/torchtnt,103308.0,103308.0,,,,,,,,,,,,3.0,,,,,,,,,,,
475,TabNet,dreamquark-ai/tabnet,pytorch-utils,,{},21.0,PyTorch implementation of TabNet.,7,False,pytorch-tabnet,conda-forge/pytorch-tabnet,,,['pytorch'],,,https://pypi.org/project/pytorch-tabnet,54386.0,54643.0,https://anaconda.org/conda-forge/pytorch-tabnet,2021-12-18 12:18:01.185,2025-04-22 14:58:07.520,2025-04-22 14:58:07.520000,14405.0,3.0,,,,,,3.0,,,,,,,,,,,
476,Saliency,PAIR-code/saliency,tensorflow-utils,,{},18.0,,7,False,saliency,,,,['tensorflow'],157.0,157.0,https://pypi.org/project/saliency,12613.0,12613.0,,,,,,,,,,,,3.0,,,,,,,,,,,
477,combo,yzhao062/combo,sklearn-utils,,{},2.0,,7,False,combo,,,,"['sklearn', 'xgboost']",731.0,731.0,https://pypi.org/project/combo,58219.0,58219.0,,,,,,,,,,,,3.0,,,,,,,,,,,
478,avalanche,ContinualAI/avalanche,others,,{},87.0,,7,False,avalanche-lib,,,,,151.0,151.0,https://pypi.org/project/avalanche-lib,2321.0,2321.0,,,,,,,,,,,,3.0,,,,,,,,,,,
479,rrcf,kLabUM/rrcf,others,,{},7.0,,7,False,rrcf,,,,,107.0,107.0,https://pypi.org/project/rrcf,14566.0,14566.0,,,,,,,,,,,,3.0,,,,,,,,,,,
480,Apache Singa,apache/singa,distributed-ml,,{},102.0,SINGA is an Apache project for distributed deep learning.,6,False,,nusdbsystem/singa,apache/singa,,,6.0,6.0,,,235.0,https://anaconda.org/nusdbsystem/singa,2017-02-20 13:59:42.077,2025-03-25 16:26:36.714,2025-03-25 16:26:36.714000,1384.0,16.0,https://hub.docker.com/r/apache/singa,2022-05-31 15:24:19.649658,3.0,3.0,25512.0,3.0,,,,,,,,,,,
481,Neural Tangents,google/neural-tangents,ml-frameworks,,{},30.0,,6,False,neural-tangents,,,,,,,https://pypi.org/project/neural-tangents,1141.0,1141.0,,,,,,,,,,,,3.0,Apache-2.0,,,,,,,,,,
482,happy-transformer,EricFillion/happy-transformer,nlp,,{},14.0,,6,False,happytransformer,,,,['huggingface'],336.0,336.0,https://pypi.org/project/happytransformer,1032.0,1032.0,,,,,,,,,,,,3.0,,,,,,,,,,,
483,english-words,dwyl/english-words,nlp,,{},34.0,,6,False,english-words,,,,,,,https://pypi.org/project/english-words,135719.0,135719.0,,,,,,,,,,,,3.0,,,,,,,,,,,
484,textaugment,dsfsi/textaugment,nlp,,{},10.0,,6,False,textaugment,,,,,185.0,185.0,https://pypi.org/project/textaugment,1657.0,1657.0,,,,,,,,,,,,3.0,,,,,,,,,,,
485,promptsource,bigscience-workshop/promptsource,nlp,,{},65.0,,6,False,promptsource,,,,,130.0,130.0,https://pypi.org/project/promptsource,281.0,281.0,,,,,,,,,,,,3.0,,,,,,,,,,,
486,icevision,airctic/icevision,image,,{},41.0,,6,False,icevision,,,,,,,https://pypi.org/project/icevision,309059.0,309059.0,,,,,,,,,,,,3.0,,,,,,,,,,,
487,ffcv,libffcv/ffcv,image,,{},31.0,,6,False,ffcv,,,,,78.0,78.0,https://pypi.org/project/ffcv,416.0,416.0,,,,,,,,,,,,3.0,,,,,,,,,,,
488,MMF,facebookresearch/mmf,image,,{},131.0,,6,False,mmf,,,,['pytorch'],23.0,23.0,https://pypi.org/project/mmf,137.0,137.0,,,,,,,,,,,,3.0,BSD-3-Clause,,,,,,,,,,
489,tensorflow-graphics,tensorflow/graphics,image,,{},41.0,,6,False,tensorflow-graphics,,,,['tensorflow'],,,https://pypi.org/project/tensorflow-graphics,92559.0,92559.0,,,,,,,,,,,,3.0,,,,,,,,,,,
490,doctr,mindee/doctr,image,,{},75.0,,6,False,python-doctr,,,,"['tensorflow', 'pytorch']",,,https://pypi.org/project/python-doctr,330083.0,330083.0,,,,,,,,,,,,3.0,,,,,,,,,,,
491,doc2text,jlsutherland/doc2text,ocr,,{},5.0,,6,False,doc2text,,,,,185.0,185.0,https://pypi.org/project/doc2text,4882.0,4882.0,,,,,,,,,,,,3.0,,,,,,,,,,,
492,vegafusion,vegafusion/vegafusion,data-viz,,{},7.0,Server-side acceleration for the Vega visualization grammar.,6,False,vegafusion-jupyter,conda-forge/vegafusion-python-embed,,,,,,https://pypi.org/project/vegafusion-jupyter,804.0,14148.0,https://anaconda.org/conda-forge/vegafusion-python-embed,2022-03-05 16:45:20.250,2025-10-27 16:33:07.200,2025-10-27 16:33:07.200000,695004.0,46.0,,,,,,3.0,,vegafusion-jupyter,https://www.npmjs.com/package/vegafusion-jupyter,231.0,,,,,,,
493,data-validation,tensorflow/data-validation,data-viz,,{},32.0,,6,False,tensorflow-data-validation,,,,"['tensorflow', 'jupyter']",,,https://pypi.org/project/tensorflow-data-validation,81674.0,81674.0,,,,,,,,,,,,3.0,,,,,,,,,,,
494,Facets Overview,pair-code/facets,data-viz,,{},31.0,,6,False,facets-overview,,,,['jupyter'],,,https://pypi.org/project/facets-overview,239198.0,239198.0,,,,,,,,,,,,3.0,,,,,,,,,,,
495,PDPbox,SauceCat/PDPbox,interpretability,,{},7.0,Python partial dependence plot toolbox.,6,False,pdpbox,conda-forge/pdpbox,,,,,,https://pypi.org/project/pdpbox,8600.0,9026.0,https://anaconda.org/conda-forge/pdpbox,2021-03-14 19:37:47.253,2025-04-22 14:57:08.147,2025-04-22 14:57:08.147000,27698.0,3.0,,,,,,3.0,,,,,,,,,,,
496,Paddle Graph Learning,PaddlePaddle/PGL,graph,,{},31.0,,6,False,pgl,,,,['paddle'],69.0,69.0,https://pypi.org/project/pgl,1032.0,1032.0,,,,,,,,,,,,3.0,,,,,,,,,,,
497,AmpliGraph,Accenture/AmpliGraph,graph,,{},21.0,,6,False,ampligraph,,,,['tensorflow'],70.0,70.0,https://pypi.org/project/ampligraph,549.0,549.0,,,,,,,,,,,,3.0,,,,,,,,,,,
498,DeepGraph,deepgraph/deepgraph,graph,,{},3.0,Analyze Data with Pandas-based Networks.,6,False,deepgraph,conda-forge/deepgraph,,,['pandas'],,,https://pypi.org/project/deepgraph,231.0,8224.0,https://anaconda.org/conda-forge/deepgraph,2020-10-01 14:55:54.354,2025-11-09 00:27:39.440,2025-11-09 00:27:39.440000,559531.0,7.0,,,,,,3.0,,,,,,,,,,,
499,Backtesting.py,kernc/backtesting.py,financial-data,,{},46.0,,6,False,backtesting,,,,,,,https://pypi.org/project/backtesting,206182.0,206182.0,,,,,,,,,,,,3.0,,,,,,,,,,,
500,Hyperactive,SimonBlanke/Hyperactive,hyperopt,,{},16.0,,6,False,hyperactive,,,,,51.0,51.0,https://pypi.org/project/hyperactive,3367.0,3367.0,,,,,,,,,,,,3.0,,,,,,,,,,,
501,orion,Epistimio/orion,hyperopt,,{},34.0,,6,False,orion,,,,,127.0,127.0,https://pypi.org/project/orion,754.0,754.0,,,,,,,,,,,,3.0,,,,,,,,,,,
502,Sherpa,sherpa-ai/sherpa,hyperopt,,{},43.0,,6,False,parameter-sherpa,,,,,43.0,43.0,https://pypi.org/project/parameter-sherpa,216.0,216.0,,,,,,,,,,,,3.0,,,,,,,,,,,
503,Guild AI,guildai/guildai,ml-experiments,,{},30.0,,6,False,guildai,,,,,107.0,107.0,https://pypi.org/project/guildai,632.0,632.0,,,,,,,,,,,,3.0,,,,,,,,,,,
504,PFRL,pfnet/pfrl,reinforcement-learning,,{},21.0,,6,False,pfrl,,,,,128.0,128.0,https://pypi.org/project/pfrl,228.0,228.0,,,,,,,,,,,,3.0,,,,,,,,,,,
505,PARL,PaddlePaddle/PARL,reinforcement-learning,,{},46.0,,6,False,parl,,,,['paddle'],140.0,140.0,https://pypi.org/project/parl,255.0,255.0,,,,,,,,,,,,3.0,,,,,,,,,,,
506,garage,rlworkgroup/garage,reinforcement-learning,,{},80.0,,6,False,garage,,,,['tensorflow'],124.0,124.0,https://pypi.org/project/garage,976.0,976.0,,,,,,,,,,,,3.0,,,,,,,,,,,
507,DeepVariant,google/deepvariant,medical-data,,{},44.0,DeepVariant is an analysis pipeline that uses a deep neural network to call genetic variants from next-generation DNA..,6,False,,bioconda/deepvariant,,,['tensorflow'],4.0,4.0,,,843.0,https://anaconda.org/bioconda/deepvariant,2018-01-02 11:31:01.469,2026-03-06 20:45:38.817,2026-03-06 20:45:38.817000,86858.0,18.0,,,,,,3.0,,,,,,,,,,,
508,ColossalAI,hpcaitech/colossalai,distributed-ml,,{},199.0,,6,False,,,,,,557.0,557.0,,,,,,,,,,,,,,,3.0,,,,,,,,,,,
509,horovod,horovod/horovod,distributed-ml,,{},178.0,,6,False,horovod,,,,,,,https://pypi.org/project/horovod,37934.0,37934.0,,,,,,,,,,,,3.0,,,,,stable/horovod,,,,,,
510,upgini,upgini/upgini,tabular,,{},13.0,,6,False,upgini,,,,,11.0,11.0,https://pypi.org/project/upgini,8317.0,8317.0,,,,,,,,,,,,3.0,,,,,,,,,,,
511,ydata-synthetic,ydataai/ydata-synthetic,tabular,,{},24.0,Synthetic data generation methods with different synthetization methods.,6,False,ydata-synthetic,conda-forge/ydata-synthetic,,,,,,https://pypi.org/project/ydata-synthetic,6164.0,6608.0,https://anaconda.org/conda-forge/ydata-synthetic,2023-02-27 12:24:34.185,2025-04-22 14:58:36.339,2025-04-22 14:58:36.339000,18667.0,8.0,,,,,,3.0,,,,,,,,,,,
512,NeuralProphet,ourownstory/neural_prophet,time-series-data,,{},57.0,,6,False,neuralprophet,,,,['pytorch'],,,https://pypi.org/project/neuralprophet,96300.0,96300.0,,,,,,,,,,,,3.0,,,,,,,,,,,
513,pydlm,wwrechard/pydlm,time-series-data,,{},7.0,,6,False,pydlm,,,,,41.0,41.0,https://pypi.org/project/pydlm,54628.0,54628.0,,,,,,,,,,,,3.0,,,,,,,,,,,
514,tick,X-DataInitiative/tick,time-series-data,,{},22.0,,6,False,tick,,,,,97.0,97.0,https://pypi.org/project/tick,954.0,954.0,,,,,,,,,,,,3.0,,,,,,,,,,,
515,luminol,linkedin/luminol,time-series-data,,{},9.0,,6,False,luminol,,,,,88.0,88.0,https://pypi.org/project/luminol,2344.0,2344.0,,,,,,,,,,,,3.0,,,,,,,,,,,
516,TF Recommenders,tensorflow/recommenders,recommender-systems,,{},47.0,,6,False,tensorflow-recommenders,,,,['tensorflow'],,,https://pypi.org/project/tensorflow-recommenders,193975.0,193975.0,,,,,,,,,,,,3.0,,,,,,,,,,,
517,PySyft,OpenMined/PySyft,privacy-ml,,{},523.0,,6,False,syft,,,,['pytorch'],1.0,1.0,https://pypi.org/project/syft,10491.0,10491.0,,,,,,,,,,,,2.0,,,,,,,,,,,
518,cuGraph,rapidsai/cugraph,gpu-utilities,,{},133.0,GPU accelerated graph algorithms.,6,False,cugraph,conda-forge/libcugraph,,,,,,https://pypi.org/project/cugraph,1878.0,3056.0,https://anaconda.org/conda-forge/libcugraph,2021-04-21 14:35:45.489,2025-04-22 14:57:50.593,2025-04-22 14:57:50.593000,75418.0,2.0,,,,,,3.0,,,,,,,,,,,
519,madgrad,facebookresearch/madgrad,pytorch-utils,,{},3.0,,6,False,madgrad,,,,['pytorch'],111.0,111.0,https://pypi.org/project/madgrad,3246.0,3246.0,,,,,,,,,,,,3.0,,,,,,,,,,,
520,TensorFlow I/O,tensorflow/io,tensorflow-utils,,{},116.0,,6,False,tensorflow-io,,,,['tensorflow'],,,https://pypi.org/project/tensorflow-io,349026.0,349026.0,,,,,,,,,,,,3.0,,,,,,,,,,,
521,TensorFlow Transform,tensorflow/transform,tensorflow-utils,,{},32.0,,6,False,tensorflow-transform,,,,['tensorflow'],,,https://pypi.org/project/tensorflow-transform,210202.0,210202.0,,,,,,,,,,,,3.0,,,,,,,,,,,
522,TF Model Optimization,tensorflow/model-optimization,tensorflow-utils,,{},90.0,,6,False,tensorflow-model-optimization,,,,['tensorflow'],,,https://pypi.org/project/tensorflow-model-optimization,101449.0,101449.0,,,,,,,,,,,,3.0,,,,,,,,,,,
523,sklearn-contrib-lightning,scikit-learn-contrib/lightning,sklearn-utils,,{},17.0,"lightning is a library for large-scale linear classification, regression and ranking in Python.",6,False,sklearn-contrib-lightning,conda-forge/sklearn-contrib-lightning,,,['sklearn'],,,https://pypi.org/project/sklearn-contrib-lightning,1251.0,8641.0,https://anaconda.org/conda-forge/sklearn-contrib-lightning,2016-07-03 15:38:42.846,2025-04-22 14:56:24.858,2025-04-22 14:56:24.858000,894212.0,4.0,,,,,,3.0,,,,,,,,,,,
524,scikit-tda,scikit-tda/scikit-tda,sklearn-utils,,{},7.0,,6,False,scikit-tda,,,,['sklearn'],99.0,99.0,https://pypi.org/project/scikit-tda,1212.0,1212.0,,,,,,,,,,,,3.0,,,,,,,,,,,
525,AstroML,astroML/astroML,others,,{},31.0,Tools for machine learning and data mining in Astronomy.,6,False,astroML,conda-forge/astroml,,,['sklearn'],,,https://pypi.org/project/astroML,2779.0,5328.0,https://anaconda.org/conda-forge/astroml,2022-01-26 16:44:05.669,2025-04-22 14:56:39.232,2025-04-22 14:56:39.232000,140197.0,6.0,,,,,,3.0,,,,,,,,,,,
526,puncc,deel-ai/puncc,ml-frameworks,,{},6.0,,5,False,puncc,,,,,12.0,12.0,https://pypi.org/project/puncc,5082.0,5082.0,,,,,,,,,,,,3.0,,,,,,,,,,,
527,MindsDB,mindsdb/mindsdb,ml-frameworks,,{},907.0,,5,False,mindsdb,,,,['pytorch'],,,https://pypi.org/project/mindsdb,5886.0,5886.0,,,,,,,,,,,,3.0,,,,,,,,,,,
528,NeoML,neoml-lib/neoml,ml-frameworks,,{},41.0,,5,False,neoml,,,,,2.0,2.0,https://pypi.org/project/neoml,252.0,252.0,,,,,,,,,,,,3.0,Apache-2.0,,,,,,,,,,
529,DeepKE,zjunlp/deepke,nlp,,{},34.0,,5,False,deepke,,,,['pytorch'],25.0,25.0,https://pypi.org/project/deepke,209.0,209.0,,,,,,,,,,,,3.0,,,,,,,,,,,
530,Ciphey,Ciphey/Ciphey,nlp,,{},60.0,,5,False,ciphey,,remnux/ciphey,,,,,https://pypi.org/project/ciphey,55392.0,55392.0,,,,,,,https://hub.docker.com/r/remnux/ciphey,,,,,3.0,,,,,,,,,,,
531,ollama,jmorganca/ollama,agents,,{},612.0,,5,False,,,,,,71.0,71.0,,,,,,,,,,,,,,,3.0,,,,,,,,,,,
532,pytorchvideo,facebookresearch/pytorchvideo,image,,{},62.0,,5,False,pytorchvideo,,,,['pytorch'],,,https://pypi.org/project/pytorchvideo,32941.0,32941.0,,,,,,,,,,,,3.0,,,,,,,,,,,
533,kubric,google-research/kubric,image,,{},34.0,,5,False,kubric-nightly,,,,,8.0,8.0,https://pypi.org/project/kubric-nightly,2577.0,2577.0,,,,,,,,,,,,3.0,,,,,,,,,,,
534,layout-parser,Layout-Parser/layout-parser,image,,{},9.0,,5,False,layoutparser,,,,,,,https://pypi.org/project/layoutparser,297566.0,297566.0,,,,,,,,,,,,3.0,,,,,,,,,,,
535,Popmon,ing-bank/popmon,data-viz,,{},20.0,,5,False,popmon,,,,"['pandas', 'spark']",22.0,22.0,https://pypi.org/project/popmon,1912.0,1912.0,,,,,,,,,,,,3.0,,,,,,,,,,,
536,CausalNex,quantumblacklabs/causalnex,interpretability,,{},,,5,False,causalnex,,,,"['pytorch', 'sklearn']",,,https://pypi.org/project/causalnex,1266.0,1266.0,,,,,,,,,,,,3.0,Apache-2.0,,,,,,,,,,
537,Model Analysis,tensorflow/model-analysis,interpretability,,{},61.0,,5,False,tensorflow-model-analysis,,,,"['tensorflow', 'jupyter']",,,https://pypi.org/project/tensorflow-model-analysis,32220.0,32220.0,,,,,,,,,,,,3.0,,,,,,,,,,,
538,LOFO,aerdem4/lofo-importance,interpretability,,{},6.0,,5,False,lofo-importance,,,,,43.0,43.0,https://pypi.org/project/lofo-importance,1075.0,1075.0,,,,,,,,,,,,3.0,,,,,,,,,,,
539,Skater,oracle/Skater,interpretability,,{},,Python Library for Model Agnostic Interpretation.,5,False,skater,conda-forge/skater,,,,,,https://pypi.org/project/skater,222.0,3810.0,https://anaconda.org/conda-forge/skater,2020-07-05 18:35:27.012,2025-11-03 16:10:36.918,2025-11-03 16:10:36.918000,261972.0,2.0,,,,,,3.0,,,,,,,,,,,
540,DiCE,interpretml/DiCE,interpretability,,{},23.0,,5,False,dice-ml,,,,"['tensorflow', 'pytorch']",,,https://pypi.org/project/dice-ml,38642.0,38642.0,,,,,,,,,,,,3.0,,,,,,,,,,,
541,deepsnap,snap-stanford/deepsnap,graph,,{},18.0,,5,False,deepsnap,,,,,134.0,134.0,https://pypi.org/project/deepsnap,463.0,463.0,,,,,,,,,,,,3.0,,,,,,,,,,,
542,pygraphistry,graphistry/pygraphistry,graph,,{},53.0,,5,False,graphistry,,,,['jupyter'],,,https://pypi.org/project/graphistry,8435.0,8435.0,,,,,,,,,,,,3.0,,,,,,,,,,,
543,Neuraxle,Neuraxio/Neuraxle,hyperopt,,{},9.0,,5,False,neuraxle,,,,,69.0,69.0,https://pypi.org/project/neuraxle,175.0,175.0,,,,,,,,,,,,3.0,,,,,,,,,,,
544,TF-Agents,tensorflow/agents,reinforcement-learning,,{},155.0,,5,False,tf-agents,,,,['tensorflow'],,,https://pypi.org/project/tf-agents,7223.0,7223.0,,,,,,,,,,,,3.0,,,,,,,,,,,
545,Fiber,uber/fiber,distributed-ml,,{},5.0,,5,False,fiber,,,,,96.0,96.0,https://pypi.org/project/fiber,194.0,194.0,,,,,,,,,,,,3.0,,,,,,,,,,,
546,pytorch_tabular,manujosephv/pytorch_tabular,tabular,,{},29.0,,5,False,pytorch_tabular,,,,['pytorch'],,,https://pypi.org/project/pytorch_tabular,8252.0,8252.0,,,,,,,,,,,,3.0,,,,,,,,,,,
547,skforecast,JoaquinAmatRodrigo/skforecast,time-series-data,,{},32.0,,5,False,skforecast,,,,['sklearn'],505.0,505.0,https://pypi.org/project/skforecast,,,,,,,,,,,,,,3.0,,,,,,,,,-5.0,,
548,N2,kakao/n2,nn-search,,{},22.0,,5,False,n2,,,,,40.0,40.0,https://pypi.org/project/n2,256.0,256.0,,,,,,,,,,,,3.0,,,,,,,,,,,
549,TF Ranking,tensorflow/ranking,recommender-systems,,{},36.0,,5,False,tensorflow_ranking,,,,['tensorflow'],,,https://pypi.org/project/tensorflow_ranking,56231.0,56231.0,,,,,,,,,,,,3.0,,,,,,,,,,,
550,recmetrics,statisticianinstilettos/recmetrics,recommender-systems,,{},20.0,,5,False,recmetrics,,,,,64.0,64.0,https://pypi.org/project/recmetrics,417.0,417.0,,,,,,,,,,,,3.0,,,,,,,,,,,
551,TimeSide,Parisson/TimeSide,audio,,{},23.0,,5,False,TimeSide,,,,,20.0,20.0,https://pypi.org/project/TimeSide,366.0,366.0,,,,,,,,,,,,3.0,,,,,,,,,,,
552,PipelineDP,OpenMined/PipelineDP,privacy-ml,,{},35.0,,5,False,pipeline-dp,,,,,17.0,17.0,https://pypi.org/project/pipeline-dp,265.0,265.0,,,,,,,,,,,,3.0,,,,,,,,,,,
553,TensorFlow Privacy,tensorflow/privacy,privacy-ml,,{},62.0,,5,False,tensorflow-privacy,,,,['tensorflow'],,,https://pypi.org/project/tensorflow-privacy,14511.0,14511.0,,,,,,,,,,,,3.0,,,,,,,,,,,
554,cuML,rapidsai/cuml,gpu-utilities,,{},203.0,,5,False,cuml,,,,,,,https://pypi.org/project/cuml,1507.0,1507.0,,,,,,,,,,,,3.0,,,,,,,,,,,
555,Merlin,NVIDIA-Merlin/Merlin,gpu-utilities,,{},32.0,,5,False,merlin-core,,,,,,,https://pypi.org/project/merlin-core,36521.0,36521.0,,,,,,,,,,,,3.0,,,,,,,,,,,
556,Poutyne,GRAAL-Research/poutyne,pytorch-utils,,{},23.0,,5,False,poutyne,,,,['pytorch'],,,https://pypi.org/project/poutyne,29655.0,29655.0,,,,,,,,,,,,3.0,,,,,,,,,,,
557,Antialiased CNNs,adobe/antialiased-cnns,pytorch-utils,,{},6.0,,5,False,antialiased-cnns,,,,['pytorch'],,,https://pypi.org/project/antialiased-cnns,25162.0,25162.0,,,,,,,,,,,,3.0,CC BY-NC-SA 4.0,,,,,,,,,,
558,facenet-pytorch,timesler/facenet-pytorch,pytorch-utils,,{},18.0,,5,False,facenet-pytorch,,,,['pytorch'],,,https://pypi.org/project/facenet-pytorch,145890.0,145890.0,,,,,,,,,,,,3.0,,,,,,,,,,,
559,TensorFlow Cloud,tensorflow/cloud,tensorflow-utils,,{},30.0,,5,False,tensorflow-cloud,,,,['tensorflow'],,,https://pypi.org/project/tensorflow-cloud,49243.0,49243.0,,,,,,,,,,,,3.0,,,,,,,,,,,
560,evojax,google/evojax,jax-utils,,{},14.0,EvoJAX: Hardware-accelerated Neuroevolution.,5,False,evojax,conda-forge/evojax,,,['jax'],,,https://pypi.org/project/evojax,803.0,1816.0,https://anaconda.org/conda-forge/evojax,2022-02-14 16:32:21.864,2025-04-22 14:58:11.525,2025-04-22 14:58:11.525000,54716.0,20.0,,,,,,3.0,,,,,,,,,,,
561,pymdp,infer-actively/pymdp,others,,{},36.0,,5,False,inferactively-pymdp,,,,,,,https://pypi.org/project/inferactively-pymdp,19886.0,19886.0,,,,,,,,,,,,3.0,,,,,,,,,,,
562,awesome-machine-learning,josephmisiti/awesome-machine-learning,data-science,,{},735.0,,4,False,,,,,,23.0,23.0,,,,,,,,,,,,,,,1.0,,,,,,,,,,,
563,awesome-quant,wilsonfreitas/awesome-quant,data-science,,{},264.0,,4,False,,,,,,24.0,24.0,,,,,,,,,,,,,,,1.0,,,,,,,,,,,
564,Neural Network Libraries,sony/nnabla,ml-frameworks,,{},76.0,,4,False,nnabla,,,,,,,https://pypi.org/project/nnabla,1807.0,1807.0,,,,,,,,,,,,3.0,,,,,,,,,,,
565,ivis,beringresearch/ivis,ml-frameworks,,{},10.0,,4,False,ivis,,,,,41.0,41.0,https://pypi.org/project/ivis,395.0,395.0,,,,,,,,,,,,3.0,,,,,,,,,,,
566,finetune,IndicoDataSolutions/finetune,nlp,,{},25.0,,4,False,finetune,,,,"['tensorflow', 'sklearn']",16.0,16.0,https://pypi.org/project/finetune,103.0,103.0,,,,,,,,,,,,3.0,,,,,,,,,,,
567,deep-daze,lucidrains/deep-daze,image,,{},14.0,,4,False,deep-daze,,,,,56.0,56.0,https://pypi.org/project/deep-daze,132.0,132.0,,,,,,,,,,,,3.0,,,,,,,,,,,
568,CellProfiler,CellProfiler/CellProfiler,image,,{},147.0,,4,False,cellprofiler,,,,,,,https://pypi.org/project/cellprofiler,5581.0,5581.0,,,,,,,,,,,,3.0,,,,,,,,,,,
569,PaddleDetection,PaddlePaddle/PaddleDetection,image,,{},188.0,,4,False,paddledet,,,,['paddle'],,,https://pypi.org/project/paddledet,1030.0,1030.0,,,,,,,,,,,,3.0,,,,,,,,,,,
570,calamari,Calamari-OCR/calamari,ocr,,{},23.0,,4,False,calamari_ocr,,,,,,,https://pypi.org/project/calamari_ocr,2268.0,2268.0,,,,,,,,,,,,3.0,,,,,,,,,,,
571,responsible-ai-toolbox,microsoft/responsible-ai-toolbox,interpretability,,{},45.0,,4,False,raiwidgets,,,,"['pytorch', 'tensorflow', 'jupyter']",,,https://pypi.org/project/raiwidgets,5169.0,5169.0,,,,,,,,,,,,3.0,,,,,,,,,,,
572,ecco,jalammar/ecco,interpretability,,{},12.0,Visualization tools for NLP machine learning models.,4,False,ecco,conda-forge/ecco,,,['pytorch'],,,https://pypi.org/project/ecco,296.0,461.0,https://anaconda.org/conda-forge/ecco,2021-12-30 22:13:55.932,2025-04-22 14:58:08.015,2025-04-22 14:58:08.015000,9267.0,3.0,,,,,,3.0,,,,,,,,,,,
573,pytorch_geometric_temporal,benedekrozemberczki/pytorch_geometric_temporal,graph,,{},40.0,,4,False,torch-geometric-temporal,,,,['pytorch'],,,https://pypi.org/project/torch-geometric-temporal,3523.0,3523.0,,,,,,,,,,,,3.0,,,,,,,,,,,
574,PyTorch-BigGraph,facebookresearch/PyTorch-BigGraph,graph,,{},32.0,,4,False,torchbiggraph,,,,['pytorch'],,,https://pypi.org/project/torchbiggraph,1702.0,1702.0,,,,,,,,,,,,3.0,,,,,,,,,,,
575,tf-quant-finance,google/tf-quant-finance,financial-data,,{},49.0,,4,False,tf-quant-finance,,,,['tensorflow'],,,https://pypi.org/project/tf-quant-finance,1270.0,1270.0,,,,,,,,,,,,3.0,,,,,,,,,,,
576,Test Tube,williamFalcon/test-tube,hyperopt,,{},16.0,,4,False,test_tube,,,,,,,https://pypi.org/project/test_tube,17789.0,17789.0,,,,,,,,,,,,3.0,,,,,,,,,,,
577,rliable,google-research/rliable,reinforcement-learning,,{},9.0,,4,False,rliable,,,,,,,https://pypi.org/project/rliable,10551.0,10551.0,,,,,,,,,,,,3.0,,,,,,,,,,,
578,TensorLayerx,tensorlayer/tensorlayerx,reinforcement-learning,,{},13.0,,4,False,tensorlayerx,,,,['tensorflow'],31.0,31.0,https://pypi.org/project/tensorlayerx,326.0,326.0,,,,,,,,,,,,3.0,,,,,,,,,,,
579,BigDL,intel-analytics/BigDL,distributed-ml,,{},125.0,,4,False,bigdl,,,,,,,https://pypi.org/project/bigdl,1479.0,1479.0,,,,,,,,,,,,3.0,,,,,,,,,,com.intel.analytics.bigdl:bigdl-SPARK_2.4,https://search.maven.org/artifact/com.intel.analytics.bigdl/bigdl-SPARK_2.4
580,BytePS,bytedance/byteps,distributed-ml,,{},21.0,,4,False,byteps,,bytepsimage/tensorflow,,,,,https://pypi.org/project/byteps,58.0,58.0,,,,2020-03-03 02:33:23.358610,,,https://hub.docker.com/r/bytepsimage/tensorflow,2020-03-03 02:33:23.358610,,,2165.0,3.0,Apache-2.0,,,,,,,,,,
581,parallelformers,tunib-ai/parallelformers,distributed-ml,,{},5.0,,4,False,parallelformers,,,,,74.0,74.0,https://pypi.org/project/parallelformers,60.0,60.0,,,,,,,,,,,,3.0,,,,,,,,,,,
582,launchpad,deepmind/launchpad,distributed-ml,,{},28.0,,4,False,dm-launchpad,,,,['tensorflow'],,,https://pypi.org/project/dm-launchpad,1167.0,1167.0,,,,,,,,,,,,3.0,,,,,,,,,,,
583,NGT,yahoojapan/NGT,nn-search,,{},22.0,,4,False,ngt,,,,,,,https://pypi.org/project/ngt,4337.0,4337.0,,,,,,,,,,,,3.0,,,,,,,,,,,
584,Larq Compute Engine,larq/compute-engine,model-serialisation,,{},19.0,,4,False,larq-compute-engine,,,,,11.0,11.0,https://pypi.org/project/larq-compute-engine,300.0,300.0,,,,,,,,,,,,3.0,,,,,,,,,,,
585,ArrayFire,arrayfire/arrayfire,gpu-utilities,,{},97.0,,4,False,arrayfire,,,,,,,https://pypi.org/project/arrayfire,4325.0,4325.0,,,,,,,,,,,,3.0,,,,,,,,,,,
586,textflint,textflint/textflint,adversarial,,{},18.0,,4,False,textflint,,,,,21.0,21.0,https://pypi.org/project/textflint,271.0,271.0,,,,,,,,,,,,3.0,,,,,,,,,,,
587,tinygrad,geohot/tinygrad,pytorch-utils,,{},493.0,,4,False,,,,,['pytorch'],23.0,23.0,,,,,,,,,,,,,,,3.0,,,,,,,,,,,
588,Higher,facebookresearch/higher,pytorch-utils,,{},8.0,,4,False,higher,,,,['pytorch'],,,https://pypi.org/project/higher,12634.0,12634.0,,,,,,,,,,,,3.0,,,,,,,,,,,
589,TF Compression,tensorflow/compression,tensorflow-utils,,{},26.0,,4,False,tensorflow-compression,,,,['tensorflow'],,,https://pypi.org/project/tensorflow-compression,1433.0,1433.0,,,,,,,,,,,,3.0,,,,,,,,,,,
590,dabl,dabl/dabl,sklearn-utils,,{},24.0,,4,False,dabl,,,,['sklearn'],,,https://pypi.org/project/dabl,1602.0,1602.0,,,,,,,,,,,,3.0,,,,,,,,,,,
591,Mars,mars-project/mars,others,,{},53.0,,4,False,pymars,,,,,,,https://pypi.org/project/pymars,6303.0,6303.0,,,,,,,,,,,,3.0,,,,,,,,,,,
592,PaddleHub,PaddlePaddle/PaddleHub,others,,{},70.0,,4,False,paddlehub,,,,['paddle'],,,https://pypi.org/project/paddlehub,2527.0,2527.0,,,,,,,,,,,,3.0,,,,,,,,,,,
593,Towhee,towhee-io/towhee,others,,{},38.0,,4,False,towhee,,,,,,,https://pypi.org/project/towhee,1324.0,1324.0,,,,,,,,,,,,3.0,,,,,,,,,,,
594,pykale,pykale/pykale,others,,{},31.0,,4,False,pykale,,,,['pytorch'],7.0,7.0,https://pypi.org/project/pykale,242.0,242.0,,,,,,,,,,,,3.0,,,,,,,,,,,
595,awesome-python-data-science,krzjoa/awesome-python-data-science,data-science,,{},39.0,,3,False,,,,,,10.0,10.0,,,,,,,,,,,,,,,2.0,,,,,,,,,,,
596,Machine-Learning-Tutorials,ujjwalkarn/Machine-Learning-Tutorials,data-science,,{},34.0,,3,False,,,,,,23.0,23.0,,,,,,,,,,,,,,,2.0,,,,,,,,,,,
597,ML in production,eugeneyan/applied-ml,data-science,,{},53.0,,3,False,,,,,,24.0,24.0,,,,,,,,,,,,,,,2.0,,,,,,,,,,,
598,larq,larq/larq,ml-frameworks,,{},20.0,,3,False,larq,,,,['tensorflow'],,,https://pypi.org/project/larq,1116.0,1116.0,,,,,,,,,,,,3.0,,,,,,,,,,,
599,EvaDB,georgia-tech-db/eva,ml-frameworks,,{},72.0,,3,False,evadb,,,,['pytorch'],,,https://pypi.org/project/evadb,398.0,398.0,,,,,,,,,,,,3.0,,,,,,,,,,,
600,VizSeq,facebookresearch/vizseq,nlp,,{},5.0,,3,False,vizseq,,,,,13.0,13.0,https://pypi.org/project/vizseq,111.0,111.0,,,,,,,,,,,,3.0,,,,,,,,,,,
601,Texthero,jbesomi/texthero,nlp,,{},21.0,,3,False,texthero,,,,,,,https://pypi.org/project/texthero,853.0,853.0,,,,,,,,,,,,3.0,,,,,,,,,,,
602,fast-bert,utterworks/fast-bert,nlp,,{},37.0,,3,False,fast-bert,,,,,,,https://pypi.org/project/fast-bert,453.0,453.0,,,,,,,,,,,,3.0,,,,,,,,,,,
603,Sockeye,awslabs/sockeye,nlp,,{},61.0,,3,False,sockeye,,,,['pytorch'],,,https://pypi.org/project/sockeye,283.0,283.0,,,,,,,,,,,,3.0,,,,,,,,,,,
604,Caer,jasmcaus/caer,image,,{},8.0,"A lightweight Computer Vision library. Scale your models, not boilerplate.",3,False,caer,,,https://caer.rtfd.io,,,,https://pypi.org/project/caer,2173.0,2173.0,,,,,,,,,,,,3.0,,,,,,,,,,,
605,vissl,facebookresearch/vissl,image,,{},38.0,,3,False,vissl,,,,['pytorch'],,,https://pypi.org/project/vissl,529.0,529.0,,,,,,,,,,,,3.0,,,,,,,,,,,
606,PySlowFast,facebookresearch/SlowFast,image,,{},39.0,,3,False,pyslowfast,,,,['pytorch'],23.0,23.0,https://pypi.org/project/pyslowfast,18.0,18.0,,,,,,,,,,,,3.0,,,,,,,,,,,
607,DE⫶TR,facebookresearch/detr,image,,{},27.0,,3,False,,,,,['pytorch'],24.0,24.0,,,,,,,,,,,,,,,3.0,,,,,,,,,,,
608,sklearn-evaluation,edublancas/sklearn-evaluation,interpretability,,{},19.0,,3,False,sklearn-evaluation,,,,['sklearn'],,,https://pypi.org/project/sklearn-evaluation,1691.0,1691.0,,,,,,,,,,,,3.0,,,,,,,,,,,
609,fairness-indicators,tensorflow/fairness-indicators,interpretability,,{},39.0,,3,False,fairness-indicators,,,,"['tensorflow', 'jupyter']",,,https://pypi.org/project/fairness-indicators,928.0,928.0,,,,,,,,,,,,3.0,,,,,,,,,,,
610,model-card-toolkit,tensorflow/model-card-toolkit,interpretability,,{},22.0,,3,False,model-card-toolkit,,,,,,,https://pypi.org/project/model-card-toolkit,416.0,416.0,,,,,,,,,,,,3.0,,,,,,,,,,,
611,Anchor,marcotcr/anchor,interpretability,,{},10.0,,3,False,anchor_exp,,,,,,,https://pypi.org/project/anchor_exp,1124.0,1124.0,,,,,,,,,,,,3.0,,,,,,,,,,,
612,GraphVite,DeepGraphLearning/graphvite,graph,,{},,A general and high-performance graph embedding system for various applications.,3,False,,milagraph/graphvite,,,,,,,,66.0,https://anaconda.org/milagraph/graphvite,2019-08-05 06:16:49.612,2025-03-25 16:27:49.968,2025-03-25 16:27:49.968000,5594.0,4.0,,,,,,3.0,,,,,,,,,,,
613,DIG,divelab/DIG,graph,,{},50.0,,3,False,dig,,,,,,,https://pypi.org/project/dig,459.0,459.0,,,,,,,,,,,,3.0,,,,,,,,,,,
614,FinQuant,fmilthaler/FinQuant,financial-data,,{},7.0,,3,False,FinQuant,,,,,100.0,100.0,https://pypi.org/project/FinQuant,,,,,,,,,,,,,,3.0,,,,,,,,,,,
615,AdaNet,tensorflow/adanet,hyperopt,,{},27.0,,3,False,adanet,,,,['tensorflow'],,,https://pypi.org/project/adanet,538.0,538.0,,,,,,,,,,,,3.0,,,,,,,,,,,
616,Auto Tune Models,HDI-Project/ATM,hyperopt,,{},17.0,,3,False,atm,,,,,26.0,26.0,https://pypi.org/project/atm,99.0,99.0,,,,,,,,,,,,3.0,,,,,,,,,,,
617,AlphaPy,ScottfreeLLC/AlphaPy,hyperopt,,{},5.0,,3,False,alphapy,,,,,11.0,11.0,https://pypi.org/project/alphapy,77.0,77.0,,,,,,,,,,,,3.0,,,,,,,,,,,
618,chitra,gradsflow/chitra,ml-experiments,,{},14.0,A multi functional library for full stack Deep Learning.,3,False,chitra,conda-forge/chitra,,,,,,https://pypi.org/project/chitra,111.0,244.0,https://anaconda.org/conda-forge/chitra,2022-01-13 13:30:34.982,2025-04-22 14:58:08.672,2025-04-22 14:58:08.672000,7316.0,1.0,,,,,,3.0,,,,,,,,,,,
619,Studio.ml,studioml/studio,ml-experiments,,{},24.0,,3,False,studioml,,,,,8.0,8.0,https://pypi.org/project/studioml,133.0,133.0,,,,,,,,,,,,3.0,,,,,,,,,,,
620,MONAILabel,Project-MONAI/MONAILabel,medical-data,,{},73.0,,3,False,monailabel-weekly,,,,,,,https://pypi.org/project/monailabel-weekly,184.0,184.0,,,,,,,,,,,,3.0,,,,,,,,,,,
621,mesh-transformer-jax,kingoflolz/mesh-transformer-jax,distributed-ml,,{},23.0,,3,False,,,,,['jax'],23.0,23.0,,,,,,,,,,,,,,,3.0,,,,,,,,,,,
622,Spotlight,maciejkula/spotlight,recommender-systems,,{},11.0,,3,False,,maciejkula/spotlight,,,['pytorch'],,,,,87.0,https://anaconda.org/maciejkula/spotlight,2017-06-28 21:27:28.858,2025-03-25 16:28:52.378,2025-03-25 16:28:52.378000,9650.0,6.0,,,,,,3.0,,,,,,,,,,,
623,Case Recommender,caserec/CaseRecommender,recommender-systems,,{},11.0,,3,False,caserecommender,,,,['sklearn'],15.0,15.0,https://pypi.org/project/caserecommender,67.0,67.0,,,,,,,,,,,,3.0,,,,,,,,,,,
624,TTS,mozilla/TTS,audio,,{},56.0,,3,False,,,,,,24.0,24.0,,,,,,,,,,,,,,,3.0,,,,,,,,,,,
625,modelkit,Cornerstone-OnDemand/modelkit,model-serialisation,,{},14.0,,3,False,modelkit,,,,,,,https://pypi.org/project/modelkit,1198.0,1198.0,,,,,,,,,,,,3.0,,,,,,,,,,,
626,ml-ane-transformers,apple/ml-ane-transformers,model-serialisation,,{},,,3,False,ane-transformers,,,,['pytorch'],,,https://pypi.org/project/ane-transformers,1948.0,1948.0,,,,,,,,,,,,3.0,,,,,,,,,,,
627,CrypTen,facebookresearch/CrypTen,privacy-ml,,{},40.0,,3,False,crypten,,,,['pytorch'],,,https://pypi.org/project/crypten,429.0,429.0,,,,,,,,,,,,3.0,,,,,,,,,,,
628,DALI,NVIDIA/DALI,gpu-utilities,,{},104.0,,3,False,,,,,,,,,,,,,,,,,,,,,,3.0,Apache-2.0,,,,,,,,,,
629,BlazingSQL,BlazingDB/blazingsql,gpu-utilities,,{},50.0,,3,False,,blazingsql/blazingsql-protocol,,,,,,,,14.0,https://anaconda.org/blazingsql/blazingsql-protocol,2019-09-13 21:17:37.888,2025-03-25 16:26:10.601,2025-03-25 16:26:10.601000,1168.0,5.0,,,,,,3.0,,,,,,,,,,,
630,torch-uncertainty,ENSTA-U2IS-AI/torch-uncertainty,probabilistics,,{},20.0,,3,False,torch-uncertainty,,,,,,,https://pypi.org/project/torch-uncertainty,2014.0,2014.0,,,,,,,,,,,,3.0,,,,,,,,,,,
631,Performer Pytorch,lucidrains/performer-pytorch,pytorch-utils,,{},6.0,,3,False,performer-pytorch,,,,['pytorch'],,,https://pypi.org/project/performer-pytorch,6330.0,6330.0,,,,,,,,,,,,3.0,,,,,,,,,,,
632,Pytorch Toolbelt,BloodAxe/pytorch-toolbelt,pytorch-utils,,{},9.0,,3,False,pytorch_toolbelt,,,,['pytorch'],,,https://pypi.org/project/pytorch_toolbelt,5951.0,5951.0,,,,,,,,,,,,3.0,,,,,,,,,,,
633,Torch-Struct,harvardnlp/pytorch-struct,pytorch-utils,,{},16.0,,3,False,torch-struct,,,,['pytorch'],,,https://pypi.org/project/torch-struct,5353.0,5353.0,,,,,,,,,,,,3.0,,,,,,,,,,,
634,DESlib,scikit-learn-contrib/DESlib,sklearn-utils,,{},18.0,,3,False,deslib,,,,['sklearn'],,,https://pypi.org/project/deslib,1756.0,1756.0,,,,,,,,,,,,3.0,,,,,,,,,,,
635,Image Super-Resolution,idealo/image-super-resolution,image,,{},11.0,Implementation of RDN for image super resolution.,2,False,ISR,,idealo/image-super-resolution-gpu,,['tensorflow'],,,https://pypi.org/project/ISR,1556.0,1556.0,,,,2019-04-01 13:48:45.697251,,,https://hub.docker.com/r/idealo/image-super-resolution-gpu,2019-04-01 13:48:45.697251,1.0,1.0,1134.0,3.0,,,,,,,,,,,
636,Brainiak,brainiak/brainiak,medical-data,,{},37.0,,2,False,brainiak,,brainiak/brainiak,,,,,https://pypi.org/project/brainiak,769.0,769.0,,,,2025-01-07 00:51:13.258034,,,https://hub.docker.com/r/brainiak/brainiak,2025-01-07 00:51:13.258034,1.0,1.0,2842.0,3.0,,,,,,,,,,,
637,awesome-datascience,academic/awesome-datascience,data-science,,{},334.0,,2,False,,,,,,,,,,,,,,,,,,,,,,2.0,,,,,,,,,,,
638,awesome-semantic-segmentation,mrgloom/awesome-semantic-segmentation,data-science,,{},16.0,,2,False,,,,,,23.0,23.0,,,,,,,,,,,,,,,2.0,,,,,,,,,,,
639,Awesome-LLMOps,tensorchord/Awesome-LLMOps,data-science,,{},150.0,,2,False,,,,,,,,,,,,,,,,,,,,,,2.0,,,,,,,,,,,
640,awesome-public-datasets,awesomedata/awesome-public-datasets,data-science,,{},167.0,,2,False,,,,,,,,,,,,,,,,,,,,,,2.0,,,,,,,,,,,
641,runhouse,run-house/runhouse,ml-frameworks,,{},20.0,,2,False,runhouse,,,,,,,https://pypi.org/project/runhouse,470.0,470.0,,,,,,,,,,,,3.0,,,,,,,,,,,
642,nebuly,nebuly-ai/nebuly,nlp,,{},,,2,False,nebuly,,,,,,,https://pypi.org/project/nebuly,292.0,292.0,,,,,,,,,,,,3.0,,,,,,,,,,,
643,lightseq,bytedance/lightseq,nlp,,{},19.0,,2,False,lightseq,,,,,,,https://pypi.org/project/lightseq,622.0,622.0,,,,,,,,,,,,3.0,,,,,,,,,,,
644,NeuralCompression,facebookresearch/NeuralCompression,image,,{},10.0,,2,False,neuralcompression,,,,,,,https://pypi.org/project/neuralcompression,206.0,206.0,,,,,,,,,,,,3.0,,,,,,,,,,,
645,nude.py,hhatto/nude.py,image,,{},12.0,,2,False,nudepy,,,,,,,https://pypi.org/project/nudepy,302.0,302.0,,,,,,,,,,,,3.0,,,,,,,,,,,
646,attention-ocr,emedvedev/attention-ocr,ocr,,{},28.0,,2,False,aocr,,,,['tensorflow'],,,https://pypi.org/project/aocr,57.0,57.0,,,,,,,,,,,,3.0,,,,,,,,,,,
647,FlashTorch,MisaOgura/flashtorch,interpretability,,{},2.0,,2,False,flashtorch,,,,['pytorch'],23.0,23.0,https://pypi.org/project/flashtorch,71.0,71.0,,,,,,,,,,,,3.0,,,,,,,,,,,
648,bias-detector,intuit/bias-detector,interpretability,,{},4.0,,2,False,bias-detector,,,,,4.0,4.0,https://pypi.org/project/bias-detector,70.0,70.0,,,,,,,,,,,,3.0,,,,,,,,,,,
649,XAI,EthicalML/xai,interpretability,,{},3.0,,2,False,xai,,,,,,,https://pypi.org/project/xai,626.0,626.0,,,,,,,,,,,,3.0,,,,,,,,,,,
650,Attribution Priors,suinleelab/attributionpriors,interpretability,,{},6.0,,2,False,attributionpriors,,,,"['tensorflow', 'pytorch']",7.0,7.0,https://pypi.org/project/attributionpriors,22.0,22.0,,,,,,,,,,,,3.0,,,,,,,,,,,
651,ExplainX.ai,explainX/explainx,interpretability,,{},6.0,,2,False,explainx,,,,,7.0,7.0,https://pypi.org/project/explainx,38.0,38.0,,,,,,,,,,,,3.0,,,,,,,,,,,
652,pyRDF2Vec,IBCNServices/pyRDF2Vec,graph,,{},7.0,Python Implementation and Extension of RDF2Vec.,2,False,pyrdf2vec,,,,,,,https://pypi.org/project/pyrdf2vec,217.0,217.0,,,,,,,,,,,,3.0,,,,,,,,,,,
653,graph4nlp,graph4ai/graph4nlp,graph,,{},29.0,,2,False,graph4nlp,,,,['pytorch'],,,https://pypi.org/project/graph4nlp,132.0,132.0,,,,,,,,,,,,3.0,,,,,,,,,,,
654,finmarketpy,cuemacro/finmarketpy,financial-data,,{},19.0,,2,False,finmarketpy,,,,,,,https://pypi.org/project/finmarketpy,518.0,518.0,,,,,,,,,,,,3.0,,,,,,,,,,,
655,opytimizer,gugarosa/opytimizer,hyperopt,,{},4.0,,2,False,opytimizer,,,,,,,https://pypi.org/project/opytimizer,904.0,904.0,,,,,,,,,,,,3.0,,,,,,,,,,,
656,datmo,datmo/datmo,ml-experiments,,{},6.0,,2,False,datmo,,,,,7.0,7.0,https://pypi.org/project/datmo,48.0,48.0,,,,,,,,,,,,3.0,,,,,,,,,,,
657,azureml-examples,Azure/azureml-examples,ml-experiments,,{},284.0,,2,False,,,,,,,,,,,,,,,,,,,,,,3.0,,,,,,,,,,,
658,Pearl,facebookresearch/Pearl,reinforcement-learning,,{},53.0,,2,False,pearl,,,,,,,https://pypi.org/project/pearl,71.0,71.0,,,,,,,,,,,,3.0,,,,,,,,,,,
659,Maze,enlite-ai/maze,reinforcement-learning,,{},3.0,Maze is an application-oriented deep reinforcement learning framework.,2,False,maze-rl,,enliteai/maze,,['pytorch'],,,https://pypi.org/project/maze-rl,87.0,87.0,,,,2025-11-21 11:11:16.871310,,,https://hub.docker.com/r/enliteai/maze,2025-11-21 11:11:16.871310,,,1371.0,3.0,Custom,,,,,,,,,,
660,DeepNeuro,QTIM-Lab/DeepNeuro,medical-data,,{},6.0,,2,False,deepneuro,,,,,3.0,3.0,https://pypi.org/project/deepneuro,35.0,35.0,,,,,,,,,,,,3.0,,,,,,,,,,,
661,MedicalNet,Tencent/MedicalNet,medical-data,,{},,,2,False,,,,,,,,,,,,,,,,,,,,,,3.0,MIT,,,,,,,,,,
662,bluefog,Bluefog-Lib/bluefog,distributed-ml,,{},9.0,,2,False,bluefog,,,,['pytorch'],5.0,5.0,https://pypi.org/project/bluefog,24.0,24.0,,,,,,,,,,,,3.0,,,,,,,,,,,
663,luminaire,zillow/luminaire,time-series-data,,{},11.0,,2,False,luminaire,,,,,5.0,5.0,https://pypi.org/project/luminaire,135.0,135.0,,,,,,,,,,,,3.0,,,,,,,,,,,
664,OpenRec,ylongqi/openrec,recommender-systems,,{},11.0,,2,False,openrec,,,,,5.0,5.0,https://pypi.org/project/openrec,41.0,41.0,,,,,,,,,,,,3.0,,,,,,,,,,,
665,tts-generation-webui,rsxdalv/tts-generation-webui,audio,,{},15.0,,2,False,,,,,,11.0,11.0,,,,,,,,,,,,,,,3.0,,,,,,,,,,,
666,benchmark_VAE,clementchadebec/benchmark_VAE,pytorch-utils,,{},18.0,,2,False,,,,,['pytorch'],41.0,41.0,,,,,,,,,,,,,,,3.0,,,,,,,,,,,
667,jaxdf,ucl-bug/jaxdf,jax-utils,,{},4.0,,2,False,,,,,['jax'],13.0,13.0,,,,,,,,,,,,,,,3.0,,,,,,,,,,,
668,best-of-ml-python,ml-tooling/best-of-ml-python,data-science,,{},57.0,,1,False,,,,,,,,,,,,,,,,,,,,,,3.0,,,,,,,,,,,
669,awesome-agents,kyrolabs/awesome-agents,data-science,,{},120.0,,1,False,,,,,,,,,,,,,,,,,,,,,,3.0,,,,,,,,,,,
670,awesome-ai-agents,e2b-dev/awesome-ai-agents,data-science,,{},59.0,,1,False,,,,,,,,,,,,,,,,,,,,,,3.0,,,,,,,,,,,
671,awesome_time_series_in_python,MaxBenChrist/awesome_time_series_in_python,data-science,,{},23.0,,1,False,,,,,,,,,,,,,,,,,,,,,,3.0,,,,,,,,,,,
672,Awesome-LLM,Hannibal046/Awesome-LLM,data-science,,{},134.0,,1,False,,,,,,,,,,,,,,,,,,,,,,3.0,,,,,,,,,,,
673,mace,XiaoMi/mace,ml-frameworks,,{},69.0,,1,False,,,,,,,,,,,,,,,,,,,,,,3.0,,,,,,,,,,,
674,scenic,google-research/scenic,image,,{},100.0,,1,False,,,,,['jax'],,,,,,,,,,,,,,,,,3.0,,,,,,,,,,,
675,interpret-text,interpretml/interpret-text,interpretability,,{},18.0,,1,False,interpret-text,,,,['jupyter'],,,https://pypi.org/project/interpret-text,90.0,90.0,,,,,,,,,,,,3.0,,,,,,,,,,,
676,typedb-ml,vaticle/typedb-ml,graph,,{},13.0,,1,False,typedb-ml,,,,,,,https://pypi.org/project/typedb-ml,32.0,32.0,,,,,,,,,,,,3.0,,,,,,,,,,,
677,HyperparameterHunter,HunterMcGushion/hyperparameter_hunter,hyperopt,,{},4.0,,1,False,hyperparameter-hunter,,,,,,,https://pypi.org/project/hyperparameter-hunter,60.0,60.0,,,,,,,,,,,,3.0,,,,,,,,,,,
678,Auptimizer,LGE-ARC-AdvancedAI/auptimizer,hyperopt,,{},11.0,,1,False,auptimizer,,,,,,,https://pypi.org/project/auptimizer,39.0,39.0,,,,,,,,,,,,3.0,,,,,,,,,,,
679,MMLSpark,microsoft/SynapseML,distributed-ml,,{},131.0,,1,False,mmlspark,,,,['spark'],,,https://pypi.org/project/mmlspark,,,,,,,,,,,,,,3.0,,,,,,,,,,,
680,Collie,ShopRunner/collie,recommender-systems,,{},,,1,False,collie,,,,['pytorch'],,,https://pypi.org/project/collie,81.0,81.0,,,,,,,,,,,,3.0,,,,,,,,,,,
681,rs_metrics,Darel13712/rs_metrics,recommender-systems,,{},,,1,False,rs_metrics,,,,,,,https://pypi.org/project/rs_metrics,40.0,40.0,,,,,,,,,,,,3.0,,,,,,,,,,,
682,backprop,backprop-ai/backprop,model-serialisation,,{},8.0,,1,False,backprop,,,,,,,https://pypi.org/project/backprop,120.0,120.0,,,,,,,,,,,,3.0,,,,,,,,,,,
683,AdaBound,Luolc/AdaBound,pytorch-utils,,{},2.0,,1,False,adabound,,,,['pytorch'],,,https://pypi.org/project/adabound,908.0,908.0,,,,,,,,,,,,3.0,,,,,,,,,,,
684,KD-Lib,SforAiDl/KD_Lib,pytorch-utils,,{},6.0,,1,False,KD-Lib,,,,['pytorch'],,,https://pypi.org/project/KD-Lib,71.0,71.0,,,,,,,,,,,,3.0,,,,,,,,,,,
685,pandas-ai,gventuri/pandas-ai,others,,{},112.0,,1,False,pandas-ai,,,,,,,https://pypi.org/project/pandas-ai,,,,,,,,,,,,,,3.0,,,,,,,,,,,
686,StreamAlert,airbnb/streamalert,others,,{},33.0,,1,False,,,,,,,,,,,,,,,,,,,,,,3.0,,,,,,,,,,,
687,awesome-time-series,lmmentel/awesome-time-series,data-science,,{},14.0,,0,False,,,,,,,,,,,,,,,,,,,,,,,,,,,,,,,,,
688,Data-science,khuyentran1401/Data-science,data-science,,{},8.0,,0,False,,,,,,,,,,,,,,,,,,,,,,,,,,,,,,,,,
689,datascience,r0f1/datascience,data-science,,{},20.0,,0,False,,,,,,,,,,,,,,,,,,,,,,,,,,,,,,,,,
690,Production-Level-Deep-Learning,alirezadir/Production-Level-Deep-Learning,data-science,,{},11.0,,0,False,,,,,,,,,,,,,,,,,,,,,,,,,,,,,,,,,
691,kaggle-solutions,faridrashidi/kaggle-solutions,data-science,,{},5.0,,0,False,,,,,,,,,,,,,,,,,,,,,,,,,,,,,,,,,
692,nupic.torch,numenta/nupic.torch,ml-frameworks,,{},14.0,,0,False,nupic.torch,,,,,,,https://pypi.org/project/nupic.torch,,,,,,,,,,,,,,,,,,,,,,,,,
693,AutoGL,THUMNLab/AutoGL,graph,,{},18.0,,0,False,auto-graph-learning,,,,['pytorch'],,,https://pypi.org/project/auto-graph-learning,,,,,,,,,,,,,,,,,,,,,,,,,
694,OpenKE,thunlp/OpenKE,graph,,{},14.0,,0,False,,,,,,,,,,,,,,,,,,,,,,,,,,,,,,,,,
695,OpenNE,thunlp/OpenNE,graph,,{},12.0,,0,False,,,,,['tensorflow'],,,,,,,,,,,,,,,,,,,,,,,,,,,,
696,GraphEmbedding,shenweichen/GraphEmbedding,graph,,{},9.0,,0,False,,,,,['sklearn'],,,,,,,,,,,,,,,,,,,,,,,,,,,,
697,surpriver,tradytics/surpriver,financial-data,,{},6.0,,0,False,,,,,,,,,,,,,,,,,,,,,,,,,,,,,,,,,
698,traintool,jrieke/traintool,ml-experiments,,{},,,0,False,traintool,,,,"['pytorch', 'tensorflow', 'sklearn']",,,https://pypi.org/project/traintool,17.0,17.0,,,,,,,,,,,,,,,,,,,,,,,
699,nnDetection,MIC-DKFZ/nnDetection,medical-data,,{},12.0,,0,False,,,,,['pytorch'],,,,,,,,,,,,,,,,,,,,,,,,,,,,
700,moolib,facebookresearch/moolib,distributed-ml,,{},6.0,,0,False,,,,,['pytorch'],,,,,,,,,,,,,,,,,,,,,,,,,,,,
701,rvc-tts-webui,litagin02/rvc-tts-webui,audio,,{},,,0,False,,,,,,,,,,,,,,,,,,,,,,,,,,,,,,,,,
702,Retrieval-based-Voice-Conversion-WebUI,RVC-Project/Retrieval-based-Voice-Conversion-WebUI,audio,,{},,,0,False,,,,,,,,,,,,,,,,,,,,,,,,,,,,,,,,,
703,audio-webui,gitmylo/audio-webui,audio,,{},10.0,,0,False,,,,,,,,,,,,,,,,,,,,,,,,,,,,,,,,,
704,ultimatevocalremovergui,Anjok07/ultimatevocalremovergui,audio,,{},8.0,,0,False,,,,,,,,,,,,,,,,,,,,,,,,,,,,,,,,,
705,textlesslib,facebookresearch/textlesslib,audio,,{},8.0,,0,False,,,,,['pytorch'],,,,,,,,,,,,,,,,,,,,,,,,,,,,
706,FATE,FederatedAI/FATE,privacy-ml,,{},102.0,,0,False,ETAF,,,,,1.0,1.0,https://pypi.org/project/ETAF,2.0,2.0,,,,,,,,,,,,,,,,,,,,,,,
707,traingenerator,jrieke/traingenerator,others,,{},3.0,,0,False,,,,,,,,,,,,,,,,,,,,,,,,,,,,,,,,,
708,awesome-RecSys,jihoo-kim/awesome-RecSys,data-science,,{},2.0,,-1,False,,,,,,,,,,,,,,,,,,,,,,3.0,,,,,,,,,,,
709,tslumen,hsbc/tslumen,time-series-data,,{},2.0,,-1,False,tslumen,conda-forge/tslumen,,,,,,https://pypi.org/project/tslumen,18.0,18.0,https://anaconda.org/conda-forge/tslumen,,,,,,,,,,,3.0,,,,,,,,,,,
