,name,github_id,category,resource,homepage,contributor_count,description,projectrank,show,pypi_id,conda_id,dockerhub_id,docs_url,labels,dependent_project_count,github_dependent_project_count,pypi_url,pypi_monthly_downloads,monthly_downloads,conda_url,created_at,conda_latest_release_published_at,updated_at,conda_total_downloads,release_count,dockerhub_url,dockerhub_latest_release_published_at,dockerhub_stars,star_count,dockerhub_pulls,projectrank_placing,license,npm_id,npm_url,npm_monthly_downloads,helm_id,brew_id,apt_id,yum_id,trending,maven_id,maven_url
0,ANN Benchmarks,erikbern/ann-benchmarks,nn-search,True,{},112.0,,0,True,,,,,,,,,,,,,,,,,,,,,,,,,,,,,,,,,
1,best-of-web-python - Web Scraping,ml-tooling/best-of-web-python,web-scraping,True,https://github.com/ml-tooling/best-of-web-python#web-scraping--crawling,17.0,Collection of web-scraping and crawling libraries.,0,True,,,,,,,,,,,,,,,,,,,,,,,,,,,,,,,,,
2,best-of-python - Data Extraction,ml-tooling/best-of-python,data-loading,True,https://github.com/ml-tooling/best-of-python#data-loading--extraction,18.0,Collection of data-loading and -extraction libraries.,0,True,,,,,,,,,,,,,,,,,,,,,,,,,,,,,,,,,
3,best-of-python - DB Clients,ml-tooling/best-of-python,db-clients,True,https://github.com/ml-tooling/best-of-python#database-clients,18.0,Collection of database clients for python.,0,True,,,,,,,,,,,,,,,,,,,,,,,,,,,,,,,,,
4,best-of-python - Data Containers,ml-tooling/best-of-python,data-containers,True,https://github.com/ml-tooling/best-of-python#data-containers--dataframes,18.0,"Collection of data-container, dataframe, and pandas-utility libraries.",0,True,,,,,,,,,,,,,,,,,,,,,,,,,,,,,,,,,
5,best-of-python - Data Pipelines,ml-tooling/best-of-python,data-pipelines,True,https://github.com/ml-tooling/best-of-python#data-pipelines--streaming,18.0,"Libraries for data batch- and stream-processing, workflow automation, job scheduling, and other data pipeline tasks.",0,True,,,,,,,,,,,,,,,,,,,,,,,,,,,,,,,,,
6,Tensorflow,tensorflow/tensorflow,ml-frameworks,,{},5300.0,TensorFlow is an end-to-end open source platform for machine learning.,25,False,tensorflow,conda-forge/tensorflow,tensorflow/tensorflow,https://www.tensorflow.org/overview,['tensorflow'],547867.0,547867.0,https://pypi.org/project/tensorflow,15831633.0,17047326.0,https://anaconda.org/conda-forge/tensorflow,2020-07-15 17:39:13.415,2026-08-19 19:35:24.819,2026-09-03 12:51:12.629481,7335232.0,47.0,https://hub.docker.com/r/tensorflow/tensorflow,2026-09-03 12:51:12.629481,2921.0,2921.0,82626108.0,1.0,,,,,,,,,,,
7,Pillow,python-pillow/Pillow,image,,{},527.0,Pillow is the friendly PIL fork by Alex Clark and Contributors.,25,True,Pillow,conda-forge/pillow,,,,2481104.0,2481104.0,https://pypi.org/project/Pillow,514078137.0,515215789.0,https://anaconda.org/conda-forge/pillow,2020-07-02 12:37:30.903,2026-09-01 12:44:07.574,2026-09-01 12:44:07.574000,84186248.0,60.0,,,,,,1.0,PIL,,,,,,,,,,
8,Matplotlib,matplotlib/matplotlib,data-viz,,{},1908.0,Publication quality figures in Python.,25,True,matplotlib,conda-forge/matplotlib,,,,1918904.0,1918904.0,https://pypi.org/project/matplotlib,214912359.0,215477377.0,https://anaconda.org/conda-forge/matplotlib,2020-06-19 14:20:14.311,2026-07-28 04:12:59.218,2026-07-28 04:12:59.218000,42376361.0,84.0,,,,,,1.0,,,,,,,,,,,
9,PyTorch,pytorch/pytorch,ml-frameworks,,{},6924.0,PyTorch is an optimized tensor library for deep learning using GPUs and CPUs.,24,False,torch,pytorch/pytorch,,https://pytorch.org/docs/stable/index.html,['pytorch'],875394.0,875394.0,https://pypi.org/project/torch,81691529.0,82224519.0,https://anaconda.org/pytorch/pytorch,2021-09-14 15:18:07.767,2025-03-25 16:24:31.802,2025-03-25 16:24:31.802000,31979423.0,32.0,,,,,,1.0,BSD-3-Clause,,,,,,,,,,
10,scikit-learn,scikit-learn/scikit-learn,ml-frameworks,,{},3558.0,A set of python modules for machine learning and data mining.,23,False,scikit-learn,conda-forge/scikit-learn,,,['sklearn'],1373098.0,1373098.0,https://pypi.org/project/scikit-learn,225523998.0,226198351.0,https://anaconda.org/conda-forge/scikit-learn,2020-05-13 13:26:05.862,2026-06-02 15:39:39.655,2026-06-02 15:39:39.655000,51250840.0,63.0,,,,,,1.0,,,,,,,,,,,
11,transformers,huggingface/transformers,nlp,,{},4098.0,State-of-the-art Natural Language Processing for TensorFlow 2.0 and PyTorch.,23,False,transformers,conda-forge/transformers,,,"['pytorch', 'tensorflow']",433789.0,433789.0,https://pypi.org/project/transformers,170390928.0,170458810.0,https://anaconda.org/conda-forge/transformers,2020-07-21 09:47:14.490,2026-08-26 18:41:47.006,2026-08-26 18:41:47.006000,5023284.0,197.0,,,,,,1.0,,,,,,,,,,,
12,nltk,nltk/nltk,nlp,,{},519.0,Suite of libraries and programs for symbolic and statistical natural language processing for English.,22,False,nltk,conda-forge/nltk,,,,422669.0,422669.0,https://pypi.org/project/nltk,63602992.0,63666791.0,https://anaconda.org/conda-forge/nltk,2021-03-23 13:25:58.880,2026-08-16 01:44:08.443,2026-08-16 01:44:08.443000,4210775.0,26.0,,,,,,1.0,,,,,,,,,,,
13,Plotly,plotly/plotly.py,data-viz,,{},332.0,"An interactive, browser-based graphing library for Python.",22,False,plotly,conda-forge/plotly,,,,477077.0,477077.0,https://pypi.org/project/plotly,63993981.0,64207471.0,https://anaconda.org/conda-forge/plotly,2020-05-26 16:18:32.550,2026-07-09 19:32:48.385,2026-07-09 19:32:48.385000,16155172.0,119.0,,,,,,1.0,,plotlywidget,https://www.npmjs.com/package/plotlywidget,922.0,,,,,,,
14,networkx,networkx/networkx,graph,,{},851.0,Python package for creating and manipulating complex networks.,22,False,networkx,conda-forge/networkx,,,,461496.0,461496.0,https://pypi.org/project/networkx,245009434.0,245501979.0,https://anaconda.org/conda-forge/networkx,2020-08-23 19:28:59.969,2025-12-08 17:32:15.937,2025-12-08 17:32:15.937000,35955835.0,33.0,,,,,,1.0,,,,,,,,,,,
15,XGBoost,dmlc/xgboost,ml-frameworks,,{},705.0,"Scalable, Portable and Distributed Gradient Boosting (GBDT, GBRT or GBM) Library, for Python, R, Java, Scala, C++ and..",21,False,xgboost,conda-forge/xgboost,,https://xgboost.readthedocs.io/en/latest/,,173263.0,173263.0,https://pypi.org/project/xgboost,45057723.0,45168742.0,https://anaconda.org/conda-forge/xgboost,2020-07-02 21:36:28.150,2026-08-20 00:30:29.570,2026-08-20 00:30:29.570000,8215469.0,45.0,,,,,,1.0,,,,,,,,,,,
16,StatsModels,statsmodels/statsmodels,ml-frameworks,,{},567.0,Statistical computations and models for Python.,21,False,statsmodels,conda-forge/statsmodels,,,,186135.0,186135.0,https://pypi.org/project/statsmodels,37752597.0,38131418.0,https://anaconda.org/conda-forge/statsmodels,2020-06-12 12:09:15.928,2026-08-31 17:21:04.192,2026-08-31 17:21:04.192000,28411590.0,24.0,,,,,,1.0,,,,,,,,,,,
17,sentence-transformers,UKPLab/sentence-transformers,nlp,,{},299.0,Sentence Embeddings using BERT / RoBERTa / XLNet.,21,False,sentence-transformers,conda-forge/sentence-transformers,,,['pytorch'],140538.0,140538.0,https://pypi.org/project/sentence-transformers,31125181.0,31155540.0,https://anaconda.org/conda-forge/sentence-transformers,2020-09-18 19:41:05.496,2026-08-31 08:52:04.481,2026-08-31 08:52:04.481000,2185863.0,52.0,,,,,,1.0,,,,,,,,,,,
18,Tokenizers,huggingface/tokenizers,nlp,,{},150.0,Fast State-of-the-Art Tokenizers optimized for Research and Production.,21,False,tokenizers,conda-forge/tokenizers,,,,207426.0,207426.0,https://pypi.org/project/tokenizers,243994373.0,244067487.0,https://anaconda.org/conda-forge/tokenizers,2020-07-20 15:07:28.335,2026-06-29 18:15:09.757,2026-06-29 18:15:09.757000,5410446.0,39.0,,,,,,1.0,,,,,,,,,,,
19,Seaborn,mwaskom/seaborn,data-viz,,{},217.0,Statistical data visualization.,21,False,seaborn,conda-forge/seaborn,,,,719072.0,719072.0,https://pypi.org/project/seaborn,32988034.0,33237040.0,https://anaconda.org/conda-forge/seaborn,2020-06-11 12:34:59.562,2025-04-22 14:56:26.328,2025-04-22 14:56:26.328000,18675510.0,15.0,,,,,,1.0,,,,,,,,,,,
20,mlflow,mlflow/mlflow,ml-experiments,,{},1169.0,MLflow is an open source platform for the machine learning lifecycle.,21,False,mlflow,conda-forge/mlflow,,,,69378.0,69378.0,https://pypi.org/project/mlflow,37692924.0,37763805.0,https://anaconda.org/conda-forge/mlflow,2020-06-25 18:11:47.672,2026-08-26 10:40:04.182,2026-08-26 10:40:04.182000,5316114.0,124.0,,,,,,1.0,,,,,,,,,,,
21,Ray,ray-project/ray,distributed-ml,,{},1717.0,Ray is a fast and simple framework for building and running distributed applications.,21,False,ray,conda-forge/ray-tune,,,,29495.0,29495.0,https://pypi.org/project/ray,45550685.0,45568977.0,https://anaconda.org/conda-forge/ray-tune,2020-12-10 16:27:52.723,2026-09-03 21:46:38.365,2026-09-03 21:46:38.365000,1262150.0,80.0,,,,,,1.0,,,,,,,,,,,
22,SymPy,sympy/sympy,others,,{},1508.0,Python library for symbolic mathematics.,21,False,sympy,conda-forge/sympy,,,,310415.0,310415.0,https://pypi.org/project/sympy,158813182.0,159028394.0,https://anaconda.org/conda-forge/sympy,2020-05-24 15:55:07.810,2026-02-24 17:00:41.277,2026-02-24 17:00:41.277000,16356133.0,25.0,,,,,,1.0,,,,,,,,,,,
23,jax,google/jax,ml-frameworks,,{},1121.0,"Composable transformations of Python+NumPy programs: differentiate, vectorize, JIT to GPU/TPU, and more.",20,False,jax,conda-forge/jaxlib,,,,51043.0,51043.0,https://pypi.org/project/jax,17393987.0,17453576.0,https://anaconda.org/conda-forge/jaxlib,2020-06-16 01:44:03.567,2026-09-02 20:47:37.917,2026-09-02 20:47:37.917000,4469191.0,93.0,,,,,,2.0,,,,,,,,,,,
24,spaCy,explosion/spaCy,nlp,,{},782.0,Industrial-strength Natural Language Processing.,20,False,spacy,conda-forge/spacy,,,,146518.0,146518.0,https://pypi.org/project/spacy,25368876.0,25491672.0,https://anaconda.org/conda-forge/spacy,2020-06-17 09:17:51.026,2026-03-29 21:12:40.594,2026-03-29 21:12:40.594000,9209731.0,92.0,,,,,,1.0,,,,,,,,,,,
25,sentencepiece,google/sentencepiece,nlp,,{},118.0,Unsupervised text tokenizer for Neural Network-based text generation.,20,False,sentencepiece,conda-forge/sentencepiece,,,,131084.0,131084.0,https://pypi.org/project/sentencepiece,34898288.0,34929718.0,https://anaconda.org/conda-forge/sentencepiece,2020-07-09 18:30:01.986,2026-08-21 10:25:28.125,2026-08-21 10:25:28.125000,2325877.0,8.0,,,,,,1.0,,,,,,,,,,,
26,langchain,langchain-ai/langchain,agents,,{},3731.0,,20,False,langchain,,,,,291112.0,291112.0,https://pypi.org/project/langchain,229927751.0,229927751.0,,,,,,,,,,,,1.0,,,,,,,,,,,
27,scikit-image,scikit-image/scikit-image,image,,{},652.0,Image processing in Python.,20,False,scikit-image,conda-forge/scikit-image,,,,247933.0,247933.0,https://pypi.org/project/scikit-image,25464577.0,25614423.0,https://anaconda.org/conda-forge/scikit-image,2020-06-09 21:49:09.288,2025-12-25 22:03:47.378,2025-12-25 22:03:47.378000,11238463.0,29.0,,,,,,1.0,,,,,,,,,,,
28,Bokeh,bokeh/bokeh,data-viz,,{},740.0,Statistical and novel interactive HTML plots for Python.,20,False,bokeh,conda-forge/bokeh,,,,106020.0,106020.0,https://pypi.org/project/bokeh,7408590.0,7688630.0,https://anaconda.org/conda-forge/bokeh,2020-06-16 00:40:01.624,2026-08-19 13:07:16.399,2026-08-19 13:07:16.399000,21003029.0,78.0,,,,,,1.0,,,,,,,,,,,
29,dash,plotly/dash,data-viz,,{},223.0,A Python framework for building reactive web-apps. Developed by Plotly.,20,False,dash,conda-forge/dash,,,,91098.0,91098.0,https://pypi.org/project/dash,8304551.0,8339484.0,https://anaconda.org/conda-forge/dash,2020-06-21 21:47:00.236,2026-07-22 05:14:16.153,2026-07-22 05:14:16.153000,2619975.0,126.0,,,,,,1.0,,,,,,,,,,,
30,Shapely,shapely/shapely,geospatial-data,,{},175.0,Python package for manipulation and analysis of geometric objects in the Cartesian plane.,20,False,shapely,conda-forge/shapely,,,,123906.0,123906.0,https://pypi.org/project/shapely,72481323.0,72746195.0,https://anaconda.org/conda-forge/shapely,2020-08-21 06:18:37.778,2025-11-07 14:27:39.980,2025-11-07 14:27:39.980000,19335656.0,36.0,,,,,,1.0,,,,,,,,,,,
31,pyproj,pyproj4/pyproj,geospatial-data,,{},84.0,Python interface to PROJ library.,20,False,pyproj,conda-forge/pyproj,,,,50052.0,50052.0,https://pypi.org/project/pyproj,23681899.0,23885807.0,https://anaconda.org/conda-forge/pyproj,2020-07-28 04:30:26.055,2026-08-28 19:34:59.869,2026-08-28 19:34:59.869000,15089220.0,37.0,,,,,,1.0,MIT,,,,,,,,,,
32,wandb client,wandb/client,ml-experiments,,{},253.0,"The AI developer platform. Use Weights & Biases to train and fine-tune models, and manage models from experimentation..",20,False,wandb,conda-forge/wandb,,,,90258.0,90258.0,https://pypi.org/project/wandb,23106159.0,23129997.0,https://anaconda.org/conda-forge/wandb,2020-07-28 19:00:23.555,2026-09-03 21:26:15.572,2026-09-03 21:26:15.572000,1764042.0,113.0,,,,,,1.0,,,,,,,,,,,
33,Gymnasium,Farama-Foundation/Gymnasium,reinforcement-learning,,{},608.0,A standard API for reinforcement learning and a diverse set of reference environments (formerly Gym).,20,False,gymnasium,conda-forge/gymnasium,,,,23417.0,23417.0,https://pypi.org/project/gymnasium,5229238.0,5239277.0,https://anaconda.org/conda-forge/gymnasium,2022-12-09 21:41:49.555,2026-05-28 18:13:39.730,2026-05-28 18:13:39.730000,451787.0,12.0,,,,,,1.0,MIT,,,,,,,,,,
34,Keras,keras-team/keras,ml-frameworks,,{},1560.0,Deep Learning for Python.,19,False,keras,conda-forge/keras,,https://keras.io,['tensorflow'],308459.0,308459.0,https://pypi.org/project/keras,,72074.0,https://anaconda.org/conda-forge/keras,2020-06-25 19:13:32.150,2026-07-30 13:59:39.561,2026-07-30 13:59:39.561000,5405614.0,52.0,,,,,,2.0,,,,,,,,,,,
35,einops,arogozhnikov/einops,ml-frameworks,,{},38.0,A new flavour of deep learning operations.,19,False,einops,conda-forge/einops,,,,91280.0,91280.0,https://pypi.org/project/einops,25728675.0,25740568.0,https://anaconda.org/conda-forge/einops,2020-10-15 20:10:16.939,2026-01-26 11:30:26.666,2026-01-26 11:30:26.666000,844405.0,12.0,,,,,,2.0,,,,,,,,,,,
36,litellm,BerriAI/litellm,nlp,,{},1676.0,,19,False,litellm,,,,,28391.0,28391.0,https://pypi.org/project/litellm,586782121.0,586782121.0,,,,,,,,,,,,2.0,,,,,,,,,,,
37,gensim,RaRe-Technologies/gensim,nlp,,{},464.0,Topic Modelling for Humans.,19,False,gensim,conda-forge/gensim,,,,78902.0,78902.0,https://pypi.org/project/gensim,3926341.0,3960060.0,https://anaconda.org/conda-forge/gensim,2021-03-31 07:19:16.610,2026-03-18 20:01:38.726,2026-03-18 20:01:38.726000,2225479.0,23.0,,,,,,2.0,,,,,,,,,,,
38,PyTorch Image Models,rwightman/pytorch-image-models,image,,{},201.0,(Unofficial) PyTorch Image Models.,19,False,timm,conda-forge/timm,,,['pytorch'],66264.0,66264.0,https://pypi.org/project/timm,14236811.0,14246993.0,https://anaconda.org/conda-forge/timm,2020-07-18 18:44:49.142,2026-07-16 02:58:41.608,2026-07-16 02:58:41.608000,753520.0,47.0,,,,,,1.0,,,,,,,,,,,
39,imageio,imageio/imageio,image,,{},131.0,A Python library for reading and writing image data.,19,False,imageio,conda-forge/imageio,,,,190204.0,190204.0,https://pypi.org/project/imageio,39397060.0,39539799.0,https://anaconda.org/conda-forge/imageio,2020-07-06 14:13:23.772,2025-04-22 14:56:30.839,2025-04-22 14:56:30.839000,10562754.0,52.0,,,,,,1.0,,,,,,,,,,,
40,pydeck,visgl/deck.gl,geospatial-data,,{},323.0,Widget for deck.gl maps.,19,False,pydeck,conda-forge/pydeck,,,['jupyter'],9658.0,9658.0,https://pypi.org/project/pydeck,24376623.0,25435241.0,https://anaconda.org/conda-forge/pydeck,2020-07-24 06:30:33.668,2026-07-03 03:15:08.148,2026-07-03 03:15:08.148000,1175532.0,16.0,,,,,,2.0,,deck.gl,https://www.npmjs.com/package/deck.gl,1042733.0,,,,,,,
41,Rasterio,rasterio/rasterio,geospatial-data,,{},185.0,Rasterio reads and writes geospatial raster datasets.,19,False,rasterio,conda-forge/rasterio,,,,20650.0,20650.0,https://pypi.org/project/rasterio,6547566.0,6662280.0,https://anaconda.org/conda-forge/rasterio,2021-01-25 19:58:39.144,2026-08-09 22:38:17.456,2026-08-09 22:38:17.456000,7800597.0,88.0,,,,,,2.0,,,,,,,,,,,
42,Tensorboard,tensorflow/tensorboard,ml-experiments,,{},336.0,TensorFlows Visualization Toolkit.,19,False,tensorboard,conda-forge/tensorboard,,,['tensorflow'],340373.0,340373.0,https://pypi.org/project/tensorboard,22772371.0,22880145.0,https://anaconda.org/conda-forge/tensorboard,2020-06-22 10:06:52.606,2026-05-24 17:36:10.396,2026-05-24 17:36:10.396000,8083057.0,45.0,,,,,,1.0,,,,,,,,,,,
43,dask.distributed,dask/distributed,distributed-ml,,{},351.0,Distributed scheduler for Dask.,19,False,distributed,conda-forge/distributed,,,,43052.0,43052.0,https://pypi.org/project/distributed,6878501.0,7223601.0,https://anaconda.org/conda-forge/distributed,2020-05-27 03:49:13.707,2026-08-27 20:46:16.705,2026-08-27 20:46:16.705000,26227604.0,233.0,,,,,,1.0,,,,,,,,,,,
44,Streamlit,streamlit/streamlit,model-serialisation,,{},338.0,,19,False,streamlit,,,,,1015937.0,1015937.0,https://pypi.org/project/streamlit,27554643.0,27554643.0,,,,,,,,,,,,1.0,,,,,,,,,,,
45,accelerate,huggingface/accelerate,pytorch-utils,,{},427.0,Training loop of PyTorch without boilerplate code.,19,False,accelerate,conda-forge/accelerate,,,['pytorch'],118162.0,118162.0,https://pypi.org/project/accelerate,23286770.0,23317115.0,https://anaconda.org/conda-forge/accelerate,2021-10-11 19:33:54.475,2026-06-12 15:26:42.843,2026-06-12 15:26:42.843000,1790370.0,64.0,,,,,,1.0,,,,,,,,,,,
46,pytorch-lightning,Lightning-AI/lightning,ml-frameworks,,{},1071.0,PyTorch Lightning is the lightweight PyTorch wrapper for ML researchers. Scale your models. Write less boilerplate.,18,False,pytorch-lightning,conda-forge/pytorch-lightning,,,['pytorch'],50975.0,50975.0,https://pypi.org/project/pytorch-lightning,12451720.0,12481449.0,https://anaconda.org/conda-forge/pytorch-lightning,2020-06-03 07:36:42.521,2026-06-02 08:12:13.235,2026-06-02 08:12:13.235000,2229678.0,129.0,,,,,,2.0,,,,,,,,,,,
47,Thinc,explosion/thinc,ml-frameworks,,{},68.0,thinc: a lightweight deep learning library.,18,False,thinc,conda-forge/thinc,,,,72980.0,72980.0,https://pypi.org/project/thinc,24783874.0,24854496.0,https://anaconda.org/conda-forge/thinc,2020-05-25 09:58:57.636,2026-03-24 12:17:35.079,2026-03-24 12:17:35.079000,5367345.0,66.0,,,,,,2.0,,,,,,,,,,,
48,Flax,google/flax,ml-frameworks,,{},306.0,Flax: A neural network library for JAX designed for flexibility.,18,False,flax,conda-forge/flax,,,['jax'],16797.0,16797.0,https://pypi.org/project/flax,3636667.0,3639962.0,https://anaconda.org/conda-forge/flax,2021-03-31 20:01:18.364,2026-07-21 05:36:54.150,2026-07-21 05:36:54.150000,217484.0,31.0,,,,,,2.0,,,,,,,,,,,
49,Wand,emcconville/wand,image,,{},113.0,"Wand is a ctypes-based simple ImageMagick binding for Python, supporting 2.7, 3.6+, and PyPy.",18,False,wand,conda-forge/wand,,,,21514.0,21514.0,https://pypi.org/project/wand,1393433.0,1396129.0,https://anaconda.org/conda-forge/wand,2019-08-27 18:03:26.696,2025-04-22 14:57:10.980,2025-04-22 14:57:10.980000,229166.0,6.0,,,,,,1.0,MIT,,,,,,,,,,
50,MoviePy,Zulko/moviepy,image,,{},193.0,Video editing with Python.,18,False,moviepy,conda-forge/moviepy,,,,68902.0,68902.0,https://pypi.org/project/moviepy,6081387.0,6091919.0,https://anaconda.org/conda-forge/moviepy,2022-04-16 23:09:16.118,2026-02-01 17:50:06.530,2026-02-01 17:50:06.530000,558229.0,8.0,,,,,,1.0,,,,,,,,,,,
51,shap,slundberg/shap,interpretability,,{},324.0,A unified approach to explain the output of any machine learning model.,18,False,shap,conda-forge/shap,,,,37956.0,37956.0,https://pypi.org/project/shap,13399191.0,13547363.0,https://anaconda.org/conda-forge/shap,2020-12-16 18:34:09.024,2026-06-12 18:46:58.089,2026-06-12 18:46:58.089000,10223908.0,41.0,,,,,,1.0,,,,,,,,,,,
52,GeoPandas,geopandas/geopandas,geospatial-data,,{},271.0,Geographic pandas extensions.,18,False,geopandas,conda-forge/geopandas,,,['pandas'],63390.0,63390.0,https://pypi.org/project/geopandas,15872976.0,15979044.0,https://anaconda.org/conda-forge/geopandas,2020-06-24 14:59:24.383,2026-06-26 20:58:44.934,2026-06-26 20:58:44.934000,7955111.0,44.0,,,,,,2.0,,,,,,,,,,,
53,dask,dask/dask,distributed-ml,,{},656.0,Parallel PyData with Task Scheduling.,18,False,dask,conda-forge/dask,,,,80389.0,80389.0,https://pypi.org/project/dask,,233308.0,https://anaconda.org/conda-forge/dask,2020-05-27 04:42:11.739,2026-08-28 11:54:13.617,2026-08-28 11:54:13.617000,17731473.0,211.0,,,,,,1.0,,,,,stable/dask,,,,,,
54,Faiss,facebookresearch/faiss,nn-search,,{},347.0,A library for efficient similarity search and clustering of dense vectors.,18,False,pymilvus,conda-forge/faiss,,,,5024.0,5024.0,https://pypi.org/project/pymilvus,5086554.0,5141585.0,https://anaconda.org/conda-forge/faiss,2020-06-13 12:51:19.207,2026-08-28 18:57:55.594,2026-08-28 18:57:55.594000,4127391.0,12.0,,,,,,1.0,,,,,,,,,,,
55,Pydub,jiaaro/pydub,audio,,{},96.0,Manipulate audio with a simple and easy high level interface.,18,False,pydub,conda-forge/pydub,,,,112773.0,112773.0,https://pypi.org/project/pydub,20406124.0,20411113.0,https://anaconda.org/conda-forge/pydub,2021-03-07 19:47:43.182,2025-04-22 14:56:58.184,2025-04-22 14:56:58.184000,329296.0,4.0,,,,,,1.0,,,,,,,,,,,
56,onnx,onnx/onnx,model-serialisation,,{},423.0,Open Neural Network Exchange library.,18,False,onnx,conda-forge/onnx,,,,54183.0,54183.0,https://pypi.org/project/onnx,15958220.0,16003586.0,https://anaconda.org/conda-forge/onnx,2020-06-03 11:32:32.173,2026-06-23 19:00:35.296,2026-06-23 19:00:35.296000,3402523.0,35.0,,,,,,1.0,,,,,,,,,,,
57,PyOD,yzhao062/pyod,ml-frameworks,,{},75.0,A Python Toolkit for Scalable Outlier Detection (Anomaly Detection).,17,False,pyod,conda-forge/pyod,,,,5722.0,5722.0,https://pypi.org/project/pyod,4495915.0,4498811.0,https://anaconda.org/conda-forge/pyod,2020-05-21 23:31:10.016,2026-08-17 20:55:42.478,2026-08-17 20:55:42.478000,220119.0,59.0,,,,,,2.0,,,,,,,,,,,
58,ftfy,rspeer/python-ftfy,nlp,,{},22.0,Fixes some problems with Unicode text after the fact.,17,False,ftfy,conda-forge/ftfy,,,,36057.0,36057.0,https://pypi.org/project/ftfy,16367733.0,16376266.0,https://anaconda.org/conda-forge/ftfy,2021-01-20 08:08:07.817,2025-04-22 14:56:35.312,2025-04-22 14:56:35.312000,580252.0,15.0,,,,,,2.0,,,,,,,,,,,
59,llama_index,run-llama/llama_index,agents,,{},1993.0,,17,False,llama_index,,,,,25402.0,25402.0,https://pypi.org/project/llama_index,6405226.0,6405226.0,,,,,,,,,,,,2.0,,,,,,,,,,,
60,langgraph,langchain-ai/langgraph,agents,,{},285.0,,17,False,langgraph,,,,,46896.0,46896.0,https://pypi.org/project/langgraph,63704829.0,63704829.0,,,,,,,,,,,,2.0,,,,,,,,,,,
61,crewAI,crewAIInc/crewAI,agents,,{},309.0,,17,False,crewai,,,,,20568.0,20568.0,https://pypi.org/project/crewai,26457068.0,26457068.0,,,,,,,,,,,,2.0,,,,,,,,,,,
62,ImageHash,JohannesBuchner/imagehash,image,,{},30.0,A Python Perceptual Image Hahsing Module.,17,False,ImageHash,conda-forge/imagehash,,,,18875.0,18875.0,https://pypi.org/project/ImageHash,5569110.0,5578411.0,https://anaconda.org/conda-forge/imagehash,2020-11-19 18:20:47.916,2025-04-22 14:56:29.803,2025-04-22 14:56:29.803000,651098.0,8.0,,,,,,2.0,,,,,,,,,,,
63,Kornia,kornia/kornia,image,,{},389.0,Kornia is a differentiable computer vision library for PyTorch.,17,False,kornia,conda-forge/kornia,,,['pytorch'],17893.0,17893.0,https://pypi.org/project/kornia,3076536.0,3081024.0,https://anaconda.org/conda-forge/kornia,2020-12-09 16:29:41.029,2025-11-08 13:20:35.488,2025-11-08 13:20:35.488000,309701.0,27.0,,,,,,2.0,,,,,,,,,,,
64,HoloViews,holoviz/holoviews,data-viz,,{},163.0,Stop plotting your data - annotate your data and let it visualize itself.,17,False,holoviews,conda-forge/holoviews,,,['jupyter'],16860.0,16860.0,https://pypi.org/project/holoviews,1605855.0,1654505.0,https://anaconda.org/conda-forge/holoviews,2020-06-23 16:07:32.048,2026-08-24 12:07:40.636,2026-08-24 12:07:40.636000,3640388.0,78.0,,,,,,2.0,,@pyviz/jupyterlab_pyviz,https://www.npmjs.com/package/@pyviz/jupyterlab_pyviz,112.0,,,,,,,
65,Altair,altair-viz/altair,data-viz,,{},200.0,Altair: A declarative statistical visualization library for Python.,17,False,altair,conda-forge/altair,,,,249779.0,249779.0,https://pypi.org/project/altair,,66107.0,https://anaconda.org/conda-forge/altair,2021-12-29 16:43:13.728,2026-06-25 09:08:16.682,2026-06-25 09:08:16.682000,3768130.0,35.0,,,,,,2.0,,,,,,,,,,,
66,PyVista,pyvista/pyvista,data-viz,,{},212.0,3D plotting and mesh analysis through a streamlined interface for the Visualization Toolkit (VTK).,17,False,pyvista,conda-forge/pyvista,,,['jupyter'],6056.0,6056.0,https://pypi.org/project/pyvista,1440990.0,1456850.0,https://anaconda.org/conda-forge/pyvista,2020-06-02 20:15:44.310,2026-07-22 01:06:54.890,2026-07-22 01:06:54.890000,1189556.0,97.0,,,,,,2.0,,,,,,,,,,,
67,arviz,arviz-devs/arviz,interpretability,,{},196.0,Exploratory analysis of Bayesian models with Python.,17,False,arviz,conda-forge/arviz,,,,12024.0,12024.0,https://pypi.org/project/arviz,3219931.0,3257777.0,https://anaconda.org/conda-forge/arviz,2020-05-23 03:05:32.458,2026-08-16 16:52:08.302,2026-08-16 16:52:08.302000,2876307.0,39.0,,,,,,1.0,,,,,,,,,,,
68,PyTorch Geometric,pyg-team/pytorch_geometric,graph,,{},568.0,Graph Neural Network Library for PyTorch.,17,False,torch-geometric,conda-forge/pytorch_geometric,,,['pytorch'],11523.0,11523.0,https://pypi.org/project/torch-geometric,1308609.0,1312020.0,https://anaconda.org/conda-forge/pytorch_geometric,2020-07-07 13:17:41.291,2026-07-21 06:53:45.431,2026-07-21 06:53:45.431000,252423.0,19.0,,,,,,1.0,,,,,,,,,,,
69,folium,python-visualization/folium,geospatial-data,,{},198.0,Make beautiful maps with Leaflet.js and Python.,17,False,folium,conda-forge/folium,,,,66113.0,66113.0,https://pypi.org/project/folium,3145997.0,3244567.0,https://anaconda.org/conda-forge/folium,2021-01-06 21:06:07.776,2025-06-16 22:46:07.761,2025-06-16 22:46:07.761000,6702761.0,31.0,,,,,,2.0,,,,,,,,,,,
70,geojson,jazzband/geojson,geospatial-data,,{},61.0,Python bindings and utilities for GeoJSON.,17,False,geojson,conda-forge/geojson,,,,21308.0,21308.0,https://pypi.org/project/geojson,4252787.0,4292654.0,https://anaconda.org/conda-forge/geojson,2023-02-16 15:57:16.750,2026-05-29 12:40:14.414,2026-05-29 12:40:14.414000,1714298.0,13.0,,,,,,2.0,,,,,,,,,,,
71,Fiona,Toblerity/Fiona,geospatial-data,,{},78.0,Fiona reads and writes spatial data files.,17,False,fiona,conda-forge/fiona,,,,27661.0,27661.0,https://pypi.org/project/fiona,4732588.0,4889063.0,https://anaconda.org/conda-forge/fiona,2020-07-27 18:07:57.882,2025-12-29 23:44:48.634,2025-12-29 23:44:48.634000,11579201.0,51.0,,,,,,2.0,,,,,,,,,,,
72,Hyperopt,hyperopt/hyperopt,hyperopt,,{},108.0,Distributed Asynchronous Hyper-parameter Optimization.,17,False,hyperopt,conda-forge/hyperopt,,,,22664.0,22664.0,https://pypi.org/project/hyperopt,2396041.0,2409087.0,https://anaconda.org/conda-forge/hyperopt,2020-10-14 07:57:11.589,2026-08-04 16:49:49.497,2026-08-04 16:49:49.497000,926284.0,8.0,,,,,,1.0,,,,,,,,,,,
73,DVC,iterative/dvc,ml-experiments,,{},332.0,DVC tracks ML models and data sets.,17,False,dvc,conda-forge/dvc,,,,24755.0,24755.0,https://pypi.org/project/dvc,2477366.0,2528312.0,https://anaconda.org/conda-forge/dvc,2020-06-19 15:26:50.030,2026-03-31 06:31:23.617,2026-03-31 06:31:23.617000,3821009.0,340.0,,,,,,2.0,,,,,,dvc,dvc,dvc,,,
74,tensorboardX,lanpa/tensorboardX,ml-experiments,,{},86.0,tensorboard for pytorch.,17,False,tensorboardX,conda-forge/tensorboardx,,,,61905.0,61905.0,https://pypi.org/project/tensorboardX,4899849.0,4919761.0,https://anaconda.org/conda-forge/tensorboardx,2020-07-06 20:33:54.325,2025-04-22 14:56:45.200,2025-04-22 14:56:45.200000,1473510.0,17.0,,,,,,2.0,,,,,,,,,,,
75,NIPYPE,nipy/nipype,medical-data,,{},269.0,"Nipype, an open-source, community-developed initiative under the umbrella of NiPy, is a Python project that provides a..",17,False,nipype,conda-forge/nipype,,,,7323.0,7323.0,https://pypi.org/project/nipype,180362.0,202760.0,https://anaconda.org/conda-forge/nipype,2020-08-16 18:50:39.769,2025-05-05 13:43:30.848,2025-05-05 13:43:30.848000,1635094.0,49.0,,,,,,1.0,Apache-2.0,,,,,,,,,,
76,FairScale,facebookresearch/fairscale,distributed-ml,,{},77.0,PyTorch extensions for high performance and large scale training.,17,False,fairscale,conda-forge/fairscale,,,['pytorch'],9469.0,9469.0,https://pypi.org/project/fairscale,565880.0,577792.0,https://anaconda.org/conda-forge/fairscale,2021-11-07 09:02:15.377,2025-04-22 14:58:04.549,2025-04-22 14:58:04.549000,690922.0,9.0,,,,,,2.0,BSD-3-Clause,,,,,,,,6.0,,
77,PyNNDescent,lmcinnes/pynndescent,nn-search,,{},33.0,Simple fast approximate nearest neighbor search.,17,False,pynndescent,conda-forge/pynndescent,,,,14130.0,14130.0,https://pypi.org/project/pynndescent,6228847.0,6269342.0,https://anaconda.org/conda-forge/pynndescent,2020-07-01 15:27:13.844,2026-07-31 16:12:10.661,2026-07-31 16:12:10.661000,2996672.0,26.0,,,,,,1.0,,,,,,,,,,,
78,Gradio,gradio-app/gradio,model-serialisation,,{},506.0,,17,False,gradio,,,,,89733.0,89733.0,https://pypi.org/project/gradio,12815828.0,12815828.0,,,,,,,,,,,,2.0,,,,,,,,,,,
79,optimum,huggingface/optimum,gpu-utilities,,{},166.0,"Optimum Library is an extension of the Hugging Face Transformers library, providing a framework to integrate third-..",17,False,optimum,conda-forge/optimum,,,,7332.0,7332.0,https://pypi.org/project/optimum,1767334.0,1769565.0,https://anaconda.org/conda-forge/optimum,2022-04-01 08:22:36.713,2026-08-04 22:32:24.368,2026-08-04 22:32:24.368000,118244.0,33.0,,,,,,1.0,,,,,,,,,,,
80,pymc,pymc-devs/pymc,probabilistics,,{},571.0,Probabilistic Programming in Python.,17,False,pymc,conda-forge/pymc,,,,8126.0,8126.0,https://pypi.org/project/pymc,1673254.0,1687324.0,https://anaconda.org/conda-forge/pymc,2020-10-13 03:19:15.240,2026-08-16 12:00:47.436,2026-08-16 12:00:47.436000,998990.0,92.0,,,,,,1.0,,,,,,,,,,,
81,TensorFlow Datasets,tensorflow/datasets,tensorflow-utils,,{},329.0,tensorflow/datasets is a library of datasets ready to use with TensorFlow.,17,False,tensorflow-datasets,conda-forge/tensorflow-datasets,,,['tensorflow'],25592.0,25592.0,https://pypi.org/project/tensorflow-datasets,1228935.0,1229865.0,https://anaconda.org/conda-forge/tensorflow-datasets,2021-05-04 09:11:33.308,2025-04-22 14:57:51.541,2025-04-22 14:57:51.541000,59563.0,9.0,,,,,,1.0,,,,,,,,,,,
82,agate,wireservice/agate,others,,{},62.0,A data analysis library that is optimized for humans instead of machines.,17,False,agate,conda-forge/agate,,,,5914.0,5914.0,https://pypi.org/project/agate,30608933.0,30620347.0,https://anaconda.org/conda-forge/agate,2021-05-30 20:16:52.450,2026-02-27 18:41:38.959,2026-02-27 18:41:38.959000,730507.0,19.0,,,,,,1.0,,,,,,,,,,,
83,CuPy,cupy/cupy,gpu-utilities,,{},470.0,CuPy: NumPy & SciPy for GPU.,16,False,cupy,conda-forge/cupy,cupy/cupy,,,7968.0,7968.0,https://pypi.org/project/cupy,31249.0,155414.0,https://anaconda.org/conda-forge/cupy,2020-05-23 18:55:49.350,2026-08-20 20:43:41.242,2026-08-20 20:43:41.242000,9321512.0,66.0,https://hub.docker.com/r/cupy/cupy,2026-08-20 06:37:15.062453,14.0,14.0,115132.0,1.0,,,,,,,,,,,
84,Ignite,pytorch/ignite,ml-frameworks,,{},264.0,A lightweight library to help with training neural networks in PyTorch.,16,False,pytorch-ignite,pytorch/ignite,,,['pytorch'],4047.0,4047.0,https://pypi.org/project/pytorch-ignite,272426.0,275250.0,https://anaconda.org/pytorch/ignite,2018-06-20 15:36:52.783,2026-07-22 15:14:18.114,2026-07-22 15:14:18.114000,279585.0,28.0,,,,,,2.0,,,,,,,,,,,
85,jellyfish,jamesturk/jellyfish,nlp,,{},37.0,A library for doing approximate and phonetic matching of strings.,16,False,jellyfish,conda-forge/jellyfish,,,,15491.0,15491.0,https://pypi.org/project/jellyfish,9838957.0,9871643.0,https://anaconda.org/conda-forge/jellyfish,2020-06-10 16:23:01.195,2025-11-25 21:17:09.326,2025-11-25 21:17:09.326000,2451501.0,19.0,,,,,,2.0,,,,,,,,,,,
86,ultralytics,ultralytics/ultralytics,image,,{},445.0,,16,False,ultralytics,,,,,59760.0,59760.0,https://pypi.org/project/ultralytics,6911971.0,6911971.0,,,,,,,,,,,,2.0,,,,,,,,,,,
87,imgaug,aleju/imgaug,image,,{},36.0,Image augmentation for machine learning experiments.,16,False,imgaug,conda-forge/imgaug,,,,26570.0,26570.0,https://pypi.org/project/imgaug,649828.0,652909.0,https://anaconda.org/conda-forge/imgaug,2019-06-05 06:04:19.977,2025-04-22 14:57:06.395,2025-04-22 14:57:06.395000,268098.0,3.0,,,,,,2.0,,,,,,,,,,,
88,imutils,PyImageSearch/imutils,image,,{},21.0,"A series of convenience functions to make basic image processing functions such as translation, rotation, resizing,..",16,False,imutils,conda-forge/imutils,,,,54262.0,54262.0,https://pypi.org/project/imutils,758969.0,763063.0,https://anaconda.org/conda-forge/imutils,2020-07-07 12:49:26.774,2025-04-22 14:57:06.837,2025-04-22 14:57:06.837000,302985.0,3.0,,,,,,2.0,,,,,,,,,,,
89,cartopy,SciTools/cartopy,data-viz,,{},142.0,A library providing cartographic tools for python.,16,False,cartopy,conda-forge/cartopy,,,,8878.0,8878.0,https://pypi.org/project/cartopy,1639392.0,1745867.0,https://anaconda.org/conda-forge/cartopy,2020-05-18 16:23:27.911,2026-08-10 13:47:41.548,2026-08-10 13:47:41.548000,8092148.0,27.0,,,,,,2.0,,,,,,,,,,,
90,plotnine,has2k1/plotnine,data-viz,,{},122.0,A grammar of graphics for python.,16,False,plotnine,conda-forge/plotnine,,,,13068.0,13068.0,https://pypi.org/project/plotnine,2923728.0,2934464.0,https://anaconda.org/conda-forge/plotnine,2020-06-05 19:51:41.903,2026-08-14 16:58:02.909,2026-08-14 16:58:02.909000,805241.0,38.0,,,,,,2.0,,,,,,,,,,,
91,Metaflow,Netflix/metaflow,ml-experiments,,{},150.0,"Metaflow: More Data Science, Less Engineering.",16,False,metaflow,conda-forge/metaflow,,,,1028.0,1028.0,https://pypi.org/project/metaflow,703551.0,709882.0,https://anaconda.org/conda-forge/metaflow,2020-07-29 21:37:08.322,2026-09-03 02:03:06.485,2026-09-03 02:03:06.485000,468553.0,210.0,,,,,,2.0,,,,,,,,,,,
92,Nilearn,nilearn/nilearn,medical-data,,{},285.0,Statistical learning for neuroimaging in Python.,16,False,nilearn,conda-forge/nilearn,,,['sklearn'],4609.0,4609.0,https://pypi.org/project/nilearn,186930.0,195839.0,https://anaconda.org/conda-forge/nilearn,2020-11-12 13:26:01.761,2026-07-02 10:30:48.603,2026-07-02 10:30:48.603000,623699.0,31.0,,,,,,1.0,,,,,,,,,,,
93,MONAI,Project-MONAI/MONAI,medical-data,,{},301.0,AI Toolkit for Healthcare Imaging.,16,False,monai,conda-forge/monai,,,['pytorch'],4762.0,4762.0,https://pypi.org/project/monai,714740.0,716080.0,https://anaconda.org/conda-forge/monai,2021-12-29 09:55:36.763,2026-01-28 07:31:46.743,2026-01-28 07:31:46.743000,76404.0,15.0,,,,,,1.0,,,,,,,,,,,
94,NiBabel,nipy/nibabel,medical-data,,{},116.0,Python package to access a cacophony of neuro-imaging file formats.,16,False,nibabel,conda-forge/nibabel,,,,31278.0,31278.0,https://pypi.org/project/nibabel,1719291.0,1739563.0,https://anaconda.org/conda-forge/nibabel,2020-06-30 18:23:29.640,2026-06-09 01:40:14.470,2026-06-09 01:40:14.470000,1520465.0,33.0,,,,,,1.0,,,,,,,,,,,
95,sktime,alan-turing-institute/sktime,time-series-data,,{},664.0,A unified framework for machine learning with time series.,16,False,sktime,conda-forge/sktime-all-extras,,,['sklearn'],4886.0,4886.0,https://pypi.org/project/sktime,1094735.0,1116151.0,https://anaconda.org/conda-forge/sktime-all-extras,2021-07-28 06:16:34.545,2025-12-07 07:18:44.347,2025-12-07 07:18:44.347000,1327808.0,76.0,,,,,,1.0,,,,,,,,,,,
96,STUMPY,TDAmeritrade/stumpy,time-series-data,,{},46.0,"STUMPY is a powerful and scalable Python library that computes something called a matrix profile, which can then be..",16,False,stumpy,conda-forge/stumpy,,,,1673.0,1673.0,https://pypi.org/project/stumpy,431903.0,449020.0,https://anaconda.org/conda-forge/stumpy,2020-06-15 15:52:12.048,2026-02-08 02:09:16.381,2026-02-08 02:09:16.381000,1283795.0,29.0,,,,,,1.0,BSD-3-Clause,,,,,,,,5.0,,
97,Core ML Tools,apple/coremltools,model-serialisation,,{},235.0,Core ML is an Apple framework to integrate machine learning models into your app. Core ML provides a unified..,16,False,coremltools,conda-forge/coremltools,,,,5640.0,5640.0,https://pypi.org/project/coremltools,2704686.0,2706966.0,https://anaconda.org/conda-forge/coremltools,2020-10-16 19:48:15.220,2026-06-22 13:38:39.137,2026-06-22 13:38:39.137000,161940.0,5.0,,,,,,2.0,,,,,,,,,,,
98,metrics,Lightning-AI/metrics,pytorch-utils,,{},294.0,Collection of PyTorch native metrics for easy evaluating machine learning models.,16,False,metrics,conda-forge/torchmetrics,,,['pytorch'],48096.0,48096.0,https://pypi.org/project/metrics,20744.0,69288.0,https://anaconda.org/conda-forge/torchmetrics,2021-03-16 10:50:04.846,2026-03-18 09:56:39.711,2026-03-18 09:56:39.711000,3203936.0,61.0,,,,,,1.0,,,,,,,,,,,
99,MLxtend,rasbt/mlxtend,sklearn-utils,,{},124.0,Machine Learning Library Extensions.,16,False,mlxtend,conda-forge/mlxtend,,,['sklearn'],21023.0,21023.0,https://pypi.org/project/mlxtend,958046.0,969633.0,https://anaconda.org/conda-forge/mlxtend,2020-07-28 03:34:49.886,2026-06-09 21:10:46.329,2026-06-09 21:10:46.329000,857472.0,25.0,,,,,,1.0,,,,,,,,,,,
100,category_encoders,scikit-learn-contrib/category_encoders,sklearn-utils,,{},75.0,A collection of sklearn transformers to encode categorical variables as numeric.,16,False,category_encoders,conda-forge/category_encoders,,,['sklearn'],4233.0,4233.0,https://pypi.org/project/category_encoders,2455667.0,2465321.0,https://anaconda.org/conda-forge/category_encoders,2021-10-13 18:33:31.261,2026-07-28 19:16:21.783,2026-07-28 19:16:21.783000,569606.0,26.0,,,,,,1.0,,,,,,,,,,,
101,TorchServe,pytorch/serve,model-serialisation,,{},222.0,Model serving on PyTorch.,15,False,torchserve,pytorch/torchserve,pytorch/torchserve,,['pytorch'],954.0,954.0,https://pypi.org/project/torchserve,30113.0,61107.0,https://anaconda.org/pytorch/torchserve,2020-04-21 03:52:57.365,2025-03-25 16:24:31.948,2025-03-25 16:24:31.948000,761382.0,25.0,https://hub.docker.com/r/pytorch/torchserve,2024-09-30 22:07:15.226668,33.0,33.0,1625193.0,2.0,,,,,,,,,,,
102,Fastai,fastai/fastai,ml-frameworks,,{},263.0,,15,False,fastai,,,,['pytorch'],23534.0,23534.0,https://pypi.org/project/fastai,583706.0,583706.0,,,,,,,,,,,,2.0,,,,,,,,,,,
103,LightGBM,microsoft/LightGBM,ml-frameworks,,{},353.0,LightGBM is a gradient boosting framework that uses tree based learning algorithms.,15,False,lightgbm,conda-forge/lightgbm,,,,175.0,175.0,https://pypi.org/project/lightgbm,23079706.0,23157197.0,https://anaconda.org/conda-forge/lightgbm,2020-09-01 12:55:08.262,2026-07-20 03:34:31.957,2026-07-20 03:34:31.957000,5579405.0,32.0,,,,,,2.0,,,,,,,,,,,
104,PaddlePaddle,PaddlePaddle/Paddle,ml-frameworks,,{},1533.0,,15,False,paddlepaddle,,,,['paddle'],9699.0,9699.0,https://pypi.org/project/paddlepaddle,1679859.0,1679859.0,,,,,,,,,,,,2.0,,,,,,,,,,,
105,thefuzz,seatgeek/thefuzz,nlp,,{},13.0,Fuzzy string matching in python.,15,False,thefuzz,conda-forge/thefuzz,,,,6082.0,6082.0,https://pypi.org/project/thefuzz,9552835.0,9554276.0,https://anaconda.org/conda-forge/thefuzz,2022-01-13 22:10:32.583,2025-04-22 14:58:08.752,2025-04-22 14:58:08.752000,80741.0,2.0,,,,,,2.0,,,,,,,,,,,
106,flair,flairNLP/flair,nlp,,{},278.0,A very simple framework for state-of-the-art NLP.,15,False,flair,conda-forge/python-flair,,,['pytorch'],4184.0,4184.0,https://pypi.org/project/flair,109575.0,110410.0,https://anaconda.org/conda-forge/python-flair,2020-07-28 19:00:35.095,2025-04-22 14:57:32.879,2025-04-22 14:57:32.879000,61792.0,14.0,,,,,,2.0,,,,,,,,,,,
107,stanza,stanfordnlp/stanza,nlp,,{},78.0,"Stanza: A Python NLP Library for Many Human Languages, by the Stanford NLP Group.",15,False,stanza,stanfordnlp/stanza,,,,4355.0,4355.0,https://pypi.org/project/stanza,1006796.0,1006920.0,https://anaconda.org/stanfordnlp/stanza,2020-03-14 02:34:20.643,2025-03-25 16:28:39.162,2025-03-25 16:28:39.162000,9681.0,13.0,,,,,,2.0,,,,,,,,,,,
108,torchvision,pytorch/vision,image,,{},693.0,Image and video datasets and models for torch deep learning.,15,False,torchvision,conda-forge/torchvision,,,['pytorch'],24.0,24.0,https://pypi.org/project/torchvision,29302819.0,29384012.0,https://anaconda.org/conda-forge/torchvision,2021-03-09 23:13:43.284,2026-08-24 17:58:00.745,2026-08-24 17:58:00.745000,5358787.0,32.0,,,,,,2.0,,,,,,,,,,,
109,OCRmyPDF,ocrmypdf/OCRmyPDF,ocr,,{},126.0,"OCRmyPDF adds an OCR text layer to scanned PDF files, allowing them to be searched.",15,False,ocrmypdf,conda-forge/ocrmypdf,,,,1591.0,1591.0,https://pypi.org/project/ocrmypdf,1202066.0,1204438.0,https://anaconda.org/conda-forge/ocrmypdf,2021-02-25 13:52:39.515,2026-08-29 01:44:59.983,2026-08-29 01:44:59.983000,158978.0,56.0,,,,,,1.0,,,,,,ocrmypdf,ocrmypdf,,,,
110,hvPlot,holoviz/hvplot,data-viz,,{},54.0,A high-level plotting API for the PyData ecosystem built on HoloViews.,15,False,hvplot,conda-forge/hvplot,,,,7541.0,7541.0,https://pypi.org/project/hvplot,1022552.0,1036974.0,https://anaconda.org/conda-forge/hvplot,2020-06-02 12:42:34.211,2025-12-18 15:35:41.427,2025-12-18 15:35:41.427000,1081710.0,26.0,,,,,,2.0,,,,,,,,,,,
111,missingno,ResidentMario/missingno,data-viz,,{},18.0,Missing data visualization module for Python.,15,False,missingno,conda-forge/missingno,,,,23638.0,23638.0,https://pypi.org/project/missingno,426866.0,446632.0,https://anaconda.org/conda-forge/missingno,2024-03-02 01:06:25.066,2025-09-17 20:28:20.219,2025-09-17 20:28:20.219000,593001.0,5.0,,,,,,2.0,,,,,,,,,,,
112,VisPy,vispy/vispy,data-viz,,{},212.0,High-performance interactive 2D/3D data visualization library.,15,False,vispy,conda-forge/vispy,,,['jupyter'],2330.0,2330.0,https://pypi.org/project/vispy,1140077.0,1160457.0,https://anaconda.org/conda-forge/vispy,2020-09-24 16:39:06.228,2026-05-20 16:45:50.072,2026-05-20 16:45:50.072000,1465000.0,38.0,,,,,,2.0,,vispy,https://www.npmjs.com/package/vispy,33.0,,,,,,,
113,evaluate,huggingface/evaluate,interpretability,,{},139.0,,15,False,evaluate,,,,,25993.0,25993.0,https://pypi.org/project/evaluate,4402031.0,4402031.0,,,,,,,,,,,,1.0,,,,,,,,,,,
114,Lime,marcotcr/lime,interpretability,,{},62.0,Explaining the predictions of any machine learning classifier.,15,False,lime,conda-forge/lime,,,,9875.0,9875.0,https://pypi.org/project/lime,479109.0,484448.0,https://anaconda.org/conda-forge/lime,2020-06-28 01:02:39.858,2025-04-22 14:56:30.659,2025-04-22 14:56:30.659000,400451.0,11.0,,,,,,1.0,,,,,,,,,,,
115,Captum,pytorch/captum,interpretability,,{},150.0,Model interpretability for PyTorch.,15,False,captum,conda-forge/captum,,,['pytorch'],3754.0,3754.0,https://pypi.org/project/captum,496862.0,500038.0,https://anaconda.org/conda-forge/captum,2021-12-30 19:59:39.750,2026-04-17 07:52:38.995,2026-04-17 07:52:38.995000,181055.0,5.0,,,,,,1.0,,,,,,,,,,,
116,igraph,igraph/python-igraph,graph,,{},81.0,An open source and free collection of network analysis tool.,15,False,python-igraph,conda-forge/igraph,,,,4957.0,4957.0,https://pypi.org/project/python-igraph,528400.0,546012.0,https://anaconda.org/conda-forge/igraph,2020-08-20 13:08:22.426,2025-12-27 19:06:26.854,2025-12-27 19:06:26.854000,1285699.0,35.0,,,,,,1.0,,,,,,,,,,,
117,ipyleaflet,jupyter-widgets/ipyleaflet,geospatial-data,,{},98.0,A Jupyter widget for dynamic Leaflet maps.,15,False,ipyleaflet,conda-forge/ipyleaflet,,,['jupyter'],18337.0,18337.0,https://pypi.org/project/ipyleaflet,341794.0,385898.0,https://anaconda.org/conda-forge/ipyleaflet,2020-05-25 11:11:25.372,2025-06-13 19:35:58.799,2025-06-13 19:35:58.799000,3164783.0,74.0,,,,,,3.0,,jupyter-leaflet,https://www.npmjs.com/package/jupyter-leaflet,2463.0,,,,,,,
118,ta,bukosabino/ta,financial-data,,{},34.0,Technical Analysis Library in Python.,15,False,ta,conda-forge/ta,,,,10457.0,10457.0,https://pypi.org/project/ta,996382.0,997112.0,https://anaconda.org/conda-forge/ta,2021-02-08 22:42:23.078,2025-04-22 14:57:46.184,2025-04-22 14:57:46.184000,48975.0,7.0,,,,,,1.0,,,,,,,,,,,
119,arch,bashtage/arch,financial-data,,{},40.0,Autoregressive Conditional Heteroskedasticity (ARCH) and other tools for financial econometrics.,15,False,arch,conda-forge/arch-py,,,,3871.0,3871.0,https://pypi.org/project/arch,920386.0,931594.0,https://anaconda.org/conda-forge/arch-py,2020-06-25 00:04:53.242,2025-10-21 13:02:21.450,2025-10-21 13:02:21.450000,840605.0,23.0,,,,,,1.0,,,,,,,,,,,
120,Optuna,optuna/optuna,hyperopt,,{},397.0,A hyperparameter optimization framework.,15,False,optuna,conda-forge/optuna,,,,33494.0,33494.0,https://pypi.org/project/optuna,,57181.0,https://anaconda.org/conda-forge/optuna,2020-06-01 09:17:12.717,2026-06-01 10:52:13.216,2026-06-01 10:52:13.216000,4288609.0,46.0,,,,,,1.0,,,,,,,,,,,
121,BoTorch,pytorch/botorch,hyperopt,,{},166.0,Bayesian Optimization in PyTorch.,15,False,botorch,conda-forge/botorch,,,['pytorch'],1956.0,1956.0,https://pypi.org/project/botorch,590715.0,593864.0,https://anaconda.org/conda-forge/botorch,2020-08-01 11:16:39.122,2026-06-09 03:34:16.649,2026-06-09 03:34:16.649000,229938.0,43.0,,,,,,1.0,,,,,,,,,,,
122,snakemake,snakemake/snakemake,ml-experiments,,{},406.0,A popular workflow management system aiming at full in-silico reproducibility.,15,False,snakemake,bioconda/snakemake,,,,2708.0,2708.0,https://pypi.org/project/snakemake,220900.0,235440.0,https://anaconda.org/bioconda/snakemake,2015-10-17 15:43:54.867,2026-08-31 07:26:32.632,2026-08-31 07:26:32.632000,1904812.0,372.0,,,,,,2.0,,,,,,,,,,,
123,Lifelines,CamDavidsonPilon/lifelines,medical-data,,{},124.0,"Survival analysis in Python, including Kaplan Meier, Nelson Aalen and regression.",15,False,lifelines,conda-forge/lifelines,,,,4540.0,4540.0,https://pypi.org/project/lifelines,2214635.0,2224297.0,https://anaconda.org/conda-forge/lifelines,2020-05-25 23:39:09.984,2026-04-29 14:43:19.233,2026-04-29 14:43:19.233000,734367.0,65.0,,,,,,2.0,,,,,,,,,,,
124,DIPY,dipy/dipy,medical-data,,{},205.0,Diffusion MR Imaging in Python.,15,False,dipy,conda-forge/dipy,,,,1661.0,1661.0,https://pypi.org/project/dipy,72649.0,90276.0,https://anaconda.org/conda-forge/dipy,2020-09-15 04:04:39.951,2026-08-06 14:06:10.268,2026-08-06 14:06:10.268000,1269154.0,21.0,,,,,,2.0,,,,,,,,,,,
125,Submit it,facebookincubator/submitit,distributed-ml,,{},29.0,Python 3.6+ toolbox for submitting jobs to Slurm.,15,False,submitit,conda-forge/submitit,,,,5177.0,5177.0,https://pypi.org/project/submitit,2582993.0,2584081.0,https://anaconda.org/conda-forge/submitit,2020-08-26 15:42:24.203,2025-12-18 14:08:10.664,2025-12-18 14:08:10.664000,79430.0,12.0,,,,,,2.0,,,,,,,,,,,
126,mpi4py,mpi4py/mpi4py,distributed-ml,,{},30.0,Python bindings for MPI.,15,False,mpi4py,conda-forge/mpi4py,,,,12565.0,12565.0,https://pypi.org/project/mpi4py,832653.0,924100.0,https://anaconda.org/conda-forge/mpi4py,2020-10-09 13:03:47.206,2026-05-16 11:28:40.096,2026-05-16 11:28:40.096000,6492750.0,19.0,,,,,,2.0,,,,,,,,,,,
127,StatsForecast,Nixtla/statsforecast,time-series-data,,{},69.0,Time series forecasting suite using statistical models.,15,False,statsforecast,conda-forge/statsforecast,,,,2236.0,2236.0,https://pypi.org/project/statsforecast,1704797.0,1710719.0,https://anaconda.org/conda-forge/statsforecast,2022-03-04 23:51:03.641,2026-07-16 21:01:59.106,2026-07-16 21:01:59.106000,319810.0,37.0,,,,,,1.0,,,,,,,,,,,
128,GluonTS,awslabs/gluon-ts,time-series-data,,{},119.0,"GluonTS is a Python toolkit for probabilistic time series modeling, built around Apache MXNet (incubating).",15,False,gluonts,anaconda/gluonts,,,['pytorch'],1697.0,1697.0,https://pypi.org/project/gluonts,452098.0,452185.0,https://anaconda.org/anaconda/gluonts,2021-10-14 12:53:05.194,2026-09-02 15:53:58.150,2026-09-02 15:53:58.150000,5182.0,6.0,,,,,,1.0,,,,,,,,,,,
129,Annoy,spotify/annoy,nn-search,,{},90.0,Approximate Nearest Neighbors in C++/Python optimized for memory usage and loading/saving to disk.,15,False,annoy,conda-forge/python-annoy,,,,5628.0,5628.0,https://pypi.org/project/annoy,1234261.0,1257132.0,https://anaconda.org/conda-forge/python-annoy,2020-09-18 19:43:51.472,2025-09-01 16:14:20.560,2025-09-01 16:14:20.560000,1646730.0,22.0,,,,,,2.0,,,,,,,,,,,
130,weaviate,weaviate/weaviate,nn-search,,{},186.0,,15,False,weaviate-client,,,,,1128.0,1128.0,https://pypi.org/project/weaviate-client,75161933.0,75161933.0,,,,,,,,,,,,2.0,,,,,,,,,,,
131,hnswlib,nmslib/hnswlib,nn-search,,{},75.0,"Python bindings for Hnswlib, a fast approximate nearest neighbor search package.",15,False,hnswlib,conda-forge/hnswlib,,,,8882.0,8882.0,https://pypi.org/project/hnswlib,557842.0,565187.0,https://anaconda.org/conda-forge/hnswlib,2020-12-23 06:04:48.389,2025-08-30 15:22:17.304,2025-08-30 15:22:17.304000,506848.0,6.0,,,,,,2.0,,,,,,,,,,,
132,GPyTorch,cornellius-gp/gpytorch,probabilistics,,{},154.0,An implementation of Gaussian Processes in Pytorch.,15,False,gpytorch,conda-forge/gpytorch,,,['pytorch'],3472.0,3472.0,https://pypi.org/project/gpytorch,879409.0,883172.0,https://anaconda.org/conda-forge/gpytorch,2020-05-21 18:18:14.146,2026-02-28 20:41:43.640,2026-02-28 20:41:43.640000,285997.0,26.0,,,,,,1.0,,,,,,,,,,,
133,hmmlearn,hmmlearn/hmmlearn,probabilistics,,{},49.0,Hidden Markov Models in Python with scikit-learn like API.,15,False,hmmlearn,conda-forge/hmmlearn,,,['sklearn'],4006.0,4006.0,https://pypi.org/project/hmmlearn,855015.0,862578.0,https://anaconda.org/conda-forge/hmmlearn,2020-09-15 00:44:34.740,2025-09-10 16:53:48.310,2025-09-10 16:53:48.310000,544567.0,12.0,,,,,,1.0,,,,,,,,,6.0,,
134,torchdiffeq,rtqichen/torchdiffeq,pytorch-utils,,{},23.0,ODE solvers and adjoint sensitivity analysis in PyTorch.,15,False,torchdiffeq,conda-forge/torchdiffeq,,,['pytorch'],5985.0,5985.0,https://pypi.org/project/torchdiffeq,846763.0,847155.0,https://anaconda.org/conda-forge/torchdiffeq,2020-05-06 16:34:48.157,2025-04-22 14:57:25.759,2025-04-22 14:57:25.759000,29841.0,4.0,,,,,,1.0,,,,,,,,,,,
135,scikit-learn-intelex,intel/scikit-learn-intelex,sklearn-utils,,{},88.0,Extension for Scikit-learn* (CPU runtime) is a seamless way to speed up your Scikit-learn application.,15,False,scikit-learn-intelex,conda-forge/scikit-learn-intelex,,,['sklearn'],13873.0,13873.0,https://pypi.org/project/scikit-learn-intelex,139708.0,151962.0,https://anaconda.org/conda-forge/scikit-learn-intelex,2021-04-08 23:29:40.051,2026-07-14 07:44:54.068,2026-07-14 07:44:54.068000,796529.0,31.0,,,,,,2.0,,,,,,,,,,,
136,River,online-ml/river,others,,{},149.0,Online machine learning in Python.,15,False,river,conda-forge/river,,,,917.0,917.0,https://pypi.org/project/river,221969.0,224635.0,https://anaconda.org/conda-forge/river,2021-04-19 20:23:28.936,2026-08-21 20:07:57.737,2026-08-21 20:07:57.737000,173343.0,9.0,,,,,,1.0,,,,,,,,,,,
137,DeepSpeed,microsoft/DeepSpeed,distributed-ml,,{},511.0,https://www.deepspeed.ai for more info.,14,False,deepspeed,,deepspeed/deepspeed,,['pytorch'],16076.0,16076.0,https://pypi.org/project/deepspeed,1048248.0,1048248.0,,,,2022-09-02 00:25:31.275782,,,https://hub.docker.com/r/deepspeed/deepspeed,2022-09-02 00:25:31.275782,5.0,5.0,27775.0,2.0,,,,,,,,,,,
138,Catboost,catboost/catboost,ml-frameworks,,{},1432.0,Gradient boosting on decision trees library.,14,False,catboost,conda-forge/catboost,,,,21.0,21.0,https://pypi.org/project/catboost,6027445.0,6066872.0,https://anaconda.org/conda-forge/catboost,2020-11-05 20:16:46.091,2026-02-23 23:23:44.774,2026-02-23 23:23:44.774000,2759892.0,71.0,,,,,,2.0,,,,,,,,,,,
139,PySpark,apache/spark,ml-frameworks,,{},3583.0,Apache Spark Python API.,14,False,pyspark,conda-forge/pyspark,,,['spark'],,,https://pypi.org/project/pyspark,46486373.0,46552678.0,https://anaconda.org/conda-forge/pyspark,2020-06-06 07:35:29.643,2026-07-16 15:46:27.659,2026-07-16 15:46:27.659000,4972930.0,43.0,,,,,,2.0,,,,,stable/spark,,,,,,
140,Sumy,miso-belica/sumy,nlp,,{},34.0,Module for automatic summarization of text documents and HTML pages.,14,False,sumy,conda-forge/sumy,,,,4356.0,4356.0,https://pypi.org/project/sumy,149637.0,149918.0,https://anaconda.org/conda-forge/sumy,2021-06-22 09:34:48.682,2025-04-22 14:57:55.728,2025-04-22 14:57:55.728000,17762.0,4.0,,,,,,2.0,,,,,,,,,,,
141,TextDistance,life4/textdistance,nlp,,{},18.0,TextDistance python library for comparing distance between two or more sequences by many algorithms.,14,False,textdistance,conda-forge/textdistance,,,,8992.0,8992.0,https://pypi.org/project/textdistance,2270463.0,2288335.0,https://anaconda.org/conda-forge/textdistance,2020-11-09 13:54:55.292,2025-04-22 14:56:50.409,2025-04-22 14:56:50.409000,1251058.0,14.0,,,,,,2.0,,,,,,,,,,,
142,autogen,microsoft/autogen,agents,,{},534.0,,14,False,autogen-agentchat,,,,,4575.0,4575.0,https://pypi.org/project/autogen-agentchat,899945.0,899945.0,,,,,,,,,,,,3.0,,,,,,,,,,,
143,sahi,obss/sahi,image,,{},80.0,A vision library for performing sliced inference on large images/small objects.,14,False,sahi,conda-forge/sahi,,,,1985.0,1985.0,https://pypi.org/project/sahi,229520.0,232290.0,https://anaconda.org/conda-forge/sahi,2021-10-08 17:03:02.074,2026-08-18 02:17:21.223,2026-08-18 02:17:21.223000,163430.0,75.0,,,,,,2.0,,,,,,,,,,,
144,pyvips,libvips/pyvips,image,,{},21.0,Binding for libvips.,14,False,pyvips,conda-forge/pyvips,,,,1444.0,1444.0,https://pypi.org/project/pyvips,976791.0,982285.0,https://anaconda.org/conda-forge/pyvips,2020-10-14 09:36:00.636,2026-06-01 08:56:11.218,2026-06-01 08:56:11.218000,390081.0,9.0,,,,,,2.0,,,,,,,,,,,
145,PaddleOCR,PaddlePaddle/PaddleOCR,ocr,,{},295.0,,14,False,paddleocr,,,,['paddle'],7060.0,7060.0,https://pypi.org/project/paddleocr,2130760.0,2130760.0,,,,,,,,,,,,2.0,,,,,,,,,,,
146,EasyOCR,JaidedAI/EasyOCR,ocr,,{},129.0,,14,False,easyocr,,,,,18201.0,18201.0,https://pypi.org/project/easyocr,2985032.0,2985032.0,,,,,,,,,,,,2.0,,,,,,,,,,,
147,mpld3,mpld3/mpld3,data-viz,,{},55.0,D3 Viewer for Matplotlib.,14,False,mpld3,conda-forge/mpld3,,,,7764.0,7764.0,https://pypi.org/project/mpld3,433290.0,440256.0,https://anaconda.org/conda-forge/mpld3,2020-06-15 20:42:17.133,2025-11-05 19:20:00.823,2025-11-05 19:20:00.823000,451535.0,13.0,,,,,,2.0,,mpld3,https://www.npmjs.com/package/mpld3,946.0,,,,,,,
148,datashader,holoviz/datashader,data-viz,,{},65.0,Data visualization toolchain based on aggregating into a grid.,14,False,datashader,conda-forge/datashader,,,,6480.0,6480.0,https://pypi.org/project/datashader,326595.0,352957.0,https://anaconda.org/conda-forge/datashader,2020-05-25 22:22:03.938,2026-05-19 13:17:28.903,2026-05-19 13:17:28.903000,2003518.0,33.0,,,,,,2.0,,,,,,,,,,,
149,PyQtGraph,pyqtgraph/pyqtgraph,data-viz,,{},325.0,Scientific Graphics and GUI Library for Python.,14,False,pyqtgraph,conda-forge/pyqtgraph,,,,13930.0,13930.0,https://pypi.org/project/pyqtgraph,,17252.0,https://anaconda.org/conda-forge/pyqtgraph,2020-06-09 00:20:24.502,2025-11-19 10:58:06.682,2025-11-19 10:58:06.682000,1293957.0,18.0,,,,,,2.0,,,,,,,,,,,
150,pyLDAvis,bmabey/pyLDAvis,interpretability,,{},42.0,Python library for interactive topic model visualization.,14,False,pyldavis,conda-forge/pyldavis,,,['jupyter'],7511.0,7511.0,https://pypi.org/project/pyldavis,118161.0,119908.0,https://anaconda.org/conda-forge/pyldavis,2021-03-22 07:23:59.104,2025-04-22 14:56:51.622,2025-04-22 14:56:51.622000,115310.0,7.0,,,,,,2.0,,,,,,,,,,,
151,dtreeviz,parrt/dtreeviz,interpretability,,{},29.0,A python library for decision tree visualization and model interpretation.,14,False,dtreeviz,conda-forge/dtreeviz,,,,1633.0,1633.0,https://pypi.org/project/dtreeviz,62207.0,64267.0,https://anaconda.org/conda-forge/dtreeviz,2020-11-11 13:07:21.019,2026-07-23 07:45:21.686,2026-07-23 07:45:21.686000,144220.0,22.0,,,,,,2.0,,,,,,,,,,,
152,PySAL,pysal/pysal,geospatial-data,,{},82.0,Library of spatial analysis functions.,14,False,pysal,conda-forge/pysal,,,,1874.0,1874.0,https://pypi.org/project/pysal,117390.0,131935.0,https://anaconda.org/conda-forge/pysal,2020-07-30 10:24:56.727,2026-08-01 14:34:03.251,2026-08-01 14:34:03.251000,1076344.0,25.0,,,,,,3.0,,,,,,,,,,,
153,Keras Tuner,keras-team/keras-tuner,hyperopt,,{},61.0,Hypertuner for Keras.,14,False,keras-tuner,conda-forge/keras-tuner,,,['tensorflow'],6283.0,6283.0,https://pypi.org/project/keras-tuner,152157.0,153521.0,https://anaconda.org/conda-forge/keras-tuner,2021-08-02 13:21:10.519,2025-12-30 15:56:03.681,2025-12-30 15:56:03.681000,83210.0,16.0,,,,,,1.0,,,,,,,,,,,
154,PyCaret,pycaret/pycaret,hyperopt,,{},144.0,"PyCaret - An open source, low-code machine learning library in Python.",14,False,pycaret,conda-forge/pycaret,,,,7966.0,7966.0,https://pypi.org/project/pycaret,375362.0,376713.0,https://anaconda.org/conda-forge/pycaret,2020-08-12 05:38:21.683,2025-04-22 14:57:34.170,2025-04-22 14:57:34.170000,98686.0,19.0,,,,,,1.0,,,,,,,,,,,
155,Ax,facebook/Ax,hyperopt,,{},218.0,Adaptive Experimentation.,14,False,ax-platform,conda-forge/ax-platform,,,['pytorch'],1342.0,1342.0,https://pypi.org/project/ax-platform,183937.0,185101.0,https://anaconda.org/conda-forge/ax-platform,2021-06-22 17:59:01.165,2026-06-17 01:27:01.329,2026-06-17 01:27:01.329000,73379.0,29.0,,,,,,1.0,,,,,,,,,,,
156,nevergrad,facebookresearch/nevergrad,hyperopt,,{},59.0,A Python toolbox for performing gradient-free optimization.,14,False,nevergrad,conda-forge/nevergrad,,,,1256.0,1256.0,https://pypi.org/project/nevergrad,446412.0,447429.0,https://anaconda.org/conda-forge/nevergrad,2020-05-26 12:59:59.482,2025-04-22 14:57:24.222,2025-04-22 14:57:24.222000,77348.0,15.0,,,,,,1.0,,,,,,,,,,,
157,stable-baselines3,DLR-RM/stable-baselines3,reinforcement-learning,,{},174.0,,14,False,stable-baselines3,,,,,10560.0,10560.0,https://pypi.org/project/stable-baselines3,1165364.0,1165364.0,,,,,,,,,,,,1.0,,,,,,,,,,,
158,SDV,sdv-dev/SDV,tabular,,{},51.0,"Synthetic Data Generation for tabular, relational and time series data.",14,False,sdv,conda-forge/sdv,,,,915.0,915.0,https://pypi.org/project/sdv,83492.0,85374.0,https://anaconda.org/conda-forge/sdv,2021-12-01 17:23:52.352,2026-08-31 15:16:11.134,2026-08-31 15:16:11.134000,107285.0,77.0,,,,,,1.0,,,,,,,,,,,
159,Coqui TTS,coqui-ai/TTS,audio,,{},166.0,Deep learning for Text to Speech by Coqui.,14,False,tts,conda-forge/tts,,,"['pytorch', 'tensorflow']",3805.0,3805.0,https://pypi.org/project/tts,87128.0,87791.0,https://anaconda.org/conda-forge/tts,2021-10-18 17:44:58.974,2025-04-22 14:58:02.848,2025-04-22 14:58:02.848000,39163.0,4.0,,,,,,1.0,,,,,,,,,,,
160,speechbrain,speechbrain/speechbrain,audio,,{},283.0,,14,False,speechbrain,,,,['pytorch'],4403.0,4403.0,https://pypi.org/project/speechbrain,1331781.0,1331781.0,,,,,,,,,,,,1.0,,,,,,,,,,,
161,huggingface_hub,huggingface/huggingface_hub,model-serialisation,,{},367.0,"Client library to download and publish models, datasets and other repos on the huggingface.co hub.",14,False,huggingface_hub,conda-forge/huggingface_hub,,,,,,https://pypi.org/project/huggingface_hub,441219896.0,441326606.0,https://anaconda.org/conda-forge/huggingface_hub,2021-02-12 21:11:22.751,2026-09-03 13:39:01.061,2026-09-03 13:39:01.061000,7149616.0,172.0,,,,,,2.0,,,,,,,,,,,
162,gpustat,wookayin/gpustat,gpu-utilities,,{},17.0,A simple command-line utility for querying and monitoring GPU status.,14,False,gpustat,conda-forge/gpustat,,,,8236.0,8236.0,https://pypi.org/project/gpustat,1297061.0,1301997.0,https://anaconda.org/conda-forge/gpustat,2020-11-24 19:59:02.801,2025-04-22 14:57:03.401,2025-04-22 14:57:03.401000,345560.0,5.0,,,,,,2.0,,,,,,,,,,,
163,PyCUDA,inducer/pycuda,gpu-utilities,,{},84.0,Python wrapper for CUDA.,14,False,pycuda,conda-forge/pycuda,,,,4137.0,4137.0,https://pypi.org/project/pycuda,88607.0,110667.0,https://anaconda.org/conda-forge/pycuda,2021-03-24 21:15:24.222,2025-10-27 15:24:05.554,2025-10-27 15:24:05.554000,1455968.0,9.0,,,,,,2.0,,,,,,,,,6.0,,
164,emcee,dfm/emcee,probabilistics,,{},78.0,The Python ensemble sampling toolkit for MCMC.,14,False,emcee,conda-forge/emcee,,,,3453.0,3453.0,https://pypi.org/project/emcee,1206327.0,1219641.0,https://anaconda.org/conda-forge/emcee,2021-06-27 13:53:55.745,2025-04-22 14:56:23.732,2025-04-22 14:56:23.732000,838841.0,12.0,,,,,,2.0,,,,,,,,,,,
165,PyStan,stan-dev/pystan,probabilistics,,{},14.0,"Python interface to Stan, a package for Bayesian inference.",14,False,pystan,conda-forge/pystan,,,,10632.0,10632.0,https://pypi.org/project/pystan,1107552.0,1157014.0,https://anaconda.org/conda-forge/pystan,2020-08-25 22:10:44.292,2025-04-22 14:56:33.006,2025-04-22 14:56:33.006000,3610737.0,13.0,,,,,,2.0,,,,,,,,,,,
166,SALib,SALib/SALib,probabilistics,,{},58.0,Sensitivity Analysis Library.,14,False,salib,conda-forge/salib,,,,1797.0,1797.0,https://pypi.org/project/salib,552467.0,560145.0,https://anaconda.org/conda-forge/salib,2020-10-24 17:04:38.048,2025-10-12 03:01:28.233,2025-10-12 03:01:28.233000,545173.0,16.0,,,,,,2.0,,,,,,,,,5.0,,
167,pingouin,raphaelvallat/pingouin,probabilistics,,{},50.0,Pingouin is an open-source statistical package written in Python 3 and based mostly on Pandas and NumPy.,14,False,pingouin,conda-forge/pingouin,,,,3586.0,3586.0,https://pypi.org/project/pingouin,559640.0,562836.0,https://anaconda.org/conda-forge/pingouin,2020-06-15 06:04:02.429,2026-03-28 17:04:20.161,2026-03-28 17:04:20.161000,239725.0,30.0,,,,,,2.0,,,,,,,,,,,
168,PML,KevinMusgrave/pytorch-metric-learning,pytorch-utils,,{},45.0,"The easiest way to use deep metric learning in your application. Modular, flexible, and extensible. Written in PyTorch.",14,False,pytorch-metric-learning,metric-learning/pytorch-metric-learning,,,['pytorch'],3272.0,3272.0,https://pypi.org/project/pytorch-metric-learning,2830357.0,2830530.0,https://anaconda.org/metric-learning/pytorch-metric-learning,2020-01-15 21:48:23.571,2025-03-25 16:28:35.582,2025-03-25 16:28:35.582000,13897.0,54.0,,,,,,2.0,,,,,,,,,,,
169,scikit-survival,sebp/scikit-survival,sklearn-utils,,{},26.0,Survival analysis built on top of scikit-learn.,14,False,scikit-survival,conda-forge/scikit-survival,,,['sklearn'],1033.0,1033.0,https://pypi.org/project/scikit-survival,222989.0,229843.0,https://anaconda.org/conda-forge/scikit-survival,2021-11-09 12:11:50.632,2026-07-05 12:16:19.854,2026-07-05 12:16:19.854000,397569.0,19.0,,,,,,2.0,,,,,,,,,,,
170,Feature Engine,feature-engine/feature_engine,others,,{},69.0,Feature engineering and selection package with Scikit-learns fit and transform functionality.,14,False,feature_engine,conda-forge/feature_engine,,,,3929.0,3929.0,https://pypi.org/project/feature_engine,260847.0,262201.0,https://anaconda.org/conda-forge/feature_engine,2020-08-06 19:43:35.639,2026-02-28 00:54:25.851,2026-02-28 00:54:25.851000,98882.0,26.0,,,,,,1.0,,,,,,,,,,,
171,PennyLane,PennyLaneAI/PennyLane,others,,{},229.0,PennyLane is a Python quantum machine learning library by Xanadu Inc.,14,False,pennylane,conda-forge/pennylane,,,,2182.0,2182.0,https://pypi.org/project/pennylane,273260.0,281077.0,https://anaconda.org/conda-forge/pennylane,2021-11-24 17:17:59.313,2025-04-22 14:58:05.852,2025-04-22 14:58:05.852000,453431.0,19.0,,,,,,1.0,,,,,,,,,,,
172,kmodes,nicodv/kmodes,others,,{},22.0,Python implementations of the k-modes and k-prototypes clustering algorithms for clustering categorical data.,14,False,kmodes,conda-forge/kmodes,,,,3214.0,3214.0,https://pypi.org/project/kmodes,467218.0,468411.0,https://anaconda.org/conda-forge/kmodes,2020-04-04 05:32:53.353,2025-04-22 14:57:23.933,2025-04-22 14:57:23.933000,91901.0,6.0,,,,,,1.0,,,,,,,,,,,
173,pyjanitor,pyjanitor-devs/pyjanitor,others,,{},128.0,Tools for cleaning pandas DataFrames.,14,False,pyjanitor,conda-forge/pyjanitor,,,,1021.0,1021.0,https://pypi.org/project/pyjanitor,251493.0,256893.0,https://anaconda.org/conda-forge/pyjanitor,2020-05-18 15:23:06.586,2026-09-03 18:18:16.216,2026-09-03 18:18:16.216000,410412.0,82.0,,,,,,1.0,,,,,,,,,,,
174,Datasette,simonw/datasette,others,,{},95.0,An open source multi-tool for exploring and publishing data.,14,False,datasette,conda-forge/datasette,,,,1826.0,1826.0,https://pypi.org/project/datasette,188850.0,190292.0,https://anaconda.org/conda-forge/datasette,2021-04-21 16:46:59.352,2026-08-09 22:33:07.062,2026-08-09 22:33:07.062000,93775.0,33.0,,,,,,1.0,,,,,,datasette,,,,,
175,AutoGluon,autogluon/autogluon,hyperopt,,{},166.0,"AutoGluon: AutoML for Text, Image, and Tabular Data.",13,False,autogluon,,autogluon/autogluon,https://auto.gluon.ai,"['pytorch', 'sklearn']",1300.0,1300.0,https://pypi.org/project/autogluon,880192.0,880192.0,,,,2025-06-16 23:01:47.182920,,,https://hub.docker.com/r/autogluon/autogluon,2025-06-16 23:01:47.182920,20.0,20.0,26169.0,2.0,,,,,,,,,,,
176,skorch,skorch-dev/skorch,ml-frameworks,,{},75.0,A scikit-learn compatible neural network library that wraps pytorch.,13,False,skorch,conda-forge/skorch,,,"['pytorch', 'sklearn']",1817.0,1817.0,https://pypi.org/project/skorch,110474.0,122269.0,https://anaconda.org/conda-forge/skorch,2020-09-19 04:12:05.913,2026-05-20 05:57:04.606,2026-05-20 05:57:04.606000,849268.0,18.0,,,,,,3.0,,,,,,,,,,,
177,textacy,chartbeat-labs/textacy,nlp,,{},35.0,"NLP, before and after spaCy.",13,False,textacy,conda-forge/textacy,,,,2090.0,2090.0,https://pypi.org/project/textacy,97952.0,100712.0,https://anaconda.org/conda-forge/textacy,2017-05-12 21:55:59.675,2025-04-22 14:56:36.813,2025-04-22 14:56:36.813000,309210.0,12.0,,,,,,2.0,,,,,,,,,,,
178,nlpaug,makcedward/nlpaug,nlp,,{},34.0,Natrual language processing data Augmentation library.,13,False,nlpaug,conda-forge/nlpaug,,,,1898.0,1898.0,https://pypi.org/project/nlpaug,166071.0,166979.0,https://anaconda.org/conda-forge/nlpaug,2021-06-28 02:58:38.053,2025-04-22 14:57:56.135,2025-04-22 14:57:56.135000,57260.0,7.0,,,,,,2.0,,,,,,,,,,,
179,spacy-transformers,explosion/spacy-transformers,nlp,,{},24.0,"Use pretrained transformers like BERT, XLNet and GPT-2 in spaCy.",13,False,spacy-transformers,conda-forge/spacy-transformers,,,['spacy'],2428.0,2428.0,https://pypi.org/project/spacy-transformers,271533.0,274822.0,https://anaconda.org/conda-forge/spacy-transformers,2021-11-18 17:41:04.018,2026-03-24 13:10:30.640,2026-03-24 13:10:30.640000,190810.0,22.0,,,,,,2.0,,,,,,,,,,,
180,haystack,deepset-ai/haystack,agents,,{},440.0,,13,False,haystack-ai,,,,,1833.0,1833.0,https://pypi.org/project/haystack-ai,760882.0,760882.0,,,,,,,,,,,,3.0,,,,,,,,,,,
181,agno,agno-agi/agno,agents,,{},552.0,,13,False,agno,,,,,3129.0,3129.0,https://pypi.org/project/agno,2147957.0,2147957.0,,,,,,,,,,,,3.0,,,,,,,,,,,
182,mahotas,luispedro/mahotas,image,,{},35.0,Mahotas: Computer Vision Library.,13,False,mahotas,conda-forge/mahotas,,,,1592.0,1592.0,https://pypi.org/project/mahotas,57518.0,75387.0,https://anaconda.org/conda-forge/mahotas,2020-06-12 13:41:17.109,2025-10-21 21:07:30.102,2025-10-21 21:07:30.102000,1340197.0,14.0,,,,,,2.0,,,,,,,,,,,
183,detectron2,facebookresearch/detectron2,image,,{},287.0,Detectron2 is FAIRs next-generation platform for object detection and segmentation.,13,False,detectron2,conda-forge/detectron2,,,['pytorch'],2647.0,2647.0,https://pypi.org/project/detectron2,,15236.0,https://anaconda.org/conda-forge/detectron2,2020-07-09 13:12:53.248,2026-06-18 17:18:26.312,2026-06-18 17:18:26.312000,1127517.0,9.0,,,,,,2.0,,,,,,,,,,,
184,MMDetection,open-mmlab/mmdetection,image,,{},453.0,,13,False,mmdet,,,,['pytorch'],4139.0,4139.0,https://pypi.org/project/mmdet,331507.0,331507.0,,,,,,,,,,,,2.0,,,,,,,,,,,
185,Face Recognition,ageitgey/face_recognition,image,,{},55.0,Recognize faces from Python or from the command line.,13,False,face_recognition,conda-forge/face_recognition,,,['pytorch'],5677.0,5677.0,https://pypi.org/project/face_recognition,162509.0,163143.0,https://anaconda.org/conda-forge/face_recognition,2020-09-14 16:50:56.246,2025-04-22 14:57:35.730,2025-04-22 14:57:35.730000,45685.0,1.0,,,,,,2.0,,,,,,,,,,,
186,InsightFace,deepinsight/insightface,image,,{},67.0,,13,False,insightface,,,,['mxnet'],5341.0,5341.0,https://pypi.org/project/insightface,1032857.0,1032857.0,,,,,,,,,,,,2.0,,,,,,,,,,,
187,D-Tale,man-group/dtale,data-viz,,{},33.0,D-Tale is the combination of a Flask back-end and a React front-end to bring you an easy way to view & analyze Pandas..,13,False,dtale,conda-forge/dtale,,,"['pandas', 'jupyter']",1539.0,1539.0,https://pypi.org/project/dtale,45168.0,53096.0,https://anaconda.org/conda-forge/dtale,2020-05-31 14:48:59.449,2026-04-01 13:43:46.846,2026-04-01 13:43:46.846000,602585.0,160.0,,,,,,2.0,LGPL-2.1,,,,,,,,,,
188,pyvis,WestHealth/pyvis,data-viz,,{},32.0,,13,False,pyvis,,,,,12701.0,12701.0,https://pypi.org/project/pyvis,2009794.0,2009794.0,,,,,,,,,,,,2.0,,,,,,,,,,,
189,Perspective,finos/perspective,data-viz,,{},104.0,Streaming pivot visualization via WebAssembly.,13,False,perspective-python,conda-forge/perspective,,,['jupyter'],216.0,216.0,https://pypi.org/project/perspective-python,39949.0,81446.0,https://anaconda.org/conda-forge/perspective,2020-06-07 15:10:08.248,2026-09-01 16:35:34.330,2026-09-01 16:35:34.330000,3076088.0,91.0,,,,,,2.0,,@finos/perspective-jupyterlab,https://www.npmjs.com/package/@finos/perspective-jupyterlab,483.0,,,,,,,
190,pyecharts,pyecharts/pyecharts,data-viz,,{},45.0,,13,False,pyecharts,,,https://github.com/pyecharts/pyecharts/blob/master/README.en.md,['jupyter'],5701.0,5701.0,https://pypi.org/project/pyecharts,980358.0,980358.0,,,,,,,,,,,,2.0,,,,,,,,,,,
191,scikit-plot,reiinakano/scikit-plot,interpretability,,{},13.0,An intuitive library to add plotting functionality to scikit-learn objects.,13,False,scikit-plot,conda-forge/scikit-plot,,,['sklearn'],6606.0,6606.0,https://pypi.org/project/scikit-plot,381784.0,387072.0,https://anaconda.org/conda-forge/scikit-plot,2017-07-28 13:12:37.676,2025-04-22 14:56:38.875,2025-04-22 14:56:38.875000,581754.0,6.0,,,,,,2.0,,,,,,,,,,,
192,dgl,dmlc/dgl,graph,,{},298.0,,13,False,dgl,,,,,4268.0,4268.0,https://pypi.org/project/dgl,123472.0,123472.0,,,,,,,,,,,,2.0,,,,,,,,,,,
193,ogb,snap-stanford/ogb,graph,,{},32.0,Open Graph Benchmark.,13,False,ogb,conda-forge/ogb,,,,2800.0,2800.0,https://pypi.org/project/ogb,81870.0,82983.0,https://anaconda.org/conda-forge/ogb,2020-09-02 17:22:47.382,2025-04-22 14:57:35.121,2025-04-22 14:57:35.121000,80183.0,11.0,,,,,,2.0,,,,,,,,,,,
194,scikit-optimize,scikit-optimize/scikit-optimize,hyperopt,,{},76.0,Sequential model-based optimization toolbox.,13,False,scikit-optimize,conda-forge/scikit-optimize,,,,9125.0,9125.0,https://pypi.org/project/scikit-optimize,,13258.0,https://anaconda.org/conda-forge/scikit-optimize,2020-08-07 15:12:33.756,2025-07-26 15:19:34.264,2025-07-26 15:19:34.264000,967874.0,14.0,,,,,,2.0,,,,,,,,,,,
195,Bayesian Optimization,fmfn/BayesianOptimization,hyperopt,,{},58.0,,13,False,bayesian-optimization,,,,,4244.0,4244.0,https://pypi.org/project/bayesian-optimization,707145.0,707145.0,,,,,,,,,,,,2.0,,,,,,,,,,,
196,featuretools,alteryx/featuretools,hyperopt,,{},75.0,a framework for automated feature engineering.,13,False,featuretools,conda-forge/featuretools,,,,2170.0,2170.0,https://pypi.org/project/featuretools,119118.0,123387.0,https://anaconda.org/conda-forge/featuretools,2020-06-04 23:17:05.307,2025-04-22 14:56:57.460,2025-04-22 14:56:57.460000,320242.0,77.0,,,,,,2.0,,,,,,,,,,,
197,aim,aimhubio/aim,ml-experiments,,{},82.0,"A super-easy way to record, search and compare 1000s of ML training runs.",13,False,aim,conda-forge/aim,,,,1239.0,1239.0,https://pypi.org/project/aim,96313.0,99344.0,https://anaconda.org/conda-forge/aim,2021-07-07 13:38:09.942,2026-02-02 15:43:00.878,2026-02-02 15:43:00.878000,187953.0,12.0,,,,,,2.0,,,,,,,,,,,
198,pyRiemann,pyRiemann/pyRiemann,ml-frameworks,,{},45.0,Biosignals classification with Riemannian Geometry.,13,False,pyriemann,conda-forge/pyriemann,,https://pyriemann.readthedocs.io/en/latest/,['sklearn'],517.0,517.0,https://pypi.org/project/pyriemann,62327.0,62827.0,https://anaconda.org/conda-forge/pyriemann,2022-06-08 12:07:57.776,2026-07-21 00:00:13.884,2026-07-21 00:00:13.884000,25546.0,11.0,,,,,,3.0,,,,,,,,,,,
199,dask-ml,dask/dask-ml,distributed-ml,,{},82.0,Distributed and parallel machine learning using dask.,13,False,dask-ml,conda-forge/dask-ml,,,,1356.0,1356.0,https://pypi.org/project/dask-ml,65891.0,83817.0,https://anaconda.org/conda-forge/dask-ml,2020-05-26 20:29:09.888,2025-04-22 14:56:42.913,2025-04-22 14:56:42.913000,1362384.0,31.0,,,,,,2.0,,,,,,,,,,,
200,DEAP,deap/deap,distributed-ml,,{},93.0,Distributed Evolutionary Algorithms in Python.,13,False,deap,conda-forge/deap,,,,7096.0,7096.0,https://pypi.org/project/deap,,11322.0,https://anaconda.org/conda-forge/deap,2020-10-12 23:47:32.551,2026-05-06 22:52:09.525,2026-05-06 22:52:09.525000,803872.0,9.0,,,,,,2.0,,,,,,,,,,,
201,tslearn,tslearn-team/tslearn,time-series-data,,{},55.0,A machine learning toolkit dedicated to time-series data.,13,False,tslearn,conda-forge/tslearn,,,['sklearn'],2013.0,2013.0,https://pypi.org/project/tslearn,,27652.0,https://anaconda.org/conda-forge/tslearn,2020-06-15 20:45:09.304,2026-07-03 08:42:17.384,2026-07-03 08:42:17.384000,2073960.0,30.0,,,,,,2.0,,,,,,,,,,,
202,implicit,benfred/implicit,recommender-systems,,{},37.0,Fast Python Collaborative Filtering for Implicit Datasets.,13,False,implicit,conda-forge/implicit,,,,2026.0,2026.0,https://pypi.org/project/implicit,302897.0,331821.0,https://anaconda.org/conda-forge/implicit,2020-09-15 03:41:22.783,2026-05-14 22:07:46.291,2026-05-14 22:07:46.291000,2082551.0,18.0,,,,,,1.0,,,,,,,,,,,
203,tinytag,devsnd/tinytag,audio,,{},28.0,,13,False,tinytag,,,,,2027.0,2027.0,https://pypi.org/project/tinytag,4818211.0,4818211.0,,,,,,,,,,,,2.0,,,,,,,,,,,
204,Apex,NVIDIA/apex,gpu-utilities,,{},140.0,a Pytorch extension with NVIDIA-maintained utilities to streamline mixed precision and distributed training.,13,False,,conda-forge/nvidia-apex,,,['pytorch'],3372.0,3372.0,,,11003.0,https://anaconda.org/conda-forge/nvidia-apex,2020-10-08 01:21:09.615,2026-09-02 03:40:14.070,2026-09-02 03:40:14.070000,781227.0,5.0,,,,,,2.0,,,,,,,,,,,
205,bambi,bambinos/bambi,probabilistics,,{},55.0,BAyesian Model Building Interface in Python.,13,False,bambi,conda-forge/bambi,,,,256.0,256.0,https://pypi.org/project/bambi,81849.0,82956.0,https://anaconda.org/conda-forge/bambi,2020-12-17 13:09:13.632,2026-08-10 16:11:42.596,2026-08-10 16:11:42.596000,76440.0,25.0,,,,,,3.0,,,,,,,,,,,
206,pgmpy,pgmpy/pgmpy,probabilistics,,{},240.0,,13,False,pgmpy,,,,,1811.0,1811.0,https://pypi.org/project/pgmpy,653559.0,653559.0,,,,,,,,,,,,3.0,,,,,,,,,,,
207,scikit-posthocs,maximtrp/scikit-posthocs,probabilistics,,{},19.0,Statistical post-hoc analysis and outlier detection algorithms.,13,False,scikit-posthocs,conda-forge/scikit-posthocs,,,['sklearn'],1291.0,1291.0,https://pypi.org/project/scikit-posthocs,140871.0,157873.0,https://anaconda.org/conda-forge/scikit-posthocs,2020-10-13 01:11:10.773,2026-08-29 16:27:42.650,2026-08-29 16:27:42.650000,1207183.0,17.0,,,,,,3.0,,,,,,,,,,,
208,torchinfo,TylerYep/torchinfo,pytorch-utils,,{},29.0,,13,False,torchinfo,,,,['pytorch'],8265.0,8265.0,https://pypi.org/project/torchinfo,552231.0,552231.0,,,,,,,,,,,,2.0,,,,,,,,,,,
209,Prince,MaxHalford/prince,sklearn-utils,,{},21.0,Statistical factor analysis in Python.,13,False,prince,conda-forge/prince-factor-analysis,,,['sklearn'],799.0,799.0,https://pypi.org/project/prince,173972.0,174467.0,https://anaconda.org/conda-forge/prince-factor-analysis,2020-10-06 17:12:24.107,2026-08-31 15:09:04.473,2026-08-31 15:09:04.473000,35209.0,9.0,,,,,,2.0,,,,,,,,,,,
210,tensorly,tensorly/tensorly,others,,{},80.0,Tensor learning in Python.,13,False,tensorly,conda-forge/tensorly,,,,1242.0,1242.0,https://pypi.org/project/tensorly,79980.0,85699.0,https://anaconda.org/conda-forge/tensorly,2020-10-20 14:38:35.389,2025-04-22 14:56:50.737,2025-04-22 14:56:50.737000,406067.0,9.0,,,,,,2.0,,,,,,,,,,,
211,Sonnet,deepmind/sonnet,ml-frameworks,,{},63.0,Multi-language spell checker.,12,False,dm-sonnet,conda-forge/sonnet,,,['tensorflow'],1585.0,1585.0,https://pypi.org/project/dm-sonnet,17831.0,18529.0,https://anaconda.org/conda-forge/sonnet,2019-11-20 21:03:41.099,2025-04-22 14:57:17.453,2025-04-22 14:57:17.453000,57290.0,13.0,,,,,,3.0,,,,,,,,,,,
212,ngboost,stanfordmlgroup/ngboost,ml-frameworks,,{},63.0,Natural Gradient Boosting for Probabilistic Prediction.,12,False,ngboost,conda-forge/ngboost,,,,310.0,310.0,https://pypi.org/project/ngboost,171474.0,172889.0,https://anaconda.org/conda-forge/ngboost,2020-07-18 02:10:27.277,2026-06-26 06:33:29.103,2026-06-26 06:33:29.103000,104773.0,34.0,,,,,,3.0,,,,,,,,,,,
213,flashtext,vi3k6i5/flashtext,nlp,,{},7.0,This module can be used to replace keywords in sentences or extract keywords from sentences. It is based on the..,12,False,flashtext,conda-forge/flashtext,,,,2116.0,2116.0,https://pypi.org/project/flashtext,2424498.0,2424838.0,https://anaconda.org/conda-forge/flashtext,2020-07-16 16:37:57.409,2025-04-22 14:57:29.789,2025-04-22 14:57:29.789000,25186.0,1.0,,,,,,2.0,,,,,,,,,,,
214,ag2,ag2ai/ag2,agents,,{},505.0,,12,False,ag2,,,,,1005.0,1005.0,https://pypi.org/project/ag2,319966.0,319966.0,,,,,,,,,,,,3.0,,,,,,,,,,,
215,deepface,serengil/deepface,image,,{},102.0,,12,False,deepface,,,,,8735.0,8735.0,https://pypi.org/project/deepface,374137.0,374137.0,,,,,,,,,,,,2.0,,,,,,,,,,,
216,PyTorch3D,facebookresearch/pytorch3d,image,,{},186.0,3d Geometry for pytorch.,12,False,pytorch3d,pytorch3d/pytorch3d,,,['pytorch'],1389.0,1389.0,https://pypi.org/project/pytorch3d,,5315.0,https://anaconda.org/pytorch3d/pytorch3d,2019-11-19 20:10:38.667,2025-03-25 16:29:23.925,2025-03-25 16:29:23.925000,435859.0,18.0,,,,,,2.0,,,,,,,,,,,
217,Plotly-Resampler,predict-idlab/plotly-resampler,data-viz,,{},14.0,Visualizing large time series with plotly.,12,False,plotly-resampler,conda-forge/plotly-resampler,,,,2102.0,2102.0,https://pypi.org/project/plotly-resampler,426536.0,429918.0,https://anaconda.org/conda-forge/plotly-resampler,2022-01-13 19:12:38.352,2025-10-09 21:44:53.402,2025-10-09 21:44:53.402000,189431.0,23.0,,,,,,3.0,,,,,,,,,,,
218,FiftyOne,voxel51/fiftyone,data-viz,,{},205.0,"Visualize, create, and debug image and video datasets and model predictions.",12,False,fiftyone,,,,"['tensorflow', 'pytorch', 'jupyter']",1099.0,1099.0,https://pypi.org/project/fiftyone,157962.0,157962.0,,,,,,,,,,,,3.0,,,,,,,,,,,
219,wordcloud,amueller/word_cloud,data-viz,,{},76.0,A little word cloud generator in Python.,12,False,wordcloud,conda-forge/wordcloud,,,,24.0,24.0,https://pypi.org/project/wordcloud,1889076.0,1904620.0,https://anaconda.org/conda-forge/wordcloud,2020-07-07 12:57:01.655,2026-08-09 16:35:22.475,2026-08-09 16:35:22.475000,1150305.0,15.0,,,,,,3.0,,,,,,,,,,,
220,ydata-profiling,ydataai/ydata-profiling,data-viz,,{},142.0,Generate profile report for pandas DataFrame.,12,False,ydata-profiling,conda-forge/ydata-profiling,,,"['jupyter', 'pandas']",20.0,20.0,https://pypi.org/project/ydata-profiling,1358022.0,1360610.0,https://anaconda.org/conda-forge/ydata-profiling,2023-02-27 12:22:21.195,2026-07-03 11:16:07.164,2026-07-03 11:16:07.164000,111297.0,34.0,,,,,,3.0,,,,,,,,,,,
221,openTSNE,pavlin-policar/openTSNE,data-viz,,{},15.0,"Extensible, parallel implementations of t-SNE.",12,False,opentsne,conda-forge/opentsne,,,,1147.0,1147.0,https://pypi.org/project/opentsne,127067.0,135840.0,https://anaconda.org/conda-forge/opentsne,2020-08-04 09:05:14.594,2026-01-16 07:03:04.711,2026-01-16 07:03:04.711000,640469.0,24.0,,,,,,3.0,,,,,,,,,,,
222,DoWhy,py-why/dowhy,interpretability,,{},117.0,DoWhy is a Python library for causal inference that supports explicit modeling and testing of causal assumptions.,12,False,dowhy,conda-forge/dowhy,,,,770.0,770.0,https://pypi.org/project/dowhy,207400.0,208265.0,https://anaconda.org/conda-forge/dowhy,2020-11-22 07:16:29.903,2025-07-13 12:15:04.418,2025-07-13 12:15:04.418000,60590.0,12.0,,,,,,2.0,,,,,,,,,,,
223,Satpy,pytroll/satpy,geospatial-data,,{},194.0,Meteorological processing package.,12,False,satpy,conda-forge/satpy,,,,213.0,213.0,https://pypi.org/project/satpy,38511.0,45231.0,https://anaconda.org/conda-forge/satpy,2020-06-10 19:56:45.218,2026-03-05 18:39:22.244,2026-03-05 18:39:22.244000,504045.0,76.0,,,,,,3.0,,,,,,,,,,,
224,pymap3d,geospace-code/pymap3d,geospatial-data,,{},19.0,Pure Python 3-D geographic coordinate conversions and geodesy.,12,False,pymap3d,conda-forge/pymap3d,,,,590.0,590.0,https://pypi.org/project/pymap3d,906619.0,908652.0,https://anaconda.org/conda-forge/pymap3d,2020-09-24 05:54:03.868,2025-07-08 12:06:19.595,2025-07-08 12:06:19.595000,146400.0,19.0,,,,,,3.0,,,,,,,,,,,
225,empyrical,quantopian/empyrical,financial-data,,{},23.0,Common financial risk metrics.,12,False,empyrical,conda-forge/empyrical,,,,1825.0,1825.0,https://pypi.org/project/empyrical,26860.0,27443.0,https://anaconda.org/conda-forge/empyrical,2018-02-15 14:11:16.165,2025-04-22 14:56:47.167,2025-04-22 14:56:47.167000,60067.0,4.0,,,,,,2.0,,,,,,,,,,,
226,ffn,pmorissette/ffn,financial-data,,{},48.0,ffn - a financial function library for Python.,12,False,ffn,conda-forge/ffn,,,,631.0,631.0,https://pypi.org/project/ffn,45948.0,46485.0,https://anaconda.org/conda-forge/ffn,2021-04-22 14:02:52.723,2026-09-01 21:41:16.477,2026-09-01 21:41:16.477000,34934.0,12.0,,,,,,2.0,,,,,,,,,,,
227,bt,pmorissette/bt,financial-data,,{},44.0,bt - flexible backtesting for Python.,12,False,bt,conda-forge/bt,,,,1752.0,1752.0,https://pypi.org/project/bt,22500.0,24993.0,https://anaconda.org/conda-forge/bt,2021-04-23 10:15:55.354,2026-04-26 16:07:23.806,2026-04-26 16:07:23.806000,162077.0,9.0,,,,,,2.0,,,,,,,,,,,
228,yfinance,ranaroussi/yfinance,financial-data,,{},185.0,,12,False,yfinance,ranaroussi/yfinance,,,,,,https://pypi.org/project/yfinance,25386582.0,25388179.0,https://anaconda.org/ranaroussi/yfinance,2021-07-03 13:58:30.250,2025-03-25 16:27:42.706,2025-03-25 16:27:42.706000,99036.0,4.0,,,,,,2.0,,,,,,,,,,,
229,Neptune.ai,neptune-ai/neptune-client,ml-experiments,,{},59.0,Neptune Client.,12,False,neptune-client,conda-forge/neptune-client,,,,983.0,983.0,https://pypi.org/project/neptune-client,46668.0,52800.0,https://anaconda.org/conda-forge/neptune-client,2020-05-20 10:42:43.652,2025-04-22 14:57:20.407,2025-04-22 14:57:20.407000,466065.0,132.0,,,,,,2.0,,,,,,,,,,,
230,ClearML,allegroai/clearml,ml-experiments,,{},118.0,Auto-Magical Experiment Manager & Version Control for AI.,12,False,clearml,,allegroai/trains,,,1982.0,1982.0,https://pypi.org/project/clearml,637861.0,637861.0,,,,2020-10-05 10:16:46.865671,,,https://hub.docker.com/r/allegroai/trains,2020-10-05 10:16:46.865671,,,34118.0,2.0,,,,,,,,,,,
231,sacred,IDSIA/sacred,ml-experiments,,{},107.0,Facilitates automated and reproducible experimental research.,12,False,sacred,conda-forge/sacred,,,,3671.0,3671.0,https://pypi.org/project/sacred,30323.0,30535.0,https://anaconda.org/conda-forge/sacred,2021-11-14 09:49:21.832,2025-04-22 14:58:05.313,2025-04-22 14:58:05.313000,12298.0,3.0,,,,,,2.0,,,,,,,,,,,
232,H2O-3,h2oai/h2o-3,distributed-ml,,{},288.0,,12,False,h2o,,,,,100.0,100.0,https://pypi.org/project/h2o,192916.0,192916.0,,,,,,,,,,,,2.0,Apache-2.0,,,,,,,,,,
233,pytorch-forecasting,jdb78/pytorch-forecasting,time-series-data,,{},111.0,Timeseries forecasting with PyTorch.,12,False,pytorch-forecasting,conda-forge/pytorch-forecasting,,,,711.0,711.0,https://pypi.org/project/pytorch-forecasting,278646.0,280138.0,https://anaconda.org/conda-forge/pytorch-forecasting,2020-09-14 11:56:00.946,2026-06-25 08:25:03.077,2026-06-25 08:25:03.077000,107452.0,32.0,,,,,,2.0,,,,,,,,,,,
234,qdrant,qdrant/qdrant,nn-search,,{},202.0,,12,False,qdrant-client,,,,,117.0,117.0,https://pypi.org/project/qdrant-client,16372923.0,16372923.0,,,,,,,,,,,,3.0,,,,,,,,,,,
235,lightfm,lyst/lightfm,recommender-systems,,{},47.0,"A Python implementation of LightFM, a hybrid recommendation algorithm.",12,False,lightfm,conda-forge/lightfm,,,,1948.0,1948.0,https://pypi.org/project/lightfm,43262.0,47888.0,https://anaconda.org/conda-forge/lightfm,2018-01-05 14:24:50.552,2025-04-22 14:56:45.003,2025-04-22 14:56:45.003000,481165.0,4.0,,,,,,1.0,,,,,,,,,,,
236,Cornac,PreferredAI/cornac,recommender-systems,,{},31.0,A Comparative Framework for Multimodal Recommender Systems.,12,False,cornac,conda-forge/cornac,,,,306.0,306.0,https://pypi.org/project/cornac,,15207.0,https://anaconda.org/conda-forge/cornac,2020-06-06 08:50:52.981,2026-08-28 03:39:40.507,2026-08-28 03:39:40.507000,1140565.0,59.0,,,,,,1.0,,,,,,,,,,,
237,SpeechRecognition,Uberi/speech_recognition,audio,,{},62.0,"Library for performing speech recognition, with support for several engines and APIs, online and offline.",12,False,SpeechRecognition,conda-forge/speechrecognition,,,,24.0,24.0,https://pypi.org/project/SpeechRecognition,8303970.0,8312564.0,https://anaconda.org/conda-forge/speechrecognition,2020-08-20 04:16:29.624,2026-06-17 03:46:16.860,2026-06-17 03:46:16.860000,627396.0,27.0,,,,,,2.0,,,,,,,,,,,
238,spleeter,deezer/spleeter,audio,,{},22.0,The Deezer source separation library with pretrained models based on tensorflow.,12,False,spleeter,conda-forge/spleeter,,,['tensorflow'],1099.0,1099.0,https://pypi.org/project/spleeter,16495.0,18167.0,https://anaconda.org/conda-forge/spleeter,2019-11-08 20:02:52.483,2025-04-22 14:57:16.666,2025-04-22 14:57:16.666000,137131.0,10.0,,,,,,2.0,,,,,,,,,,,
239,BentoML,bentoml/BentoML,model-serialisation,,{},238.0,,12,False,bentoml,,,,,2873.0,2873.0,https://pypi.org/project/bentoml,232130.0,232130.0,,,,,,,,,,,,3.0,,,,,,,,,,,
240,equinox,patrick-kidger/equinox,jax-utils,,{},101.0,,12,False,equinox,,,,['jax'],1970.0,1970.0,https://pypi.org/project/equinox,998347.0,998347.0,,,,,,,,,,,,1.0,,,,,,,,,,,
241,scikit-lego,koaning/scikit-lego,sklearn-utils,,{},74.0,missing blocks for sklearn pipelines.,12,False,scikit-lego,conda-forge/scikit-lego,,,['sklearn'],192.0,192.0,https://pypi.org/project/scikit-lego,64576.0,65767.0,https://anaconda.org/conda-forge/scikit-lego,2020-05-26 10:44:57.130,2025-04-22 14:57:15.493,2025-04-22 14:57:15.493000,90561.0,25.0,,,,,,2.0,,,,,,,,,,,
242,metricflow,transform-data/metricflow,others,,{},61.0,,12,False,metricflow,,,,,191.0,191.0,https://pypi.org/project/metricflow,7866147.0,7866147.0,,,,,,,,,,,,2.0,,,,,,,,,,,
243,DeepChem,deepchem/deepchem,others,,{},262.0,"Democratizing Deep-Learning for Drug Discovery, Quantum Chemistry, Materials Science and Biology.",12,False,deepchem,conda-forge/deepchem,,,['tensorflow'],670.0,670.0,https://pypi.org/project/deepchem,36781.0,38458.0,https://anaconda.org/conda-forge/deepchem,2020-06-10 18:42:21.688,2025-04-22 14:57:21.461,2025-04-22 14:57:21.461000,125797.0,7.0,,,,,,2.0,,,,,,,,,,,
244,cleanlab,cleanlab/cleanlab,others,,{},55.0,The standard package for machine learning with noisy labels and finding mislabeled data in Python.,12,False,cleanlab,conda-forge/cleanlab,,,,541.0,541.0,https://pypi.org/project/cleanlab,85066.0,86363.0,https://anaconda.org/conda-forge/cleanlab,2021-04-19 15:02:45.542,2026-01-14 17:49:56.450,2026-01-14 17:49:56.450000,84353.0,19.0,,,,,,2.0,,,,,,,,,,,
245,datalad,datalad/datalad,others,,{},66.0,data distribution geared toward scientific datasets.,12,False,datalad,conda-forge/datalad,,,,588.0,588.0,https://pypi.org/project/datalad,32151.0,48568.0,https://anaconda.org/conda-forge/datalad,2020-06-24 04:55:07.916,2026-08-17 17:33:35.137,2026-08-17 17:33:35.137000,1231346.0,80.0,,,,,,2.0,,,,,,,,,,,
246,spark-nlp,JohnSnowLabs/spark-nlp,nlp,,{},115.0,,11,False,spark-nlp,,,,['spark'],622.0,622.0,https://pypi.org/project/spark-nlp,928876.0,928876.0,,,,,,,,,,,,2.0,,,,,,,,,,,
247,argilla,argilla-io/argilla,nlp,,{},110.0,,11,False,argilla,,,,,3179.0,3179.0,https://pypi.org/project/argilla,97848.0,97848.0,,,,,,,,,,,,2.0,,,,,,,,,,,
248,opik,comet-ml/opik,nlp,,{},153.0,,11,False,opik,,,,,57.0,57.0,https://pypi.org/project/opik,2829406.0,2829406.0,,,,,,,,,,,,2.0,,,,,,,,,,,
249,fastText,facebookresearch/fastText,nlp,,{},68.0,fastText - Library for efficient text classification and representation learning.,11,False,fasttext,conda-forge/fasttext,,,,24.0,24.0,https://pypi.org/project/fasttext,2298024.0,2301022.0,https://anaconda.org/conda-forge/fasttext,2020-09-22 18:15:34.037,2025-11-05 20:00:51.025,2025-11-05 20:00:51.025000,215925.0,3.0,,,,,,2.0,,,,,,,,,,,
250,fairseq,facebookresearch/fairseq,nlp,,{},433.0,Facebook AI Research Sequence-to-Sequence Toolkit.,11,False,fairseq,conda-forge/fairseq,,,['pytorch'],24.0,24.0,https://pypi.org/project/fairseq,47227.0,50170.0,https://anaconda.org/conda-forge/fairseq,2020-07-24 16:44:47.386,2026-08-18 00:26:45.420,2026-08-18 00:26:45.420000,217790.0,4.0,,,,,,2.0,,,,,,,,,,,
251,Dedupe,dedupeio/dedupe,nlp,,{},72.0,A python library for accurate and scaleable data deduplication and entity-resolution.,11,False,dedupe,conda-forge/dedupe,,,,385.0,385.0,https://pypi.org/project/dedupe,46117.0,49087.0,https://anaconda.org/conda-forge/dedupe,2021-12-08 17:23:58.376,2025-04-22 14:58:06.931,2025-04-22 14:58:06.931000,169339.0,12.0,,,,,,2.0,,,,,,,,,,,
252,Albumentations,albumentations-team/albumentations,image,,{},172.0,Fast image augmentation library and easy to use wrapper around other libraries.,11,False,albumentations,conda-forge/albumentations,,,['pytorch'],,,https://pypi.org/project/albumentations,4347574.0,4353236.0,https://anaconda.org/conda-forge/albumentations,2020-07-10 06:51:58.141,2025-05-28 13:47:29.423,2025-05-28 13:47:29.423000,418992.0,38.0,,,,,,3.0,,,,,,,,,,,
253,doctr,mindee/doctr,image,,{},78.0,,11,False,python-doctr,,,,"['tensorflow', 'pytorch']",1282.0,1282.0,https://pypi.org/project/python-doctr,283937.0,283937.0,,,,,,,,,,,,3.0,,,,,,,,,,,
254,AutoViz,AutoViML/AutoViz,data-viz,,{},17.0,"Automatically Visualize any dataset, any size with a single line of code.",11,False,autoviz,conda-forge/autoviz,,,,904.0,904.0,https://pypi.org/project/autoviz,13660.0,15726.0,https://anaconda.org/conda-forge/autoviz,2021-08-25 18:46:27.137,2025-04-22 14:57:59.344,2025-04-22 14:57:59.344000,126029.0,46.0,,,,,,3.0,,,,,,,,,,,
255,bqplot,bqplot/bqplot,data-viz,,{},71.0,Plotting library for Jupyter.,11,False,bqplot,conda-forge/bqplot,,,['jupyter'],65.0,65.0,https://pypi.org/project/bqplot,300357.0,348777.0,https://anaconda.org/conda-forge/bqplot,2020-05-24 11:30:38.431,2026-05-07 12:02:44.851,2026-05-07 12:02:44.851000,3503706.0,68.0,,,,,,3.0,,bqplot,https://www.npmjs.com/package/bqplot,2319.0,,,,,,,
256,python-ternary,marcharper/python-ternary,data-viz,,{},28.0,Make ternary plots in matplotlib.,11,False,python-ternary,conda-forge/python-ternary,,,,243.0,243.0,https://pypi.org/project/python-ternary,34936.0,40434.0,https://anaconda.org/conda-forge/python-ternary,2021-02-17 20:33:02.087,2025-04-22 14:56:22.353,2025-04-22 14:56:22.353000,368408.0,8.0,,,,,,3.0,,,,,,,,,,,
257,ridgeplot,tpvasconcelos/ridgeplot,data-viz,,{},5.0,Provides a simple interface for plotting beautiful and interactive ridgeline plots within the extensive Plotly..,11,False,ridgeplot,conda-forge/ridgeplot,,,,289.0,289.0,https://pypi.org/project/ridgeplot,96429.0,96699.0,https://anaconda.org/conda-forge/ridgeplot,2024-12-20 08:59:41.148,2026-04-07 18:29:09.233,2026-04-07 18:29:09.233000,5688.0,6.0,,,,,,3.0,,,,,,,,,,,
258,UMAP,lmcinnes/umap,data-viz,,{},149.0,Uniform Manifold Approximation and Projection.,11,False,umap-learn,conda-forge/umap-learn,,,,1.0,1.0,https://pypi.org/project/umap-learn,6356521.0,6409486.0,https://anaconda.org/conda-forge/umap-learn,2020-06-05 04:42:03.905,2026-04-09 00:32:16.119,2026-04-09 00:32:16.119000,3972376.0,31.0,,,,,,3.0,,,,,,,,,,,
259,explainerdashboard,oegedijk/explainerdashboard,interpretability,,{},23.0,explainerdashboard allows you quickly build an interactive dashboard to explain the inner workings of your machine..,11,False,explainerdashboard,conda-forge/explainerdashboard,,,,663.0,663.0,https://pypi.org/project/explainerdashboard,57464.0,58833.0,https://anaconda.org/conda-forge/explainerdashboard,2020-12-01 04:42:10.329,2026-02-09 15:37:35.767,2026-02-09 15:37:35.767000,94467.0,33.0,,,,,,2.0,,,,,,,,,,,
260,InterpretML,interpretml/interpret,interpretability,,{},59.0,,11,False,interpret,,,,['jupyter'],986.0,986.0,https://pypi.org/project/interpret,317112.0,317112.0,,,,,,,,,,,,2.0,,,,,,,,,,,
261,DALEX,ModelOriented/DALEX,interpretability,,{},28.0,Responsible Machine Learning in Python.,11,False,dalex,conda-forge/dalex,,,,241.0,241.0,https://pypi.org/project/dalex,39966.0,40823.0,https://anaconda.org/conda-forge/dalex,2021-01-06 18:42:09.821,2025-04-22 14:57:44.228,2025-04-22 14:57:44.228000,58287.0,7.0,,,,,,2.0,,,,,,,,,,,
262,AIF 360,Trusted-AI/AIF360,interpretability,,{},75.0,IBM AI Fairness 360.,11,False,aif360,conda-forge/aif360,,,,800.0,800.0,https://pypi.org/project/aif360,27210.0,27785.0,https://anaconda.org/conda-forge/aif360,2020-09-28 14:34:26.554,2025-04-22 14:57:36.856,2025-04-22 14:57:36.856000,41440.0,5.0,,,,,,2.0,,,,,,,,,,,
263,Node2Vec,eliorc/node2vec,graph,,{},16.0,"The node2vec algorithm learns continuous representations for nodes in any (un)directed, (un)weighted graph.",11,False,node2vec,conda-forge/node2vec,,,,985.0,985.0,https://pypi.org/project/node2vec,39837.0,40265.0,https://anaconda.org/conda-forge/node2vec,2018-05-03 02:54:12.032,2025-04-22 14:56:50.341,2025-04-22 14:56:50.341000,42857.0,3.0,,,,,,2.0,,,,,,,,,,,
264,EarthPy,earthlab/earthpy,geospatial-data,,{},45.0,Utility functions for the working with spatial data.,11,False,earthpy,conda-forge/earthpy,,,,448.0,448.0,https://pypi.org/project/earthpy,8189.0,9431.0,https://anaconda.org/conda-forge/earthpy,2019-04-02 17:33:42.874,2025-04-22 14:57:03.644,2025-04-22 14:57:03.644000,110626.0,14.0,,,,,,3.0,,,,,,,,,,,
265,geopy,geopy/geopy,geospatial-data,,{},138.0,Python Geocoding Toolbox.,11,False,geopy,conda-forge/geopy,,,,,,https://pypi.org/project/geopy,12126872.0,12157978.0,https://anaconda.org/conda-forge/geopy,2020-06-27 22:25:51.029,2026-07-13 01:38:53.987,2026-07-13 01:38:53.987000,2332994.0,20.0,,,,,,3.0,,,,,,,,,,,
266,ArcGIS API,Esri/arcgis-python-api,geospatial-data,,{},100.0,,11,False,arcgis,,esridocker/arcgis-api-python-notebook,,,1042.0,1042.0,https://pypi.org/project/arcgis,168905.0,168905.0,,,,,,,https://hub.docker.com/r/esridocker/arcgis-api-python-notebook,,,,,3.0,,,,,,,,,,,
267,pyfolio,quantopian/pyfolio,financial-data,,{},60.0,pyfolio is a Python library for performance and risk analysis of financial portfolios.,11,False,pyfolio,conda-forge/pyfolio,,,,1394.0,1394.0,https://pypi.org/project/pyfolio,16169.0,16380.0,https://anaconda.org/conda-forge/pyfolio,2018-02-15 19:39:31.850,2025-04-22 14:56:47.184,2025-04-22 14:56:47.184000,21827.0,1.0,,,,,,2.0,,,,,,,,,,,
268,zipline,quantopian/zipline,financial-data,,{},161.0,A backtester for financial algorithms.,11,False,zipline,conda-forge/zipline,,,,1045.0,1045.0,https://pypi.org/project/zipline,864.0,1048.0,https://anaconda.org/conda-forge/zipline,2020-09-08 02:54:53.875,2025-04-22 14:57:35.321,2025-04-22 14:57:35.321000,13255.0,2.0,,,,,,2.0,,,,,,,,,,,
269,backtrader,mementum/backtrader,financial-data,,{},56.0,,11,False,backtrader,,,,,3654.0,3654.0,https://pypi.org/project/backtrader,264623.0,264623.0,,,,,,,,,,,,2.0,,,,,,,,,,,
270,TPOT,EpistasisLab/tpot,hyperopt,,{},10.0,A Python tool that automatically creates and optimizes Machine Learning pipelines using genetic programming.,11,False,tpot,conda-forge/tpot,,,['sklearn'],3616.0,3616.0,https://pypi.org/project/tpot,18929.0,24694.0,https://anaconda.org/conda-forge/tpot,2020-06-02 00:25:11.879,2026-02-18 16:47:35.862,2026-02-18 16:47:35.862000,432429.0,24.0,,,,,,2.0,,,,,,,,,,,
271,lazypredict,shankarpandala/lazypredict,hyperopt,,{},20.0,Rapid low code ML testing with multiple basic models.,11,False,lazypredict,conda-forge/lazypredict,,,['sklearn'],1421.0,1421.0,https://pypi.org/project/lazypredict,15608.0,15781.0,https://anaconda.org/conda-forge/lazypredict,2021-08-24 21:48:59.448,2026-03-15 20:11:16.863,2026-03-15 20:11:16.863000,10598.0,5.0,,,,,,2.0,,,,,,,,,,,
272,knockknock,huggingface/knockknock,ml-experiments,,{},20.0,Be notified when your training is complete with only two additional lines of code.,11,False,knockknock,conda-forge/knockknock,,,,1474.0,1474.0,https://pypi.org/project/knockknock,16701.0,17918.0,https://anaconda.org/conda-forge/knockknock,2025-01-09 04:44:32.681,2025-04-22 14:57:16.064,2025-04-22 14:57:16.064000,24346.0,5.0,,,,,,3.0,,,,,,,,,,,
273,kaggle,Kaggle/kaggle-api,ml-experiments,,{},72.0,Kaggle API.,11,False,kaggle,conda-forge/kaggle,,,,24.0,24.0,https://pypi.org/project/kaggle,755166.0,759522.0,https://anaconda.org/conda-forge/kaggle,2020-09-04 15:05:55.697,2026-06-26 00:57:52.829,2026-06-26 00:57:52.829000,313656.0,35.0,,,,,,3.0,,,,,,,,,,,
274,VisualDL,PaddlePaddle/VisualDL,ml-experiments,,{},37.0,,11,False,visualdl,,,,['paddle'],3629.0,3629.0,https://pypi.org/project/visualdl,180086.0,180086.0,,,,,,,,,,,,3.0,,,,,,,,,,,
275,Catalyst,catalyst-team/catalyst,ml-experiments,,{},104.0,,11,False,catalyst,,,,['pytorch'],1302.0,1302.0,https://pypi.org/project/catalyst,63010.0,63010.0,,,,,,,,,,,,3.0,,,,,,,,,,,
276,SageMaker SDK,aws/sagemaker-python-sdk,ml-experiments,,{},529.0,Open source library for training and deploying models on Amazon SageMaker.,11,False,sagemaker,conda-forge/sagemaker-python-sdk,,,,,,https://pypi.org/project/sagemaker,18156538.0,18188099.0,https://anaconda.org/conda-forge/sagemaker-python-sdk,2020-08-20 11:36:30.719,2026-05-21 10:16:09.524,2026-05-21 10:16:09.524000,2304024.0,225.0,,,,,,3.0,,,,,,,,,,,
277,MedPy,loli/medpy,medical-data,,{},20.0,Medical image processing in Python.,11,False,MedPy,conda-forge/medpy,,,,2946.0,2946.0,https://pypi.org/project/MedPy,31498.0,34519.0,https://anaconda.org/conda-forge/medpy,2021-06-26 05:26:40.356,2026-04-25 10:59:35.660,2026-04-25 10:59:35.660000,190345.0,3.0,,,,,,2.0,,,,,,,,,,,
278,NIPY,nipy/nipy,medical-data,,{},70.0,Neuroimaging in Python FMRI analysis package.,11,False,nipy,conda-forge/nipy,,,,251.0,251.0,https://pypi.org/project/nipy,5764.0,23538.0,https://anaconda.org/conda-forge/nipy,2024-07-26 12:46:26.095,2025-04-22 14:56:38.480,2025-04-22 14:56:38.480000,462127.0,3.0,,,,,,2.0,,,,,,,,,,,
279,Prophet,facebook/prophet,time-series-data,,{},196.0,Automatic Forecasting Procedure.,11,False,fbprophet,conda-forge/prophet,,,,24.0,24.0,https://pypi.org/project/fbprophet,23761.0,52128.0,https://anaconda.org/conda-forge/prophet,2021-04-14 22:10:05.951,2026-08-26 20:03:40.165,2026-08-26 20:03:40.165000,1843877.0,13.0,,,,,,2.0,,,,,,,,,,,
280,audiomentations,iver56/audiomentations,audio,,{},34.0,,11,False,audiomentations,,,,,921.0,921.0,https://pypi.org/project/audiomentations,238950.0,238950.0,,,,,,,,,,,,2.0,,,,,,,,,,,
281,python-soundfile,bastibe/python-soundfile,audio,,{},44.0,"SoundFile is an audio library based on libsndfile, CFFI, and NumPy.",11,False,soundfile,anaconda/pysoundfile,,,,,,https://pypi.org/project/soundfile,30627997.0,30628058.0,https://anaconda.org/anaconda/pysoundfile,2026-03-03 08:12:51.546,2026-09-02 13:30:34.678,2026-09-02 13:30:34.678000,366.0,1.0,,,,,,2.0,,,,,,,,,,,
282,aubio,aubio/aubio,audio,,{},32.0,tools for audio and music analysis and transformation.,11,False,aubio,conda-forge/aubio,,,,598.0,598.0,https://pypi.org/project/aubio,21406.0,43012.0,https://anaconda.org/conda-forge/aubio,2017-03-19 18:06:20.550,2025-04-22 14:56:33.269,2025-04-22 14:56:33.269000,2463172.0,7.0,,,,,,2.0,,,,,,,,,,,
283,tensorflow-probability,tensorflow/probability,probabilistics,,{},512.0,TensorFlow Probability is a library for probabilistic reasoning and statistical analysis in TensorFlow.,11,False,tensorflow-probability,conda-forge/tensorflow-probability,,,['tensorflow'],5.0,5.0,https://pypi.org/project/tensorflow-probability,1128441.0,1131982.0,https://anaconda.org/conda-forge/tensorflow-probability,2021-02-10 20:08:37.772,2025-11-05 10:36:05.008,2025-11-05 10:36:05.008000,237312.0,20.0,,,,,,3.0,,,,,,,,,,,
284,GPflow,GPflow/GPflow,probabilistics,,{},85.0,Gaussian processes in TensorFlow.,11,False,gpflow,conda-forge/gpflow,,,['tensorflow'],808.0,808.0,https://pypi.org/project/gpflow,42787.0,43979.0,https://anaconda.org/conda-forge/gpflow,2022-02-02 14:43:05.929,2025-04-22 14:56:50.649,2025-04-22 14:56:50.649000,65600.0,7.0,,,,,,3.0,,,,,,,,,,,
285,ART,Trusted-AI/adversarial-robustness-toolbox,adversarial,,{},145.0,Toolbox for adversarial machine learning.,11,False,adversarial-robustness-toolbox,conda-forge/adversarial-robustness-toolbox,,,,821.0,821.0,https://pypi.org/project/adversarial-robustness-toolbox,15028.0,16502.0,https://anaconda.org/conda-forge/adversarial-robustness-toolbox,2020-07-24 16:49:13.769,2025-07-07 22:05:57.819,2025-07-07 22:05:57.819000,109125.0,37.0,,,,,,1.0,,,,,,,,,,,
286,Foolbox,bethgelab/foolbox,adversarial,,{},35.0,"Foolbox Native is an adversarial attacks library that works natively with PyTorch, TensorFlow and JAX.",11,False,foolbox,conda-forge/foolbox,,,,778.0,778.0,https://pypi.org/project/foolbox,14098.0,14412.0,https://anaconda.org/conda-forge/foolbox,2020-07-06 12:59:52.009,2025-04-22 14:57:29.383,2025-04-22 14:57:29.383000,23302.0,5.0,,,,,,1.0,,,,,,,,,,,
287,TextAttack,QData/TextAttack,adversarial,,{},74.0,Generating adversarial examples for NLP models.,11,False,textattack,conda-forge/textattack,,,,439.0,439.0,https://pypi.org/project/textattack,29475.0,29665.0,https://anaconda.org/conda-forge/textattack,2020-09-28 19:49:15.208,2025-04-22 14:57:36.874,2025-04-22 14:57:36.874000,13690.0,4.0,,,,,,1.0,,,,,,,,,,,
288,TFX,tensorflow/tfx,tensorflow-utils,,{},199.0,,11,False,tfx,,,,['tensorflow'],1867.0,1867.0,https://pypi.org/project/tfx,20076.0,20076.0,,,,,,,,,,,,2.0,,,,,,,,,,,
289,BioPandas,rasbt/biopandas,others,,{},19.0,Molecular Structures in Pandas DataFrames.,11,False,biopandas,conda-forge/biopandas,,,['pandas'],414.0,414.0,https://pypi.org/project/biopandas,30430.0,35758.0,https://anaconda.org/conda-forge/biopandas,2020-08-04 11:39:32.572,2026-08-25 14:54:10.199,2026-08-25 14:54:10.199000,388955.0,13.0,,,,,,2.0,,,,,,,,,,,
290,carla,carla-simulator/carla,others,,{},203.0,,11,False,carla,,,,,1128.0,1128.0,https://pypi.org/project/carla,20080.0,20080.0,,,,,,,,,,,,2.0,,,,,,,,,,,
291,minisom,JustGlowing/minisom,others,,{},32.0,,11,False,minisom,,,,,941.0,941.0,https://pypi.org/project/minisom,34130.0,34130.0,,,,,,,,,,,,2.0,CC-BY-3.0,,,,,,,,,,
292,Geomstats,geomstats/geomstats,ml-frameworks,,{},101.0,Geometric statistics on manifolds.,10,False,geomstats,conda-forge/geomstats,,https://geomstats.github.io/,,164.0,164.0,https://pypi.org/project/geomstats,17198.0,17427.0,https://anaconda.org/conda-forge/geomstats,2022-06-01 11:18:15.215,2025-04-22 14:58:18.165,2025-04-22 14:58:18.165000,11709.0,4.0,,,,,,3.0,,,,,,,,,,,
293,Vowpal Wabbit,VowpalWabbit/vowpal_wabbit,ml-frameworks,,{},343.0,Vowpal Wabbit Python package.,10,False,vowpalwabbit,conda-forge/vowpalwabbit,,,,2.0,2.0,https://pypi.org/project/vowpalwabbit,34657.0,42101.0,https://anaconda.org/conda-forge/vowpalwabbit,2020-10-06 12:47:15.817,2025-04-22 14:57:07.942,2025-04-22 14:57:07.942000,528537.0,15.0,,,,,,3.0,BSD-3-Clause,,,,,,,,,,
294,PyFlink,apache/flink,ml-frameworks,,{},2137.0,Apache Flink Python API.,10,False,apache-flink,,,,,24.0,24.0,https://pypi.org/project/apache-flink,183908.0,183908.0,,,,,,,,,,,,3.0,,,,,,,,,,,
295,SciSpacy,allenai/scispacy,nlp,,{},40.0,,10,False,scispacy,,,,,1381.0,1381.0,https://pypi.org/project/scispacy,42132.0,42132.0,,,,,,,,,,,,3.0,,,,,,,,,,,
296,OpenNMT,OpenNMT/OpenNMT-py,nlp,,{},191.0,,10,False,OpenNMT-py,,,,['pytorch'],357.0,357.0,https://pypi.org/project/OpenNMT-py,9358.0,9358.0,,,,,,,,,,,,3.0,,,,,,,,,,,
297,YouTokenToMe,vkcom/youtokentome,nlp,,{},8.0,Unsupervised text tokenizer focused on computational efficiency.,10,False,youtokentome,conda-forge/youtokentome,,,,840.0,840.0,https://pypi.org/project/youtokentome,9789.0,12265.0,https://anaconda.org/conda-forge/youtokentome,2021-09-07 10:34:42.701,2025-10-27 19:11:49.313,2025-10-27 19:11:49.313000,148583.0,4.0,,,,,,3.0,,,,,,,,,,,
298,PyTextRank,DerwenAI/pytextrank,nlp,,{},19.0,,10,False,pytextrank,,,,,918.0,918.0,https://pypi.org/project/pytextrank,98176.0,98176.0,,,,,,,,,,,,3.0,,,,,,,,,,,
299,Augmentor,mdbloice/Augmentor,image,,{},23.0,,10,False,Augmentor,,,,,970.0,970.0,https://pypi.org/project/Augmentor,9854.0,9854.0,,,,,,,,,,,,3.0,,,,,,,,,,,
300,imageai,OlafenwaMoses/ImageAI,image,,{},19.0,A python library built to empower developers to build applications and systems with self-contained Computer Vision..,10,False,imageai,conda-forge/imageai,,,,1807.0,1807.0,https://pypi.org/project/imageai,2829.0,2991.0,https://anaconda.org/conda-forge/imageai,2020-07-24 17:05:55.052,2025-04-22 14:57:32.711,2025-04-22 14:57:32.711000,11988.0,2.0,,,,,,3.0,,,,,,,,,,,
301,Norfair,tryolabs/norfair,image,,{},32.0,,10,False,norfair,,,,,370.0,370.0,https://pypi.org/project/norfair,101691.0,101691.0,,,,,,,,,,,,3.0,,,,,,,,,,,
302,lightly,lightly-ai/lightly,image,,{},94.0,,10,False,lightly,,,,['pytorch'],650.0,650.0,https://pypi.org/project/lightly,131575.0,131575.0,,,,,,,,,,,,3.0,,,,,,,,,,,
303,Tesseract,madmaze/pytesseract,ocr,,{},47.0,Python-tesseract is an optical character recognition (OCR) tool for python.,10,False,pytesseract,conda-forge/pytesseract,,,,,,https://pypi.org/project/pytesseract,20695077.0,20705849.0,https://anaconda.org/conda-forge/pytesseract,2020-07-25 19:44:39.224,2025-04-22 14:57:07.821,2025-04-22 14:57:07.821000,797145.0,17.0,,,,,,2.0,,,,,,,,,,,
304,keras-ocr,faustomorales/keras-ocr,ocr,,{},19.0,A packaged and flexible version of the CRAFT text detector and Keras CRNN recognition model.,10,False,keras-ocr,anaconda/keras-ocr,,,['tensorflow'],720.0,720.0,https://pypi.org/project/keras-ocr,13019.0,13026.0,https://anaconda.org/anaconda/keras-ocr,2020-11-13 22:43:29.643,2026-08-31 20:07:45.563,2026-08-31 20:07:45.563000,514.0,1.0,,,,,,2.0,,,,,,,,,,,
305,PyWaffle,gyli/PyWaffle,data-viz,,{},6.0,A FigureClass of Matplotlib to make waffle chart.,10,False,pywaffle,conda-forge/pywaffle,,,,562.0,562.0,https://pypi.org/project/pywaffle,23349.0,23655.0,https://anaconda.org/conda-forge/pywaffle,2020-10-03 02:41:37.247,2025-04-22 14:56:58.537,2025-04-22 14:56:58.537000,21782.0,5.0,,,,,,3.0,,,,,,,,,,,
306,causalml,uber/causalml,interpretability,,{},84.0,,10,False,causalml,,,,,335.0,335.0,https://pypi.org/project/causalml,90928.0,90928.0,,,,,,,,,,,,2.0,,,,,,,,,,,
307,Alibi,SeldonIO/alibi,interpretability,,{},25.0,,10,False,alibi,,,,,861.0,861.0,https://pypi.org/project/alibi,12465.0,12465.0,,,,,,,,,,,,2.0,,,,,,,,,,,
308,Karate Club,benedekrozemberczki/karateclub,graph,,{},20.0,"A general purpose library for community detection, network embedding, and graph mining research.",10,False,karateclub,conda-forge/karateclub,,,,336.0,336.0,https://pypi.org/project/karateclub,7766.0,8349.0,https://anaconda.org/conda-forge/karateclub,2020-07-28 15:27:56.544,2025-04-22 14:57:32.844,2025-04-22 14:57:32.844000,43152.0,12.0,,,,,,2.0,,,,,,,,,,,
309,Alphalens,quantopian/alphalens,financial-data,,{},26.0,Performance analysis of predictive (alpha) stock factors.,10,False,alphalens,conda-forge/alphalens,,,,761.0,761.0,https://pypi.org/project/alphalens,1523.0,1863.0,https://anaconda.org/conda-forge/alphalens,2018-02-16 18:31:40.483,2025-04-22 14:56:47.205,2025-04-22 14:56:47.205000,35027.0,3.0,,,,,,3.0,,,,,,,,,,,
310,stockstats,jealous/stockstats,financial-data,,{},12.0,,10,False,stockstats,,,,,1448.0,1448.0,https://pypi.org/project/stockstats,190137.0,190137.0,,,,,,,,,,,,3.0,,,,,,,,,,,
311,ta-lib-python,TA-Lib/ta-lib-python,financial-data,,{},42.0,Python wrapper for TA-Lib.,10,False,TA-Lib,conda-forge/ta-lib,,,,,,https://pypi.org/project/TA-Lib,817587.0,830991.0,https://anaconda.org/conda-forge/ta-lib,2020-09-29 19:30:19.177,2026-08-30 05:01:12.208,2026-08-30 05:01:12.208000,965123.0,8.0,,,,,,3.0,,,,,,,,,,,
312,AutoKeras,keras-team/autokeras,hyperopt,,{},148.0,,10,False,autokeras,,,,['tensorflow'],949.0,949.0,https://pypi.org/project/autokeras,10132.0,10132.0,,,,,,,,,,,,3.0,,,,,,,,,,,
313,auto-sklearn,automl/auto-sklearn,hyperopt,,{},89.0,Automated machine learning.,10,False,auto-sklearn,conda-forge/auto-sklearn,,,['sklearn'],769.0,769.0,https://pypi.org/project/auto-sklearn,4966.0,5638.0,https://anaconda.org/conda-forge/auto-sklearn,2021-04-05 18:05:48.879,2025-04-22 14:57:49.654,2025-04-22 14:57:49.654000,43716.0,11.0,,,,,,3.0,,,,,,,,,,,
314,Acme,deepmind/acme,reinforcement-learning,,{},91.0,A Python library for Reinforcement Learning.,10,False,dm-acme,conda-forge/dm-acme,,,['tensorflow'],322.0,322.0,https://pypi.org/project/dm-acme,1874.0,2128.0,https://anaconda.org/conda-forge/dm-acme,2020-11-19 20:50:22.810,2025-04-22 14:57:40.447,2025-04-22 14:57:40.447000,17800.0,5.0,,,,,,2.0,,,,,,,,,,,
315,petastorm,uber/petastorm,distributed-ml,,{},52.0,,10,False,petastorm,,,,,421.0,421.0,https://pypi.org/project/petastorm,167135.0,167135.0,,,,,,,,,,,,2.0,,,,,,,,,,,
316,Darts,unit8co/darts,time-series-data,,{},164.0,A python library for user-friendly forecasting and anomaly detection on time series.,10,False,u8darts,conda-forge/u8darts-all,unit8/darts,,,,,https://pypi.org/project/u8darts,80138.0,82199.0,https://anaconda.org/conda-forge/u8darts-all,2021-07-30 09:48:56.369,2026-07-20 14:21:54.140,2026-07-20 14:21:54.140000,123986.0,47.0,https://hub.docker.com/r/unit8/darts,2026-07-20 10:26:36.528437,,,3872.0,2.0,,,,,,,,,,,
317,tsfresh,blue-yonder/tsfresh,time-series-data,,{},103.0,Automatic extraction of relevant features from time series.,10,False,tsfresh,conda-forge/tsfresh,,,['sklearn'],24.0,24.0,https://pypi.org/project/tsfresh,309137.0,330560.0,https://anaconda.org/conda-forge/tsfresh,2020-05-13 05:51:14.110,2026-06-13 13:50:18.940,2026-06-13 13:50:18.940000,1628220.0,18.0,,,,,,2.0,,,,,,,,,,,
318,skforecast,JoaquinAmatRodrigo/skforecast,time-series-data,,{},36.0,,10,False,skforecast,,,,['sklearn'],505.0,505.0,https://pypi.org/project/skforecast,135592.0,135592.0,,,,,,,,,,,,2.0,,,,,,,,,,,
319,chroma,chroma-core/chroma,nn-search,,{},195.0,,10,False,chromadb,,,,,5.0,5.0,https://pypi.org/project/chromadb,11202540.0,11202540.0,,,,,,,,,,,,3.0,,,,,,,,,,,
320,torchrec,pytorch/torchrec,recommender-systems,,{},501.0,,10,False,torchrec,,,,,280.0,280.0,https://pypi.org/project/torchrec,18580.0,18580.0,,,,,,,,,,,,2.0,,,,,,,,,,,
321,scikit-surprise,NicolasHug/Surprise,recommender-systems,,{},46.0,A Python scikit for building and analyzing recommender systems.,10,False,scikit-surprise,conda-forge/scikit-surprise,,,,24.0,24.0,https://pypi.org/project/scikit-surprise,90621.0,101499.0,https://anaconda.org/conda-forge/scikit-surprise,2020-07-19 15:23:16.043,2026-06-02 08:01:57.981,2026-06-02 08:01:57.981000,804997.0,10.0,,,,,,2.0,,,,,,,,,,,
322,espnet,espnet/espnet,audio,,{},570.0,,10,False,espnet,,,,,507.0,507.0,https://pypi.org/project/espnet,25156.0,25156.0,,,,,,,,,,,,3.0,,,,,,,,,,,
323,python_speech_features,jameslyons/python_speech_features,audio,,{},19.0,,10,False,python_speech_features,,,,,1125.0,1125.0,https://pypi.org/project/python_speech_features,104262.0,104262.0,,,,,,,,,,,,3.0,,,,,,,,,,,
324,DeepSpeech,mozilla/DeepSpeech,audio,,{},163.0,A library for running inference on a DeepSpeech model.,10,False,deepspeech,conda-forge/deepspeech,,,['tensorflow'],547.0,547.0,https://pypi.org/project/deepspeech,3181.0,3258.0,https://anaconda.org/conda-forge/deepspeech,2021-07-29 19:26:01.146,2025-04-22 14:57:58.207,2025-04-22 14:57:58.207000,4811.0,1.0,,,,,,3.0,,,,,,,,,,,
325,Porcupine,Picovoice/Porcupine,audio,,{},45.0,,10,False,pvporcupine,,,,,56.0,56.0,https://pypi.org/project/pvporcupine,1086085.0,1086085.0,,,,,,,,,,,,3.0,,,,,,,,,,,
326,Opacus,pytorch/opacus,privacy-ml,,{},91.0,Train PyTorch models with Differential Privacy.,10,False,opacus,conda-forge/opacus,,,['pytorch'],1300.0,1300.0,https://pypi.org/project/opacus,,674.0,https://anaconda.org/conda-forge/opacus,2022-01-11 20:35:33.574,2026-05-05 21:02:34.391,2026-05-05 21:02:34.391000,37754.0,12.0,,,,,,1.0,,,,,,,,,,,
327,Pyro,pyro-ppl/pyro,probabilistics,,{},163.0,A Python library for probabilistic modeling and inference.,10,False,pyro-ppl,conda-forge/pyro-ppl,,,['pytorch'],,,https://pypi.org/project/pyro-ppl,1004150.0,1009646.0,https://anaconda.org/conda-forge/pyro-ppl,2021-03-05 15:30:58.525,2025-04-22 14:57:47.967,2025-04-22 14:57:47.967000,362737.0,11.0,,,,,,3.0,,,,,,,,,,,
328,CleverHans,cleverhans-lab/cleverhans,adversarial,,{},131.0,"This repository contains the source code for CleverHans, a Python library to benchmark machine learning systems..",10,False,cleverhans,conda-forge/cleverhans,,,['tensorflow'],846.0,846.0,https://pypi.org/project/cleverhans,981.0,1171.0,https://anaconda.org/conda-forge/cleverhans,2020-06-24 23:14:07.928,2025-04-22 14:57:28.932,2025-04-22 14:57:28.932000,14313.0,3.0,,,,,,3.0,,,,,,,,,,,
329,lightning-flash,Lightning-AI/lightning-flash,pytorch-utils,,{},87.0,Your PyTorch AI Factory - Flash enables you to easily configure and run complex AI recipes.,10,False,lightning-flash,conda-forge/lightning-flash,,,['pytorch'],323.0,323.0,https://pypi.org/project/lightning-flash,1726.0,2415.0,https://anaconda.org/conda-forge/lightning-flash,2021-08-24 20:02:16.116,2025-04-22 14:57:59.303,2025-04-22 14:57:59.303000,42085.0,14.0,,,,,,2.0,,,,,,,,,,,
330,detecto,alankbi/detecto,pytorch-utils,,{},12.0,Build fully-functioning computer vision models with PyTorch.,10,False,detecto,conda-forge/detecto,,,['pytorch'],196.0,196.0,https://pypi.org/project/detecto,9711.0,9871.0,https://anaconda.org/conda-forge/detecto,2021-06-09 14:10:48.390,2025-04-22 14:57:54.494,2025-04-22 14:57:54.494000,10092.0,2.0,,,,,,2.0,,,,,,,,,,,
331,scikit-multilearn,scikit-multilearn/scikit-multilearn,sklearn-utils,,{},28.0,,10,False,scikit-multilearn,,,,['sklearn'],2218.0,2218.0,https://pypi.org/project/scikit-multilearn,46030.0,46030.0,,,,,,,,,,,,2.0,,,,,,,,,,,
332,metric-learn,scikit-learn-contrib/metric-learn,sklearn-utils,,{},25.0,Python implementations of metric learning algorithms.,10,False,metric-learn,conda-forge/metric-learn,,,['sklearn'],506.0,506.0,https://pypi.org/project/metric-learn,5988.0,6278.0,https://anaconda.org/conda-forge/metric-learn,2020-07-01 11:28:55.023,2025-04-22 14:57:23.763,2025-04-22 14:57:23.763000,21522.0,4.0,,,,,,2.0,,,,,,,,,,,
333,imbalanced-learn,scikit-learn-contrib/imbalanced-learn,sklearn-utils,,{},90.0,Python module to balance data set using under- and over-sampling.,10,False,imbalanced-learn,conda-forge/imbalanced-learn,,,['sklearn'],,,https://pypi.org/project/imbalanced-learn,10593198.0,10604788.0,https://anaconda.org/conda-forge/imbalanced-learn,2020-06-09 15:38:02.306,2026-06-07 21:56:18.335,2026-06-07 21:56:18.335000,869306.0,27.0,,,,,,2.0,,,,,,,,,,,
334,alibi-detect,SeldonIO/alibi-detect,others,,{},28.0,,10,False,alibi-detect,,,,,652.0,652.0,https://pypi.org/project/alibi-detect,64443.0,64443.0,,,,,,,,,,,,3.0,,,,,,,,,,,
335,gplearn,trevorstephens/gplearn,others,,{},13.0,"gplearn implements Genetic Programming in Python, with a scikit-learn inspired and compatible API.",10,False,gplearn,conda-forge/gplearn,,,['sklearn'],749.0,749.0,https://pypi.org/project/gplearn,56089.0,56279.0,https://anaconda.org/conda-forge/gplearn,2020-06-18 15:08:16.907,2026-01-07 23:59:23.701,2026-01-07 23:59:23.701000,14253.0,3.0,,,,,,3.0,,,,,,,,,,,
336,TabPy,tableau/TabPy,others,,{},55.0,,10,False,tabpy,anaconda/tabpy-client,,,,215.0,215.0,https://pypi.org/project/tabpy,3122.0,3180.0,https://anaconda.org/anaconda/tabpy-client,2017-04-06 20:14:02.493,2026-09-02 15:04:35.645,2026-09-02 15:04:35.645000,6660.0,1.0,,,,,,3.0,,,,,,,,,,,
337,anomalib,openvinotoolkit/anomalib,ml-frameworks,,{},126.0,,9,False,anomalib,,,,,223.0,223.0,https://pypi.org/project/anomalib,33139.0,33139.0,,,,,,,,,,,,3.0,,,,,,,,,,,
338,Aesara,aesara-devs/aesara,ml-frameworks,,{},595.0,An optimizing compiler for evaluating mathematical expressions.,9,False,aesara,conda-forge/aesara,,,,,,https://pypi.org/project/aesara,36395.0,68529.0,https://anaconda.org/conda-forge/aesara,2021-02-13 08:34:03.335,2025-04-22 14:57:46.430,2025-04-22 14:57:46.430000,2153042.0,72.0,,,,,,3.0,,,,,,,,,,,
339,Ludwig,ludwig-ai/ludwig,ml-frameworks,,{},160.0,,9,False,ludwig,,,,['tensorflow'],368.0,368.0,https://pypi.org/project/ludwig,2191.0,2191.0,,,,,,,,,,,,3.0,,,,,,,,,,,
340,sense2vec,explosion/sense2vec,nlp,,{},20.0,word2vec with NLP-specific tokens.,9,False,sense2vec,conda-forge/sense2vec,,,,474.0,474.0,https://pypi.org/project/sense2vec,2286.0,3608.0,https://anaconda.org/conda-forge/sense2vec,2021-07-14 13:11:50.060,2025-04-22 14:57:12.924,2025-04-22 14:57:12.924000,81973.0,3.0,,,,,,3.0,,,,,,,,,,,
341,scattertext,JasonKessler/scattertext,nlp,,{},14.0,Beautiful visualizations of how language differs among document types.,9,False,scattertext,conda-forge/scattertext,,,,671.0,671.0,https://pypi.org/project/scattertext,4921.0,7150.0,https://anaconda.org/conda-forge/scattertext,2017-08-25 05:29:58.550,2025-04-22 14:56:39.793,2025-04-22 14:56:39.793000,243002.0,18.0,,,,,,3.0,,,,,,,,,,,
342,PaddleSeg,PaddlePaddle/PaddleSeg,image,,{},132.0,,9,False,paddleseg,,,,['paddle'],1497.0,1497.0,https://pypi.org/project/paddleseg,1669.0,1669.0,,,,,,,,,,,,3.0,,,,,,,,,,,
343,opencv-python,opencv/opencv-python,image,,{},62.0,,9,False,opencv-python,,,,,,,https://pypi.org/project/opencv-python,46227885.0,46227885.0,,,,,,,,,,,,3.0,,,,,,,,,,,
344,tesserocr,sirfz/tesserocr,ocr,,{},35.0,"A simple, Pillow-friendly, Python wrapper around tesseract-ocr API using Cython.",9,False,tesserocr,conda-forge/tesserocr,,,,,,https://pypi.org/project/tesserocr,459475.0,464627.0,https://anaconda.org/conda-forge/tesserocr,2020-07-10 15:30:26.694,2025-04-22 14:57:14.353,2025-04-22 14:57:14.353000,381297.0,6.0,,,,,,3.0,,,,,,,,,-5.0,,
345,Chartify,spotify/chartify,data-viz,,{},27.0,Python library to make plotting simpler for data scientists.,9,False,chartify,conda-forge/chartify,,,,86.0,86.0,https://pypi.org/project/chartify,1159.0,1651.0,https://anaconda.org/conda-forge/chartify,2018-11-26 21:34:46.186,2025-04-22 14:56:57.373,2025-04-22 14:56:57.373000,46252.0,10.0,,,,,,3.0,,,,,,,,,,,
346,lets-plot,JetBrains/lets-plot,data-viz,,{},23.0,,9,False,lets-plot,,,,,215.0,215.0,https://pypi.org/project/lets-plot,47822.0,47822.0,,,,,,,,,,,,3.0,,,,,,,,,,,
347,PandasGUI,adamerose/pandasgui,data-viz,,{},15.0,A GUI for Pandas DataFrames.,9,False,pandasgui,conda-forge/pandasgui,,,['pandas'],534.0,534.0,https://pypi.org/project/pandasgui,2750.0,3443.0,https://anaconda.org/conda-forge/pandasgui,2021-01-27 21:17:12.748,2025-04-22 14:57:45.598,2025-04-22 14:57:45.598000,47143.0,2.0,,,,,,3.0,,,,,,,,,,,
348,Sweetviz,fbdesignpro/sweetviz,data-viz,,{},13.0,A pandas-based library to visualize and compare datasets.,9,False,sweetviz,conda-forge/sweetviz,,,,3203.0,3203.0,https://pypi.org/project/sweetviz,,1018.0,https://anaconda.org/conda-forge/sweetviz,2021-02-03 19:13:59.125,2026-04-11 23:31:56.666,2026-04-11 23:31:56.666000,68230.0,15.0,,,,,,3.0,,,,,,,,,,,
349,yellowbrick,DistrictDataLabs/yellowbrick,interpretability,,{},113.0,A suite of visual analysis and diagnostic tools for machine learning.,9,False,yellowbrick,conda-forge/yellowbrick,,,['sklearn'],,,https://pypi.org/project/yellowbrick,502710.0,504287.0,https://anaconda.org/conda-forge/yellowbrick,2020-08-07 07:09:40.588,2025-04-22 14:57:33.497,2025-04-22 14:57:33.497000,115124.0,6.0,,,,,,2.0,,,,,,,,,,,
350,fairlearn,fairlearn/fairlearn,interpretability,,{},124.0,Simple and easy fairness assessment and unfairness mitigation.,9,False,fairlearn,conda-forge/fairlearn,,,['sklearn'],3.0,3.0,https://pypi.org/project/fairlearn,166957.0,167951.0,https://anaconda.org/conda-forge/fairlearn,2020-11-11 16:56:32.994,2026-06-08 10:56:38.371,2026-06-08 10:56:38.371000,69594.0,16.0,,,,,,2.0,,,,,,,,,,,
351,Deep Checks,deepchecks/deepchecks,interpretability,,{},56.0,,9,False,deepchecks,,,,,556.0,556.0,https://pypi.org/project/deepchecks,23708.0,23708.0,,,,,,,,,,,,2.0,,,,,,,,,,,
352,checklist,marcotcr/checklist,interpretability,,{},15.0,Beyond Accuracy: Behavioral Testing of NLP Models with CheckList.,9,False,checklist,conda-forge/checklist,,,['jupyter'],385.0,385.0,https://pypi.org/project/checklist,3139.0,3318.0,https://anaconda.org/conda-forge/checklist,2021-01-12 20:24:37.883,2025-04-22 14:57:44.390,2025-04-22 14:57:44.390000,12238.0,2.0,,,,,,2.0,,,,,,,,,,,
353,aequitas,dssg/aequitas,interpretability,,{},23.0,,9,False,aequitas,,,,,210.0,210.0,https://pypi.org/project/aequitas,17598.0,17598.0,,,,,,,,,,,,2.0,,,,,,,,,,,
354,PyKEEN,pykeen/pykeen,graph,,{},47.0,,9,False,pykeen,,,,,376.0,376.0,https://pypi.org/project/pykeen,8743.0,8743.0,,,,,,,,,,,,2.0,,,,,,,,,,,
355,prettymaps,marceloprates/prettymaps,geospatial-data,,{},23.0,A simple python library to draw pretty maps from OpenStreetMap data.,9,False,prettymaps,conda-forge/prettymaps,,,,74.0,74.0,https://pypi.org/project/prettymaps,3423.0,3633.0,https://anaconda.org/conda-forge/prettymaps,2022-01-08 18:08:24.113,2025-06-11 22:55:39.146,2025-06-11 22:55:39.146000,11781.0,7.0,,,,,,3.0,,,,,,,,,,,
356,TensorTrade,tensortrade-org/tensortrade,financial-data,,{},62.0,"TensorTrade: A reinforcement learning library for training, evaluating, and deploying robust trading agents.",9,False,tensortrade,conda-forge/tensortrade,,,,74.0,74.0,https://pypi.org/project/tensortrade,1192.0,1301.0,https://anaconda.org/conda-forge/tensortrade,2021-04-21 17:04:20.505,2026-02-09 18:23:25.158,2026-02-09 18:23:25.158000,7143.0,3.0,,,,,,3.0,,,,,,,,,,,
357,IB-insync,erdewit/ib_insync,financial-data,,{},36.0,Python sync/async framework for Interactive Brokers API.,9,False,ib_insync,conda-forge/ib-insync,,,,,,https://pypi.org/project/ib_insync,935672.0,936601.0,https://anaconda.org/conda-forge/ib-insync,2019-07-23 15:47:08.281,2025-04-22 14:57:08.534,2025-04-22 14:57:08.534000,79939.0,22.0,,,,,,3.0,,,,,,,,,,,
358,mljar-supervised,mljar/mljar-supervised,hyperopt,,{},30.0,Automated Machine Learning Pipeline with Feature Engineering and Hyper-Parameters Tuning.,9,False,mljar-supervised,conda-forge/mljar-supervised,,,,176.0,176.0,https://pypi.org/project/mljar-supervised,,1192.0,https://anaconda.org/conda-forge/mljar-supervised,2021-06-09 11:24:39.196,2026-05-29 16:26:31.878,2026-05-29 16:26:31.878000,75105.0,29.0,,,,,,3.0,,,,,,,,,,,
359,ml-metadata,google/ml-metadata,ml-experiments,,{},24.0,,9,False,ml-metadata,,,,,742.0,742.0,https://pypi.org/project/ml-metadata,36530.0,36530.0,,,,,,,,,,,,3.0,,,,,,,,,,,
360,SKLL,EducationalTestingService/skll,ml-experiments,,{},39.0,SciKit-Learn Laboratory makes it easier to run machine learning experiments with scikit-learn.,9,False,skll,conda-forge/skll,,,['sklearn'],50.0,50.0,https://pypi.org/project/skll,1967.0,2507.0,https://anaconda.org/conda-forge/skll,2021-11-29 23:26:59.283,2025-04-22 14:58:06.094,2025-04-22 14:58:06.094000,31351.0,9.0,,,,,,3.0,,,,,,,,,,,
361,trl,huggingface/trl,reinforcement-learning,,{},521.0,,9,False,trl,,,,,1.0,1.0,https://pypi.org/project/trl,3807608.0,3807608.0,,,,,,,,,,,,2.0,,,,,,,,,,,
362,RLax,deepmind/rlax,reinforcement-learning,,{},24.0,,9,False,rlax,,,,['jax'],448.0,448.0,https://pypi.org/project/rlax,49061.0,49061.0,,,,,,,,,,,,2.0,,,,,,,,,,,
363,ViZDoom,mwydmuch/ViZDoom,reinforcement-learning,,{},60.0,,9,False,vizdoom,,,,,358.0,358.0,https://pypi.org/project/vizdoom,11905.0,11905.0,,,,,,,,,,,,2.0,,,,,,,,,,,
364,Elephas,danielenricocahall/elephas,distributed-ml,,{},30.0,Deep learning on Spark with Keras.,9,False,elephas,conda-forge/elephas,,,"['keras', 'spark']",79.0,79.0,https://pypi.org/project/elephas,1518.0,1773.0,https://anaconda.org/conda-forge/elephas,2019-08-19 17:33:26.070,2025-04-22 14:57:10.644,2025-04-22 14:57:10.644000,21735.0,4.0,,,,,,3.0,,,,,,,,,,,
365,tsai,timeseriesAI/tsai,time-series-data,,{},25.0,,9,False,tsai,conda-forge/tsai,,,,288.0,288.0,https://pypi.org/project/tsai,14670.0,14670.0,https://anaconda.org/conda-forge/tsai,,,,,,,,,,,3.0,,,,,,,,,,,
366,TSFEL,fraunhoferportugal/tsfel,time-series-data,,{},21.0,,9,False,tsfel,,,,,226.0,226.0,https://pypi.org/project/tsfel,37773.0,37773.0,,,,,,,,,,,,3.0,,,,,,,,,,,
367,voyager,spotify/voyager,nn-search,,{},8.0,,9,False,voyager,,,,,243.0,243.0,https://pypi.org/project/voyager,179407.0,179407.0,,,,,,,,,,,,3.0,,,,,,,,,,,
368,Recommenders,microsoft/recommenders,recommender-systems,,{},154.0,,9,False,recommenders,,,,,181.0,181.0,https://pypi.org/project/recommenders,14075.0,14075.0,,,,,,,,,,,,2.0,,,,,,,,,,,
369,Madmom,CPJKU/madmom,audio,,{},24.0,,9,False,madmom,,,,,538.0,538.0,https://pypi.org/project/madmom,13672.0,13672.0,,,,,,,,,,,,3.0,,,,,,,,,,,
370,nnAudio,KinWaiCheuk/nnAudio,audio,,{},17.0,,9,False,nnAudio,,,,,464.0,464.0,https://pypi.org/project/nnAudio,163675.0,163675.0,,,,,,,,,,,,3.0,,,,,,,,,,,
371,torchaudio,pytorch/audio,audio,,{},251.0,,9,False,torchaudio,,,,['pytorch'],,,https://pypi.org/project/torchaudio,7805690.0,7805690.0,,,,,,,,,,,,3.0,,,,,,,,,,,
372,DDSP,magenta/ddsp,audio,,{},36.0,Differentiable Digital Signal Processing.,9,False,ddsp,conda-forge/ddsp,,,['tensorflow'],74.0,74.0,https://pypi.org/project/ddsp,1349.0,1737.0,https://anaconda.org/conda-forge/ddsp,2020-06-03 13:14:40.638,2025-04-22 14:57:27.526,2025-04-22 14:57:27.526000,29118.0,3.0,,,,,,3.0,,,,,,,,,,,
373,hls4ml,fastmachinelearning/hls4ml,model-serialisation,,{},94.0,Machine learning in FPGAs using HLS.,9,False,hls4ml,conda-forge/hls4ml,,,"['tensorflow', 'pytorch']",59.0,59.0,https://pypi.org/project/hls4ml,1975.0,2171.0,https://anaconda.org/conda-forge/hls4ml,2020-09-29 21:06:25.423,2025-04-22 14:57:36.962,2025-04-22 14:57:36.962000,14174.0,4.0,,,,,,3.0,,,,,,,,,,,
374,Baal,baal-org/baal,probabilistics,,{},25.0,Library for bayesian active learning.,9,False,baal,conda-forge/baal,,,,76.0,76.0,https://pypi.org/project/baal,1160.0,1425.0,https://anaconda.org/conda-forge/baal,2021-01-20 20:35:22.269,2025-04-22 14:57:44.821,2025-04-22 14:57:44.821000,18059.0,5.0,,,,,,3.0,,,,,,,,,,,
375,torch-scatter,rusty1s/pytorch_scatter,pytorch-utils,,{},35.0,PyTorch Extension Library of Optimized Scatter Operations.,9,False,torch-scatter,conda-forge/pytorch_scatter,,,['pytorch'],,,https://pypi.org/project/torch-scatter,46858.0,65865.0,https://anaconda.org/conda-forge/pytorch_scatter,2020-06-01 16:15:18.085,2026-07-29 06:46:10.545,2026-07-29 06:46:10.545000,1425556.0,8.0,,,,,,2.0,,,,,,,,,,,
376,tensorflow-hub,tensorflow/hub,tensorflow-utils,,{},108.0,A library for transfer learning by reusing parts of TensorFlow models.,9,False,tensorflow-hub,conda-forge/tensorflow-hub,,,['tensorflow'],,,https://pypi.org/project/tensorflow-hub,1631897.0,1633833.0,https://anaconda.org/conda-forge/tensorflow-hub,2020-08-24 16:43:33.174,2025-04-22 14:56:51.855,2025-04-22 14:56:51.855000,141375.0,15.0,,,,,,2.0,,,,,,,,,,,
377,iterative-stratification,trent-b/iterative-stratification,sklearn-utils,,{},7.0,,9,False,iterative-stratification,,,,['sklearn'],650.0,650.0,https://pypi.org/project/iterative-stratification,120749.0,120749.0,,,,,,,,,,,,3.0,,,,,,,,,,,
378,modAL,modAL-python/modAL,others,,{},21.0,,9,False,modAL,,,,['sklearn'],,,https://pypi.org/project/modAL,73654450.0,73654450.0,,,,,,,,,,,,3.0,,,,,,,,,,,
379,pysc2,deepmind/pysc2,others,,{},39.0,,9,False,pysc2,,,,,985.0,985.0,https://pypi.org/project/pysc2,3645.0,3645.0,,,,,,,,,,,,3.0,,,,,,,,,,,
380,Jina,jina-ai/jina,ml-frameworks,,{},185.0,Build cross-modal and multi-modal applications on the cloud.,8,False,jina,conda-forge/jina-core,jinaai/jina,,,,,https://pypi.org/project/jina,18783.0,53891.0,https://anaconda.org/conda-forge/jina-core,2021-09-02 15:10:14.675,2025-04-22 14:57:59.713,2025-04-22 14:57:59.713000,133762.0,45.0,https://hub.docker.com/r/jinaai/jina,2025-03-24 14:11:41.059929,9.0,9.0,1972782.0,3.0,,,,,,,,,,,
381,mlpack,mlpack/mlpack,ml-frameworks,,{},341.0,"mlpack: a fast, header-only machine learning library.",8,False,mlpack,conda-forge/mlpack,,,,,,https://pypi.org/project/mlpack,1773.0,8691.0,https://anaconda.org/conda-forge/mlpack,2020-06-19 07:49:40.555,2026-06-20 14:06:36.438,2026-06-20 14:06:36.438000,518864.0,17.0,,,,,,3.0,,,,,,,,,,,
382,mlx,ml-explore/mlx,ml-frameworks,,{},333.0,,8,False,mlx,,,,,,,https://pypi.org/project/mlx,1440449.0,1440449.0,,,,,,,,,,,,3.0,,,,,,,,,,,
383,adapters,Adapter-Hub/adapters,nlp,,{},18.0,,8,False,adapters,,,,['huggingface'],289.0,289.0,https://pypi.org/project/adapters,56761.0,56761.0,,,,,,,,,,,,3.0,,,,,,,,,,,
384,unsloth,unslothai/unsloth,nlp,,{},308.0,,8,False,unsloth,,,,,,,https://pypi.org/project/unsloth,2150237.0,2150237.0,,,,,,,,,,,,3.0,,,,,,,,,,,
385,TensorFlow Text,tensorflow/text,nlp,,{},125.0,,8,False,tensorflow-text,,,,['tensorflow'],,,https://pypi.org/project/tensorflow-text,4585455.0,4585455.0,,,,,,,,,,,,3.0,,,,,,,,,,,
386,CLTK,cltk/cltk,nlp,,{},124.0,,8,False,cltk,,,,,312.0,312.0,https://pypi.org/project/cltk,3687.0,3687.0,,,,,,,,,,,,3.0,,,,,,,,,,,
387,NeMo,NVIDIA/NeMo,nlp,,{},509.0,,8,False,nemo-toolkit,,,,['pytorch'],,,https://pypi.org/project/nemo-toolkit,731587.0,731587.0,,,,,,,,,,,,3.0,,,,,,,,,,,
388,Face Alignment,1adrianb/face-alignment,image,,{},26.0,,8,False,face-alignment,,,,['pytorch'],24.0,24.0,https://pypi.org/project/face-alignment,90299.0,90299.0,,,,,,,,,,,,3.0,,,,,,,,,,,
389,Pillow-SIMD,uploadcare/pillow-simd,image,,{},435.0,,8,False,pillow-simd,,,,,,,https://pypi.org/project/pillow-simd,61807.0,61807.0,,,,,,,,,,,,3.0,PIL,,,,,,,,,,
390,vidgear,abhiTronix/vidgear,image,,{},17.0,,8,False,vidgear,,,,,765.0,765.0,https://pypi.org/project/vidgear,18945.0,18945.0,,,,,,,,,,,,3.0,,,,,,,,,,,
391,vit-pytorch,lucidrains/vit-pytorch,image,,{},30.0,,8,False,vit-pytorch,,,,['pytorch'],24.0,24.0,https://pypi.org/project/vit-pytorch,210609.0,210609.0,,,,,,,,,,,,3.0,,,,,,,,,,,
392,Image Deduplicator,idealo/imagededup,image,,{},19.0,,8,False,imagededup,,,,['tensorflow'],219.0,219.0,https://pypi.org/project/imagededup,32854.0,32854.0,,,,,,,,,,,,3.0,,,,,,,,,,,
393,MMOCR,open-mmlab/mmocr,ocr,,{},87.0,,8,False,mmocr,,,,['pytorch'],241.0,241.0,https://pypi.org/project/mmocr,2583.0,2583.0,,,,,,,,,,,,3.0,,,,,,,,,,,
394,vega,vega/ipyvega,data-viz,,{},15.0,A Jupyter widget for Vega 5 and Vega-Lite 4.,8,False,vega,conda-forge/vega,,,['jupyter'],4.0,4.0,https://pypi.org/project/vega,61917.0,83742.0,https://anaconda.org/conda-forge/vega,2020-05-13 21:13:44.886,2025-10-04 13:28:21.601,2025-10-04 13:28:21.601000,1658748.0,29.0,,,,,,3.0,,,,,,,,,,,
395,Pandas-Bokeh,PatrikHlobil/Pandas-Bokeh,data-viz,,{},15.0,,8,False,pandas-bokeh,,,,['pandas'],789.0,789.0,https://pypi.org/project/pandas-bokeh,10600.0,10600.0,,,,,,,,,,,,3.0,,,,,,,,,,,
396,pythreejs,jupyter-widgets/pythreejs,data-viz,,{},30.0,A Python / ThreeJS bridge utilizing the Jupyter widget infrastructure.,8,False,pythreejs,conda-forge/pythreejs,,,['jupyter'],,,https://pypi.org/project/pythreejs,85644.0,105445.0,https://anaconda.org/conda-forge/pythreejs,2020-10-12 12:24:06.816,2025-04-22 14:56:22.872,2025-04-22 14:56:22.872000,1332383.0,18.0,,,,,,3.0,,jupyter-threejs,https://www.npmjs.com/package/jupyter-threejs,1036.0,,,,,,,
397,HiPlot,facebookresearch/hiplot,data-viz,,{},9.0,High dimensional Interactive Plotting tool.,8,False,hiplot,conda-forge/hiplot,,,,12.0,12.0,https://pypi.org/project/hiplot,14830.0,19158.0,https://anaconda.org/conda-forge/hiplot,2020-02-25 21:59:48.328,2025-04-22 14:57:21.906,2025-04-22 14:57:21.906000,341916.0,35.0,,,,,,3.0,,,,,,,,,,,
398,shapash,MAIF/shapash,interpretability,,{},49.0,,8,False,shapash,,,,['jupyter'],202.0,202.0,https://pypi.org/project/shapash,7328.0,7328.0,,,,,,,,,,,,3.0,,,,,,,,,,,
399,imodels,csinva/imodels,interpretability,,{},30.0,,8,False,imodels,,,,,157.0,157.0,https://pypi.org/project/imodels,44278.0,44278.0,,,,,,,,,,,,3.0,,,,,,,,,,,
400,keract,philipperemy/keract,interpretability,,{},17.0,,8,False,keract,,,,['tensorflow'],265.0,265.0,https://pypi.org/project/keract,8184.0,8184.0,,,,,,,,,,,,3.0,,,,,,,,,,,
401,iNNvestigate,albermax/innvestigate,interpretability,,{},22.0,,8,False,innvestigate,,,,['tensorflow'],151.0,151.0,https://pypi.org/project/innvestigate,246.0,246.0,,,,,,,,,,,,3.0,BSD-2-Clause,,,,,,,,,,
402,pygod,pygod-team/pygod,graph,,{},17.0,A Python Library for Graph Outlier Detection (Anomaly Detection).,8,False,pygod,conda-forge/pygod,,,,56.0,56.0,https://pypi.org/project/pygod,1563.0,1864.0,https://anaconda.org/conda-forge/pygod,2022-04-19 10:09:06.849,2025-04-22 14:58:15.321,2025-04-22 14:58:15.321000,15966.0,6.0,,,,,,2.0,,,,,,,,,,,
403,torch-cluster,rusty1s/pytorch_cluster,graph,,{},40.0,PyTorch Extension Library of Optimized Graph Cluster Algorithms.,8,False,torch-cluster,conda-forge/pytorch_cluster,,,['pytorch'],,,https://pypi.org/project/torch-cluster,21032.0,29448.0,https://anaconda.org/conda-forge/pytorch_cluster,2020-05-31 21:25:54.413,2026-08-01 09:16:13.195,2026-08-01 09:16:13.195000,639649.0,5.0,,,,,,2.0,,,,,,,,,,,
404,Spektral,danielegrattarola/spektral,graph,,{},27.0,,8,False,spektral,,,,['tensorflow'],434.0,434.0,https://pypi.org/project/spektral,4972.0,4972.0,,,,,,,,,,,,2.0,,,,,,,,,,,
405,GeoViews,holoviz/geoviews,geospatial-data,,{},34.0,"GeoViews is a Python library that makes it easy to explore and visualize geographical, meteorological, and..",8,False,geoviews,conda-forge/geoviews,,,,5.0,5.0,https://pypi.org/project/geoviews,24803.0,30961.0,https://anaconda.org/conda-forge/geoviews,2020-09-23 20:06:45.056,2026-01-14 07:26:40.378,2026-01-14 07:26:40.378000,443417.0,29.0,,,,,,3.0,,,,,,,,,,,
406,Alpha Vantage,RomelTorres/alpha_vantage,financial-data,,{},44.0,Python module to get stock data from the Alpha Vantage Api.,8,False,alpha_vantage,conda-forge/alpha_vantage,,,,,,https://pypi.org/project/alpha_vantage,188366.0,188540.0,https://anaconda.org/conda-forge/alpha_vantage,2021-01-14 18:10:26.343,2025-04-22 14:57:44.470,2025-04-22 14:57:44.470000,11860.0,2.0,,,,,,3.0,,,,,,,,,,,
407,Qlib,microsoft/qlib,financial-data,,{},152.0,,8,False,pyqlib,,,,['pytorch'],24.0,24.0,https://pypi.org/project/pyqlib,56395.0,56395.0,,,,,,,,,,,,3.0,,,,,,,,,,,
408,NNI,microsoft/nni,hyperopt,,{},191.0,,8,False,nni,,,,,24.0,24.0,https://pypi.org/project/nni,50026.0,50026.0,,,,,,,,,,,,3.0,,,,,,,,,,,
409,lightwood,mindsdb/lightwood,hyperopt,,{},50.0,,8,False,lightwood,,,,['pytorch'],140.0,140.0,https://pypi.org/project/lightwood,8821.0,8821.0,,,,,,,,,,,,3.0,,,,,,,,,,,
410,gokart,m3dev/gokart,ml-experiments,,{},49.0,,8,False,gokart,,,,,85.0,85.0,https://pypi.org/project/gokart,13187.0,13187.0,,,,,,,,,,,,3.0,,,,,,,,,,,
411,livelossplot,stared/livelossplot,ml-experiments,,{},20.0,,8,False,livelossplot,,,,['jupyter'],1894.0,1894.0,https://pypi.org/project/livelossplot,5970.0,5970.0,,,,,,,,,,,,3.0,,,,,,,,,,,
412,Labml,labmlai/labml,ml-experiments,,{},9.0,,8,False,labml,,,,,250.0,250.0,https://pypi.org/project/labml,10112.0,10112.0,,,,,,,,,,,,3.0,,,,,,,,,,,
413,MNE,mne-tools/mne-python,medical-data,,{},463.0,MNE-Python is a software for MEG and EEG data analysis.,8,False,mne,conda-forge/mne,,,,,,https://pypi.org/project/mne,,11408.0,https://anaconda.org/conda-forge/mne,2020-05-19 23:08:48.350,2026-04-20 20:38:15.777,2026-04-20 20:38:15.777000,867008.0,69.0,,,,,,3.0,,,,,,,,,,,
414,Hail,hail-is/hail,medical-data,,{},103.0,,8,False,hail,,,,['spark'],189.0,189.0,https://pypi.org/project/hail,37179.0,37179.0,,,,,,,,,,,,3.0,,,,,,,,,,,
415,ipyparallel,ipython/ipyparallel,distributed-ml,,{},116.0,Interactive Parallel Computing with IPython.,8,False,ipyparallel,conda-forge/ipyparallel,,,['jupyter'],,,https://pypi.org/project/ipyparallel,160827.0,194018.0,https://anaconda.org/conda-forge/ipyparallel,2020-10-15 04:18:35.774,2026-05-13 14:00:27.278,2026-05-13 14:00:27.278000,2356568.0,35.0,,,,,,3.0,,,,,,,,,,,
416,tsflex,predict-idlab/tsflex,time-series-data,,{},6.0,Toolkit for flexible processing & feature extraction on time-series data.,8,False,tsflex,conda-forge/tsflex,,,,23.0,23.0,https://pypi.org/project/tsflex,29386.0,30127.0,https://anaconda.org/conda-forge/tsflex,2021-07-06 15:16:45.577,2025-04-22 14:57:56.438,2025-04-22 14:57:56.438000,46001.0,16.0,,,,,,3.0,,,,,,,,,,,
417,ADTK,arundo/adtk,time-series-data,,{},11.0,A package for unsupervised time series anomaly detection.,8,False,adtk,conda-forge/adtk,,,,,,https://pypi.org/project/adtk,478940.0,479105.0,https://anaconda.org/conda-forge/adtk,2020-03-04 17:10:14.111,2025-04-22 14:57:22.632,2025-04-22 14:57:22.632000,12879.0,3.0,,,,,,3.0,,,,,,,,,,,
418,librosa,librosa/librosa,audio,,{},140.0,Python module for audio and music processing.,8,False,librosa,conda-forge/librosa,,,,,,https://pypi.org/project/librosa,,24222.0,https://anaconda.org/conda-forge/librosa,2020-07-22 10:27:16.474,2026-08-11 15:54:43.554,2026-08-11 15:54:43.554000,1792485.0,25.0,,,,,,3.0,,,,,,,,,,,
419,pyAudioAnalysis,tyiannak/pyAudioAnalysis,audio,,{},28.0,,8,False,pyAudioAnalysis,,,,,686.0,686.0,https://pypi.org/project/pyAudioAnalysis,6859.0,6859.0,,,,,,,,,,,,3.0,,,,,,,,,,,
420,m2cgen,BayesWitnesses/m2cgen,model-serialisation,,{},14.0,,8,False,m2cgen,,,,,354.0,354.0,https://pypi.org/project/m2cgen,19710.0,19710.0,,,,,,,,,,,,3.0,,,,,,,,,,,
421,cuDF,rapidsai/cudf,gpu-utilities,,{},357.0,,8,False,cudf,,,,,71.0,71.0,https://pypi.org/project/cudf,2831.0,2831.0,,,,,,,,,,,,3.0,,,,,,,,,,,
422,Funsor,pyro-ppl/funsor,probabilistics,,{},14.0,,8,False,funsor,,,,['pytorch'],111.0,111.0,https://pypi.org/project/funsor,60491.0,60491.0,,,,,,,,,,,,3.0,,,,,,,,,,,
423,pytorch-optimizer,jettify/pytorch-optimizer,pytorch-utils,,{},26.0,A collection of optimizers for PyTorch compatible with optim module.,8,False,torch_optimizer,conda-forge/torch-optimizer,,,['pytorch'],,,https://pypi.org/project/torch_optimizer,129329.0,129624.0,https://anaconda.org/conda-forge/torch-optimizer,2021-04-21 17:27:11.637,2025-04-22 14:57:50.627,2025-04-22 14:57:50.627000,19211.0,3.0,,,,,,2.0,,,,,,,,,,,
424,Antialiased CNNs,adobe/antialiased-cnns,pytorch-utils,,{},6.0,,8,False,antialiased-cnns,,,,['pytorch'],83.0,83.0,https://pypi.org/project/antialiased-cnns,24558.0,24558.0,,,,,,,,,,,,2.0,CC BY-NC-SA 4.0,,,,,,,,,,
425,PyTorch Sparse,rusty1s/pytorch_sparse,pytorch-utils,,{},48.0,PyTorch Extension Library of Optimized Autograd Sparse Matrix Operations.,8,False,torch-sparse,conda-forge/pytorch_sparse,,,['pytorch'],,,https://pypi.org/project/torch-sparse,23927.0,40817.0,https://anaconda.org/conda-forge/pytorch_sparse,2020-06-01 16:10:56.330,2026-07-30 22:28:12.416,2026-07-30 22:28:12.416000,1266767.0,11.0,,,,,,2.0,,,,,,,,,,,
426,torchsde,google-research/torchsde,pytorch-utils,,{},10.0,SDE solvers and stochastic adjoint sensitivity analysis in PyTorch.,8,False,torchsde,conda-forge/torchsde,,,['pytorch'],,,https://pypi.org/project/torchsde,1722138.0,1722997.0,https://anaconda.org/conda-forge/torchsde,2021-01-11 10:31:24.791,2025-04-22 14:57:44.362,2025-04-22 14:57:44.362000,58441.0,2.0,,,,,,2.0,,,,,,,,,,,
427,Neural Structured Learning,tensorflow/neural-structured-learning,tensorflow-utils,,{},44.0,,8,False,neural-structured-learning,,,,['tensorflow'],528.0,528.0,https://pypi.org/project/neural-structured-learning,1277.0,1277.0,,,,,,,,,,,,2.0,,,,,,,,,,,
428,scikit-opt,guofei9987/scikit-opt,sklearn-utils,,{},24.0,,8,False,scikit-opt,,,,['sklearn'],291.0,291.0,https://pypi.org/project/scikit-opt,5824.0,5824.0,,,,,,,,,,,,3.0,,,,,,,,,,,
429,apricot,jmschrei/apricot,others,,{},5.0,,8,False,apricot-select,,,,,221.0,221.0,https://pypi.org/project/apricot-select,20616.0,20616.0,,,,,,,,,,,,3.0,,,,,,,,,,,
430,pycm,sepandhaghighi/pycm,others,,{},19.0,,8,False,pycm,,,,,423.0,423.0,https://pypi.org/project/pycm,15633.0,15633.0,,,,,,,,,,,,3.0,,,,,,,,,,,
431,AugLy,facebookresearch/AugLy,others,,{},47.0,,8,False,augly,,,,,193.0,193.0,https://pypi.org/project/augly,2336.0,2336.0,,,,,,,,,,,,3.0,,,,,,,,,,,
432,ivy,unifyai/ivy,ml-frameworks,,{},1486.0,,7,False,ivy,,,,,,,https://pypi.org/project/ivy,37359.0,37359.0,,,,,,,,,,,,3.0,,,,,,,,,,,
433,ktrain,amaiya/ktrain,ml-frameworks,,{},17.0,,7,False,ktrain,,,,['tensorflow'],579.0,579.0,https://pypi.org/project/ktrain,2935.0,2935.0,,,,,,,,,,,,3.0,,,,,,,,,,,
434,Determined,determined-ai/determined,ml-frameworks,,{},132.0,,7,False,determined,,,https://docs.determined.ai,"['pytorch', 'tensorflow']",,,https://pypi.org/project/determined,56662.0,56662.0,,,,,,,,,,,,3.0,Apache-2.0,,,,,,,,,,
435,small-text,webis-de/small-text,nlp,,{},10.0,Active Learning for Text Classification in Python.,7,False,small-text,conda-forge/small-text,,,"['sklearn', 'pytorch']",35.0,35.0,https://pypi.org/project/small-text,562.0,1105.0,https://anaconda.org/conda-forge/small-text,2022-07-04 12:50:35.173,2026-05-23 20:05:20.701,2026-05-23 20:05:20.701000,27150.0,15.0,,,,,,3.0,,,,,,,,,,,
436,torchtext,pytorch/text,nlp,,{},156.0,,7,False,torchtext,,,,['pytorch'],,,https://pypi.org/project/torchtext,146247.0,146247.0,,,,,,,,,,,,3.0,,,,,,,,,,,
437,ParlAI,facebookresearch/ParlAI,nlp,,{},220.0,,7,False,parlai,,,,['pytorch'],24.0,24.0,https://pypi.org/project/parlai,2062.0,2062.0,,,,,,,,,,,,3.0,,,,,,,,,,,
438,Rasa,RasaHQ/rasa,nlp,,{},600.0,,7,False,rasa,,,,['tensorflow'],,,https://pypi.org/project/rasa,242262.0,242262.0,,,,,,,,,,,,3.0,,,,,,,,,,,
439,DeepPavlov,deepmipt/DeepPavlov,nlp,,{},78.0,,7,False,deeppavlov,,,,['tensorflow'],440.0,440.0,https://pypi.org/project/deeppavlov,972.0,972.0,,,,,,,,,,,,3.0,,,,,,,,,,,
440,MMF,facebookresearch/mmf,image,,{},131.0,,7,False,mmf,,,,['pytorch'],23.0,23.0,https://pypi.org/project/mmf,168.0,168.0,,,,,,,,,,,,3.0,BSD-3-Clause,,,,,,,,,,
441,HyperTools,ContextLab/hypertools,data-viz,,{},23.0,,7,False,hypertools,,,,,508.0,508.0,https://pypi.org/project/hypertools,889.0,889.0,,,,,,,,,,,,3.0,,,,,,,,,,,
442,What-If Tool,PAIR-code/what-if-tool,interpretability,,{},21.0,An easy-to-use interface for expanding understanding of a black-box classification or regression ML model.,7,False,witwidget,conda-forge/tensorboard-plugin-wit,,,,2.0,2.0,https://pypi.org/project/witwidget,,35641.0,https://anaconda.org/conda-forge/tensorboard-plugin-wit,2020-06-22 09:11:25.867,2025-04-22 14:57:28.709,2025-04-22 14:57:28.709000,2664428.0,4.0,,,,,,3.0,,wit-widget,https://www.npmjs.com/package/wit-widget,116.0,,,,,,,
443,LIT,PAIR-code/lit,interpretability,,{},38.0,"The Language Interpretability Tool (LIT) is a visual, interactive model-understanding tool for NLP models.",7,False,lit-nlp,conda-forge/lit-nlp,,,,,,https://pypi.org/project/lit-nlp,13722.0,15958.0,https://anaconda.org/conda-forge/lit-nlp,2020-09-15 18:01:28.584,2025-04-22 14:57:35.818,2025-04-22 14:57:35.818000,161038.0,6.0,,,,,,3.0,,,,,,,,,,,
444,Netron,lutzroeder/netron,interpretability,,{},,,7,False,netron,,,,"['pytorch', 'tensorflow']",13.0,13.0,https://pypi.org/project/netron,87660.0,87660.0,,,,,,,,,,,,3.0,,,,,,,,,,,
445,eli5,TeamHG-Memex/eli5,interpretability,,{},17.0,Debug machine learning classifiers and explain their predictions.,7,False,eli5,conda-forge/eli5,,,,,,https://pypi.org/project/eli5,106880.0,112307.0,https://anaconda.org/conda-forge/eli5,2020-06-15 13:11:09.444,2025-04-30 05:40:51.091,2025-04-30 05:40:51.091000,407042.0,12.0,,,,,,3.0,,,,,,,,,,,
446,Quantus,understandable-machine-intelligence-lab/quantus,interpretability,,{},27.0,,7,False,quantus,,,,,76.0,76.0,https://pypi.org/project/quantus,1526.0,1526.0,,,,,,,,,,,,3.0,,,,,,,,,,,
447,tf-explain,sicara/tf-explain,interpretability,,{},18.0,,7,False,tf-explain,,,,['tensorflow'],300.0,300.0,https://pypi.org/project/tf-explain,1596.0,1596.0,,,,,,,,,,,,3.0,,,,,,,,,,,
448,tf-keras-vis,keisen/tf-keras-vis,interpretability,,{},3.0,,7,False,tf-keras-vis,,,,['tensorflow'],234.0,234.0,https://pypi.org/project/tf-keras-vis,2488.0,2488.0,,,,,,,,,,,,3.0,,,,,,,,,,,
449,Explainability 360,Trusted-AI/AIX360,interpretability,,{},42.0,,7,False,aix360,,,,,175.0,175.0,https://pypi.org/project/aix360,1457.0,1457.0,,,,,,,,,,,,3.0,,,,,,,,,,,
450,jraph,deepmind/jraph,graph,,{},17.0,A Graph Neural Network Library in Jax.,7,False,jraph,conda-forge/jraph,,,['jax'],,,https://pypi.org/project/jraph,83073.0,83350.0,https://anaconda.org/conda-forge/jraph,2021-10-31 19:30:25.290,2025-04-22 14:58:03.890,2025-04-22 14:58:03.890000,16360.0,4.0,,,,,,3.0,,,,,,,,,,,
451,StellarGraph,stellargraph/stellargraph,graph,,{},42.0,,7,False,stellargraph,,,,['tensorflow'],311.0,311.0,https://pypi.org/project/stellargraph,614.0,614.0,,,,,,,,,,,,3.0,,,,,,,,,,,
452,Sentinelsat,sentinelsat/sentinelsat,geospatial-data,,{},44.0,Search and download Copernicus Sentinel satellite images.,7,False,sentinelsat,conda-forge/sentinelsat,,,,,,https://pypi.org/project/sentinelsat,13269.0,13960.0,https://anaconda.org/conda-forge/sentinelsat,2020-10-04 14:33:56.496,2025-04-22 14:57:37.199,2025-04-22 14:57:37.199000,49085.0,6.0,,,,,,3.0,,,,,,,,,,,
453,Talos,autonomio/talos,hyperopt,,{},23.0,,7,False,talos,,,,['tensorflow'],208.0,208.0,https://pypi.org/project/talos,459.0,459.0,,,,,,,,,,,,3.0,,,,,,,,,,,
454,Sklearn-genetic-opt,rodrigo-arenas/Sklearn-genetic-opt,hyperopt,,{},50.0,,7,False,sklearn-genetic-opt,,,,,75.0,75.0,https://pypi.org/project/sklearn-genetic-opt,2911.0,2911.0,,,,,,,,,,,,3.0,,,,,,,,,,,
455,SMAC3,automl/SMAC3,hyperopt,,{},83.0,Sequential Model-based Algorithm Configuration.,7,False,smac,conda-forge/smac,,,,,,https://pypi.org/project/smac,33392.0,34127.0,https://anaconda.org/conda-forge/smac,2021-03-19 15:08:39.735,2025-04-22 14:57:48.900,2025-04-22 14:57:48.900000,48536.0,16.0,,,,,,3.0,,,,,,,,,,,
456,Dopamine,google/dopamine,reinforcement-learning,,{},15.0,,7,False,dopamine-rl,,,,['tensorflow'],24.0,24.0,https://pypi.org/project/dopamine-rl,85114.0,85114.0,,,,,,,,,,,,2.0,,,,,,,,,,,
457,FinRL,AI4Finance-Foundation/FinRL,reinforcement-learning,,{},130.0,,7,False,finrl,,,,,115.0,115.0,https://pypi.org/project/finrl,2881.0,2881.0,,,,,,,,,,,,2.0,,,,,,,,,,,
458,keras-rl,keras-rl/keras-rl,reinforcement-learning,,{},41.0,,7,False,keras-rl,,,,['tensorflow'],836.0,836.0,https://pypi.org/project/keras-rl,699.0,699.0,,,,,,,,,,,,2.0,,,,,,,,,,,
459,Glow,projectglow/glow,medical-data,,{},29.0,An open-source toolkit for large-scale genomic analysis.,7,False,glow.py,conda-forge/glow,,,,,,https://pypi.org/project/glow.py,39356.0,39500.0,https://anaconda.org/conda-forge/glow,2021-02-25 05:34:28.952,2025-04-22 14:57:47.356,2025-04-22 14:57:47.356000,9666.0,3.0,,,,,,3.0,,,,,,,,,,,
460,SynapseML,microsoft/SynapseML,distributed-ml,,{},133.0,,7,False,synapseml,,,,,,,https://pypi.org/project/synapseml,1313099.0,1313099.0,,,,,,,,,,,,3.0,,,,,,,,,,,
461,Hivemind,learning-at-home/hivemind,distributed-ml,,{},34.0,,7,False,hivemind,,,,,135.0,135.0,https://pypi.org/project/hivemind,5872.0,5872.0,,,,,,,,,,,,3.0,,,,,,,,,,,
462,TensorFlowOnSpark,yahoo/TensorFlowOnSpark,distributed-ml,,{},34.0,Deep learning with TensorFlow on Apache Spark clusters.,7,False,tensorflowonspark,conda-forge/tensorflowonspark,,,"['tensorflow', 'spark']",,,https://pypi.org/project/tensorflowonspark,10550.0,11008.0,https://anaconda.org/conda-forge/tensorflowonspark,2019-12-05 16:17:47.431,2025-04-22 14:57:18.376,2025-04-22 14:57:18.376000,37127.0,10.0,,,,,,3.0,,,,,,,,,,,
463,orbit,uber/orbit,time-series-data,,{},23.0,Orbit is a package for bayesian time series modeling and inference.,7,False,orbit-ml,conda-forge/orbit-ml,,,,,,https://pypi.org/project/orbit-ml,19847.0,20654.0,https://anaconda.org/conda-forge/orbit-ml,2022-01-18 22:39:37.059,2026-03-06 03:11:30.016,2026-03-06 03:11:30.016000,45218.0,9.0,,,,,,3.0,,,,,,,,,,,
464,NeuralForecast,Nixtla/neuralforecast,time-series-data,,{},71.0,Deep Learning for Time Series Forecasting.,7,False,neuralforecast,conda-forge/neuralforecast,,,,,,https://pypi.org/project/neuralforecast,,1344.0,https://anaconda.org/conda-forge/neuralforecast,2022-03-23 16:16:31.657,2026-08-04 22:37:00.328,2026-08-04 22:37:00.328000,72610.0,39.0,,,,,,3.0,,,,,,,,,,,
465,RecBole,RUCAIBox/RecBole,recommender-systems,,{},79.0,"A unified, comprehensive and efficient recommendation library.",7,False,recbole,aibox/recbole,,,['pytorch'],,,https://pypi.org/project/recbole,46435.0,46583.0,https://anaconda.org/aibox/recbole,2020-11-03 11:40:53.137,2025-03-25 16:28:44.170,2025-03-25 16:28:44.170000,10415.0,11.0,,,,,,3.0,,,,,,,,,,,
466,Magenta,magenta/magenta,audio,,{},155.0,,7,False,magenta,,,,['tensorflow'],19.0,19.0,https://pypi.org/project/magenta,2512.0,2512.0,,,,,,,,,,,,3.0,,,,,,,,,,,
467,OMLT,cog-imperial/omlt,model-serialisation,,{},22.0,,7,False,omlt,,,,,36.0,36.0,https://pypi.org/project/omlt,10936.0,10936.0,,,,,,,,,,,,3.0,,,,,,,,,,,
468,Hummingbird,microsoft/hummingbird,model-serialisation,,{},40.0,Convert trained traditional machine learning models into tensor computations.,7,False,hummingbird-ml,conda-forge/hummingbird-ml,,,,,,https://pypi.org/project/hummingbird-ml,11565.0,12695.0,https://anaconda.org/conda-forge/hummingbird-ml,2021-03-13 14:12:18.710,2025-04-22 14:57:48.691,2025-04-22 14:57:48.691000,74610.0,15.0,,,,,,3.0,,,,,,,,,,,
469,TFEncrypted,tf-encrypted/tf-encrypted,privacy-ml,,{},29.0,,7,False,tf-encrypted,,,,['tensorflow'],68.0,68.0,https://pypi.org/project/tf-encrypted,1627.0,1627.0,,,,,,,,,,,,2.0,,,,,,,,,,,
470,pomegranate,jmschrei/pomegranate,probabilistics,,{},75.0,"Pomegranate is a graphical models library for Python. Fast, flexible and easy to use probabilistic modelling in Python.",7,False,pomegranate,conda-forge/pomegranate,,,,,,https://pypi.org/project/pomegranate,26363.0,30134.0,https://anaconda.org/conda-forge/pomegranate,2020-05-18 06:13:08.914,2025-04-22 14:57:07.761,2025-04-22 14:57:07.761000,286612.0,9.0,,,,,,3.0,,,,,,,,,,,
471,formulaic,matthewwardrop/formulaic,probabilistics,,{},15.0,,7,False,formulaic,,,,,,,https://pypi.org/project/formulaic,4826544.0,4826544.0,,,,,,,,,,,,3.0,,,,,,,,,,,
472,tnt,pytorch/tnt,pytorch-utils,,{},165.0,,7,False,torchtnt,,,,['pytorch'],,,https://pypi.org/project/torchtnt,129257.0,129257.0,,,,,,,,,,,,3.0,,,,,,,,,,,
473,TabNet,dreamquark-ai/tabnet,pytorch-utils,,{},21.0,PyTorch implementation of TabNet.,7,False,pytorch-tabnet,conda-forge/pytorch-tabnet,,,['pytorch'],,,https://pypi.org/project/pytorch-tabnet,43239.0,43495.0,https://anaconda.org/conda-forge/pytorch-tabnet,2021-12-18 12:18:01.185,2025-04-22 14:58:07.520,2025-04-22 14:58:07.520000,14643.0,3.0,,,,,,3.0,,,,,,,,,,,
474,Saliency,PAIR-code/saliency,tensorflow-utils,,{},18.0,,7,False,saliency,,,,['tensorflow'],157.0,157.0,https://pypi.org/project/saliency,13079.0,13079.0,,,,,,,,,,,,3.0,,,,,,,,,,,
475,combo,yzhao062/combo,sklearn-utils,,{},2.0,,7,False,combo,,,,"['sklearn', 'xgboost']",732.0,732.0,https://pypi.org/project/combo,42602.0,42602.0,,,,,,,,,,,,3.0,,,,,,,,,,,
476,dstack,dstackai/dstack,others,,{},75.0,,7,False,dstack,,,,,26.0,26.0,https://pypi.org/project/dstack,40516.0,40516.0,,,,,,,,,,,,3.0,,,,,,,,,,,
477,avalanche,ContinualAI/avalanche,others,,{},87.0,,7,False,avalanche-lib,,,,,151.0,151.0,https://pypi.org/project/avalanche-lib,1337.0,1337.0,,,,,,,,,,,,3.0,,,,,,,,,,,
478,Apache Singa,apache/singa,distributed-ml,,{},102.0,SINGA is an Apache project for distributed deep learning.,6,False,,nusdbsystem/singa,apache/singa,,,6.0,6.0,,,290.0,https://anaconda.org/nusdbsystem/singa,2017-02-20 13:59:42.077,2025-03-25 16:26:36.714,2025-03-25 16:26:36.714000,1388.0,16.0,https://hub.docker.com/r/apache/singa,2022-05-31 15:24:19.649658,3.0,3.0,32031.0,3.0,,,,,,,,,,,
479,happy-transformer,EricFillion/happy-transformer,nlp,,{},14.0,,6,False,happytransformer,,,,['huggingface'],336.0,336.0,https://pypi.org/project/happytransformer,1017.0,1017.0,,,,,,,,,,,,3.0,,,,,,,,,,,
480,english-words,dwyl/english-words,nlp,,{},34.0,,6,False,english-words,,,,,,,https://pypi.org/project/english-words,125624.0,125624.0,,,,,,,,,,,,3.0,,,,,,,,,,,
481,textaugment,dsfsi/textaugment,nlp,,{},10.0,,6,False,textaugment,,,,,185.0,185.0,https://pypi.org/project/textaugment,1197.0,1197.0,,,,,,,,,,,,3.0,,,,,,,,,,,
482,promptsource,bigscience-workshop/promptsource,nlp,,{},65.0,,6,False,promptsource,,,,,130.0,130.0,https://pypi.org/project/promptsource,243.0,243.0,,,,,,,,,,,,3.0,,,,,,,,,,,
483,Ciphey,Ciphey/Ciphey,nlp,,{},60.0,,6,False,ciphey,,remnux/ciphey,,,,,https://pypi.org/project/ciphey,124486.0,124486.0,,,,,,,https://hub.docker.com/r/remnux/ciphey,,,,,3.0,,,,,,,,,,,
484,torch-points3d,torch-points3d/torch-points3d,image,,{},36.0,,6,False,torch-points3d,,,,['pytorch'],36.0,36.0,https://pypi.org/project/torch-points3d,134.0,134.0,,,,,,,,,,,,3.0,BSD-3-Clause,,,,,,,,,,
485,ffcv,libffcv/ffcv,image,,{},31.0,,6,False,ffcv,,,,,78.0,78.0,https://pypi.org/project/ffcv,365.0,365.0,,,,,,,,,,,,3.0,,,,,,,,,,,
486,CellProfiler,CellProfiler/CellProfiler,image,,{},147.0,,6,False,cellprofiler,,,,,28.0,28.0,https://pypi.org/project/cellprofiler,6709.0,6709.0,,,,,,,,,,,,3.0,,,,,,,,,,,
487,doc2text,jlsutherland/doc2text,ocr,,{},5.0,,6,False,doc2text,,,,,185.0,185.0,https://pypi.org/project/doc2text,3335.0,3335.0,,,,,,,,,,,,3.0,,,,,,,,,,,
488,vegafusion,vegafusion/vegafusion,data-viz,,{},7.0,Server-side acceleration for the Vega visualization grammar.,6,False,vegafusion-jupyter,conda-forge/vegafusion-python-embed,,,,,,https://pypi.org/project/vegafusion-jupyter,671.0,13994.0,https://anaconda.org/conda-forge/vegafusion-python-embed,2022-03-05 16:45:20.250,2025-10-27 16:33:07.200,2025-10-27 16:33:07.200000,709553.0,46.0,,,,,,3.0,,vegafusion-jupyter,https://www.npmjs.com/package/vegafusion-jupyter,184.0,,,,,,,
489,data-validation,tensorflow/data-validation,data-viz,,{},32.0,,6,False,tensorflow-data-validation,,,,"['tensorflow', 'jupyter']",,,https://pypi.org/project/tensorflow-data-validation,112013.0,112013.0,,,,,,,,,,,,3.0,,,,,,,,,,,
490,Facets Overview,pair-code/facets,data-viz,,{},31.0,,6,False,facets-overview,,,,['jupyter'],,,https://pypi.org/project/facets-overview,171137.0,171137.0,,,,,,,,,,,,3.0,,,,,,,,,,,
491,PDPbox,SauceCat/PDPbox,interpretability,,{},7.0,Python partial dependence plot toolbox.,6,False,pdpbox,conda-forge/pdpbox,,,,,,https://pypi.org/project/pdpbox,10192.0,10615.0,https://anaconda.org/conda-forge/pdpbox,2021-03-14 19:37:47.253,2025-04-22 14:57:08.147,2025-04-22 14:57:08.147000,27940.0,3.0,,,,,,3.0,,,,,,,,,,,
492,XAI,EthicalML/xai,interpretability,,{},3.0,,6,False,xai,,,,,45.0,45.0,https://pypi.org/project/xai,1101.0,1101.0,,,,,,,,,,,,3.0,,,,,,,,,,,
493,Paddle Graph Learning,PaddlePaddle/PGL,graph,,{},31.0,,6,False,pgl,,,,['paddle'],69.0,69.0,https://pypi.org/project/pgl,601.0,601.0,,,,,,,,,,,,3.0,,,,,,,,,,,
494,AmpliGraph,Accenture/AmpliGraph,graph,,{},21.0,,6,False,ampligraph,,,,['tensorflow'],70.0,70.0,https://pypi.org/project/ampligraph,274.0,274.0,,,,,,,,,,,,3.0,,,,,,,,,,,
495,DeepGraph,deepgraph/deepgraph,graph,,{},3.0,Analyze Data with Pandas-based Networks.,6,False,deepgraph,conda-forge/deepgraph,,,['pandas'],,,https://pypi.org/project/deepgraph,573.0,8549.0,https://anaconda.org/conda-forge/deepgraph,2020-10-01 14:55:54.354,2025-11-09 00:27:39.440,2025-11-09 00:27:39.440000,566302.0,7.0,,,,,,3.0,,,,,,,,,,,
496,Hyperactive,SimonBlanke/Hyperactive,hyperopt,,{},16.0,,6,False,hyperactive,,,,,52.0,52.0,https://pypi.org/project/hyperactive,3746.0,3746.0,,,,,,,,,,,,3.0,,,,,,,,,,,
497,orion,Epistimio/orion,hyperopt,,{},34.0,,6,False,orion,,,,,127.0,127.0,https://pypi.org/project/orion,550.0,550.0,,,,,,,,,,,,3.0,,,,,,,,,,,
498,FEDOT,nccr-itmo/FEDOT,hyperopt,,{},43.0,,6,False,fedot,,,,,66.0,66.0,https://pypi.org/project/fedot,822.0,822.0,,,,,,,,,,,,3.0,,,,,,,,,,,
499,Sherpa,sherpa-ai/sherpa,hyperopt,,{},43.0,,6,False,parameter-sherpa,,,,,43.0,43.0,https://pypi.org/project/parameter-sherpa,170.0,170.0,,,,,,,,,,,,3.0,,,,,,,,,,,
500,Guild AI,guildai/guildai,ml-experiments,,{},30.0,,6,False,guildai,,,,,107.0,107.0,https://pypi.org/project/guildai,520.0,520.0,,,,,,,,,,,,3.0,,,,,,,,,,,
501,PARL,PaddlePaddle/PARL,reinforcement-learning,,{},46.0,,6,False,parl,,,,['paddle'],140.0,140.0,https://pypi.org/project/parl,343.0,343.0,,,,,,,,,,,,3.0,,,,,,,,,,,
502,garage,rlworkgroup/garage,reinforcement-learning,,{},80.0,,6,False,garage,,,,['tensorflow'],124.0,124.0,https://pypi.org/project/garage,862.0,862.0,,,,,,,,,,,,3.0,,,,,,,,,,,
503,DeepVariant,google/deepvariant,medical-data,,{},44.0,DeepVariant is an analysis pipeline that uses a deep neural network to call genetic variants from next-generation DNA..,6,False,,bioconda/deepvariant,,,['tensorflow'],4.0,4.0,,,841.0,https://anaconda.org/bioconda/deepvariant,2018-01-02 11:31:01.469,2026-03-06 20:45:38.817,2026-03-06 20:45:38.817000,87526.0,18.0,,,,,,3.0,,,,,,,,,,,
504,ColossalAI,hpcaitech/colossalai,distributed-ml,,{},199.0,,6,False,,,,,,558.0,558.0,,,,,,,,,,,,,,,3.0,,,,,,,,,,,
505,miceforest,AnotherSamWilson/miceforest,tabular,,{},9.0,Fast multiple imputation with random forests.,6,False,miceforest,conda-forge/miceforest,,,,,,https://pypi.org/project/miceforest,34845.0,35272.0,https://anaconda.org/conda-forge/miceforest,2021-07-23 19:20:49.403,2025-04-22 14:57:57.911,2025-04-22 14:57:57.911000,26528.0,8.0,,,,,,2.0,,,,,,,,,,,
506,upgini,upgini/upgini,tabular,,{},13.0,,6,False,upgini,,,,,11.0,11.0,https://pypi.org/project/upgini,12617.0,12617.0,,,,,,,,,,,,2.0,,,,,,,,,,,
507,ydata-synthetic,ydataai/ydata-synthetic,tabular,,{},24.0,Synthetic data generation methods with different synthetization methods.,6,False,ydata-synthetic,conda-forge/ydata-synthetic,,,,,,https://pypi.org/project/ydata-synthetic,4896.0,5342.0,https://anaconda.org/conda-forge/ydata-synthetic,2023-02-27 12:24:34.185,2025-04-22 14:58:36.339,2025-04-22 14:58:36.339000,19218.0,8.0,,,,,,2.0,,,,,,,,,,,
508,NeuralProphet,ourownstory/neural_prophet,time-series-data,,{},57.0,,6,False,neuralprophet,,,,['pytorch'],,,https://pypi.org/project/neuralprophet,84555.0,84555.0,,,,,,,,,,,,3.0,,,,,,,,,,,
509,pydlm,wwrechard/pydlm,time-series-data,,{},7.0,,6,False,pydlm,,,,,41.0,41.0,https://pypi.org/project/pydlm,50200.0,50200.0,,,,,,,,,,,,3.0,,,,,,,,,,,
510,tick,X-DataInitiative/tick,time-series-data,,{},22.0,,6,False,tick,,,,,97.0,97.0,https://pypi.org/project/tick,868.0,868.0,,,,,,,,,,,,3.0,,,,,,,,,,,
511,luminol,linkedin/luminol,time-series-data,,{},9.0,,6,False,luminol,,,,,88.0,88.0,https://pypi.org/project/luminol,1968.0,1968.0,,,,,,,,,,,,3.0,,,,,,,,,,,
512,TF Recommenders,tensorflow/recommenders,recommender-systems,,{},47.0,,6,False,tensorflow-recommenders,,,,['tensorflow'],,,https://pypi.org/project/tensorflow-recommenders,182143.0,182143.0,,,,,,,,,,,,3.0,,,,,,,,,,,
513,cuGraph,rapidsai/cugraph,gpu-utilities,,{},134.0,GPU accelerated graph algorithms.,6,False,cugraph,conda-forge/libcugraph,,,,,,https://pypi.org/project/cugraph,2214.0,3384.0,https://anaconda.org/conda-forge/libcugraph,2021-04-21 14:35:45.489,2025-04-22 14:57:50.593,2025-04-22 14:57:50.593000,76069.0,2.0,,,,,,3.0,,,,,,,,,,,
514,madgrad,facebookresearch/madgrad,pytorch-utils,,{},3.0,,6,False,madgrad,,,,['pytorch'],111.0,111.0,https://pypi.org/project/madgrad,2919.0,2919.0,,,,,,,,,,,,3.0,,,,,,,,,,,
515,TensorFlow Transform,tensorflow/transform,tensorflow-utils,,{},32.0,,6,False,tensorflow-transform,,,,['tensorflow'],,,https://pypi.org/project/tensorflow-transform,125170.0,125170.0,,,,,,,,,,,,3.0,,,,,,,,,,,
516,TF Model Optimization,tensorflow/model-optimization,tensorflow-utils,,{},90.0,,6,False,tensorflow-model-optimization,,,,['tensorflow'],,,https://pypi.org/project/tensorflow-model-optimization,87998.0,87998.0,,,,,,,,,,,,3.0,,,,,,,,,,,
517,sklearn-contrib-lightning,scikit-learn-contrib/lightning,sklearn-utils,,{},17.0,"lightning is a library for large-scale linear classification, regression and ranking in Python.",6,False,sklearn-contrib-lightning,conda-forge/sklearn-contrib-lightning,,,['sklearn'],,,https://pypi.org/project/sklearn-contrib-lightning,1976.0,9333.0,https://anaconda.org/conda-forge/sklearn-contrib-lightning,2016-07-03 15:38:42.846,2025-04-22 14:56:24.858,2025-04-22 14:56:24.858000,897602.0,4.0,,,,,,3.0,,,,,,,,,,,
518,AstroML,astroML/astroML,others,,{},31.0,Tools for machine learning and data mining in Astronomy.,6,False,astroML,conda-forge/astroml,,,['sklearn'],,,https://pypi.org/project/astroML,1869.0,4388.0,https://anaconda.org/conda-forge/astroml,2022-01-26 16:44:05.669,2025-04-22 14:56:39.232,2025-04-22 14:56:39.232000,141079.0,6.0,,,,,,3.0,,,,,,,,,,,
519,puncc,deel-ai/puncc,ml-frameworks,,{},7.0,,5,False,puncc,,,,,12.0,12.0,https://pypi.org/project/puncc,7168.0,7168.0,,,,,,,,,,,,3.0,,,,,,,,,,,
520,MindsDB,mindsdb/mindsdb,ml-frameworks,,{},908.0,,5,False,mindsdb,,,,['pytorch'],,,https://pypi.org/project/mindsdb,7562.0,7562.0,,,,,,,,,,,,3.0,,,,,,,,,,,
521,Neural Tangents,google/neural-tangents,ml-frameworks,,{},30.0,,5,False,neural-tangents,,,,,,,https://pypi.org/project/neural-tangents,941.0,941.0,,,,,,,,,,,,3.0,Apache-2.0,,,,,,,,,,
522,NeoML,neoml-lib/neoml,ml-frameworks,,{},41.0,,5,False,neoml,,,,,2.0,2.0,https://pypi.org/project/neoml,335.0,335.0,,,,,,,,,,,,3.0,Apache-2.0,,,,,,,,,,
523,DeepKE,zjunlp/deepke,nlp,,{},34.0,,5,False,deepke,,,,['pytorch'],25.0,25.0,https://pypi.org/project/deepke,238.0,238.0,,,,,,,,,,,,3.0,,,,,,,,,,,
524,ollama,jmorganca/ollama,agents,,{},615.0,,5,False,,,,,,71.0,71.0,,,,,,,,,,,,,,,3.0,,,,,,,,,,,
525,pytorchvideo,facebookresearch/pytorchvideo,image,,{},62.0,,5,False,pytorchvideo,,,,['pytorch'],,,https://pypi.org/project/pytorchvideo,33037.0,33037.0,,,,,,,,,,,,3.0,,,,,,,,,,,
526,kubric,google-research/kubric,image,,{},34.0,,5,False,kubric-nightly,,,,,8.0,8.0,https://pypi.org/project/kubric-nightly,2158.0,2158.0,,,,,,,,,,,,3.0,,,,,,,,,,,
527,layout-parser,Layout-Parser/layout-parser,image,,{},9.0,,5,False,layoutparser,,,,,,,https://pypi.org/project/layoutparser,108870.0,108870.0,,,,,,,,,,,,3.0,,,,,,,,,,,
528,Popmon,ing-bank/popmon,data-viz,,{},20.0,,5,False,popmon,,,,"['pandas', 'spark']",22.0,22.0,https://pypi.org/project/popmon,1448.0,1448.0,,,,,,,,,,,,3.0,,,,,,,,,,,
529,Model Analysis,tensorflow/model-analysis,interpretability,,{},61.0,,5,False,tensorflow-model-analysis,,,,"['tensorflow', 'jupyter']",,,https://pypi.org/project/tensorflow-model-analysis,22862.0,22862.0,,,,,,,,,,,,3.0,,,,,,,,,,,
530,LOFO,aerdem4/lofo-importance,interpretability,,{},6.0,,5,False,lofo-importance,,,,,43.0,43.0,https://pypi.org/project/lofo-importance,1092.0,1092.0,,,,,,,,,,,,3.0,,,,,,,,,,,
531,Skater,oracle/Skater,interpretability,,{},,Python Library for Model Agnostic Interpretation.,5,False,skater,conda-forge/skater,,,,,,https://pypi.org/project/skater,110.0,3677.0,https://anaconda.org/conda-forge/skater,2020-07-05 18:35:27.012,2025-11-03 16:10:36.918,2025-11-03 16:10:36.918000,263977.0,2.0,,,,,,3.0,,,,,,,,,,,
532,DiCE,interpretml/DiCE,interpretability,,{},23.0,,5,False,dice-ml,,,,"['tensorflow', 'pytorch']",,,https://pypi.org/project/dice-ml,36995.0,36995.0,,,,,,,,,,,,3.0,,,,,,,,,,,
533,deepsnap,snap-stanford/deepsnap,graph,,{},18.0,,5,False,deepsnap,,,,,134.0,134.0,https://pypi.org/project/deepsnap,290.0,290.0,,,,,,,,,,,,3.0,,,,,,,,,,,
534,pygraphistry,graphistry/pygraphistry,graph,,{},53.0,,5,False,graphistry,,,,['jupyter'],,,https://pypi.org/project/graphistry,10833.0,10833.0,,,,,,,,,,,,3.0,,,,,,,,,,,
535,TF-Agents,tensorflow/agents,reinforcement-learning,,{},155.0,,5,False,tf-agents,,,,['tensorflow'],,,https://pypi.org/project/tf-agents,5382.0,5382.0,,,,,,,,,,,,3.0,,,,,,,,,,,
536,Fiber,uber/fiber,distributed-ml,,{},5.0,,5,False,fiber,,,,,96.0,96.0,https://pypi.org/project/fiber,172.0,172.0,,,,,,,,,,,,3.0,,,,,,,,,,,
537,N2,kakao/n2,nn-search,,{},22.0,,5,False,n2,,,,,40.0,40.0,https://pypi.org/project/n2,164.0,164.0,,,,,,,,,,,,3.0,,,,,,,,,,,
538,TF Ranking,tensorflow/ranking,recommender-systems,,{},36.0,,5,False,tensorflow_ranking,,,,['tensorflow'],,,https://pypi.org/project/tensorflow_ranking,53942.0,53942.0,,,,,,,,,,,,3.0,,,,,,,,,,,
539,recmetrics,statisticianinstilettos/recmetrics,recommender-systems,,{},20.0,,5,False,recmetrics,,,,,64.0,64.0,https://pypi.org/project/recmetrics,279.0,279.0,,,,,,,,,,,,3.0,,,,,,,,,,,
540,TimeSide,Parisson/TimeSide,audio,,{},23.0,,5,False,TimeSide,,,,,20.0,20.0,https://pypi.org/project/TimeSide,178.0,178.0,,,,,,,,,,,,3.0,,,,,,,,,,,
541,PySyft,OpenMined/PySyft,privacy-ml,,{},524.0,,5,False,syft,,,,['pytorch'],1.0,1.0,https://pypi.org/project/syft,7781.0,7781.0,,,,,,,,,,,,2.0,,,,,,,,,,,
542,TensorFlow Privacy,tensorflow/privacy,privacy-ml,,{},63.0,,5,False,tensorflow-privacy,,,,['tensorflow'],,,https://pypi.org/project/tensorflow-privacy,10683.0,10683.0,,,,,,,,,,,,2.0,,,,,,,,,,,
543,Merlin,NVIDIA-Merlin/Merlin,gpu-utilities,,{},32.0,,5,False,merlin-core,,,,,,,https://pypi.org/project/merlin-core,17112.0,17112.0,,,,,,,,,,,,3.0,,,,,,,,,,,
544,AdaBound,Luolc/AdaBound,pytorch-utils,,{},2.0,,5,False,adabound,,,,['pytorch'],233.0,233.0,https://pypi.org/project/adabound,916.0,916.0,,,,,,,,,,,,3.0,,,,,,,,,,,
545,Poutyne,GRAAL-Research/poutyne,pytorch-utils,,{},23.0,,5,False,poutyne,,,,['pytorch'],,,https://pypi.org/project/poutyne,41510.0,41510.0,,,,,,,,,,,,3.0,,,,,,,,,,,
546,facenet-pytorch,timesler/facenet-pytorch,pytorch-utils,,{},18.0,,5,False,facenet-pytorch,,,,['pytorch'],,,https://pypi.org/project/facenet-pytorch,116803.0,116803.0,,,,,,,,,,,,3.0,,,,,,,,,,,
547,TensorFlow Cloud,tensorflow/cloud,tensorflow-utils,,{},31.0,,5,False,tensorflow-cloud,,,,['tensorflow'],,,https://pypi.org/project/tensorflow-cloud,23521.0,23521.0,,,,,,,,,,,,3.0,,,,,,,,,,,
548,evojax,google/evojax,jax-utils,,{},14.0,EvoJAX: Hardware-accelerated Neuroevolution.,5,False,evojax,conda-forge/evojax,,,['jax'],,,https://pypi.org/project/evojax,1521.0,2534.0,https://anaconda.org/conda-forge/evojax,2022-02-14 16:32:21.864,2025-04-22 14:58:11.525,2025-04-22 14:58:11.525000,55752.0,20.0,,,,,,3.0,,,,,,,,,,,
549,scikit-tda,scikit-tda/scikit-tda,sklearn-utils,,{},7.0,,5,False,scikit-tda,,,,['sklearn'],99.0,99.0,https://pypi.org/project/scikit-tda,734.0,734.0,,,,,,,,,,,,3.0,,,,,,,,,,,
550,pymdp,infer-actively/pymdp,others,,{},38.0,,5,False,inferactively-pymdp,,,,,,,https://pypi.org/project/inferactively-pymdp,20072.0,20072.0,,,,,,,,,,,,3.0,,,,,,,,,,,
551,Milvus,milvus-io/milvus,nn-search,,{},373.0,"Milvus --- an open-source, high-performance vector database (https://milvus.io).",4,False,pymilvus,,milvusdb/milvus,,,,,https://pypi.org/project/pymilvus,,,,,,2026-09-03 18:57:38.356433,,,https://hub.docker.com/r/milvusdb/milvus,2026-09-03 18:57:38.356433,106.0,106.0,78536000.0,3.0,,,,,,,,,-7.0,,
552,awesome-machine-learning,josephmisiti/awesome-machine-learning,data-science,,{},741.0,,4,False,,,,,,23.0,23.0,,,,,,,,,,,,,,,1.0,,,,,,,,,,,
553,awesome-quant,wilsonfreitas/awesome-quant,data-science,,{},324.0,,4,False,,,,,,24.0,24.0,,,,,,,,,,,,,,,1.0,,,,,,,,,,,
554,Neural Network Libraries,sony/nnabla,ml-frameworks,,{},76.0,,4,False,nnabla,,,,,,,https://pypi.org/project/nnabla,1298.0,1298.0,,,,,,,,,,,,3.0,,,,,,,,,,,
555,ivis,beringresearch/ivis,ml-frameworks,,{},10.0,,4,False,ivis,,,,,41.0,41.0,https://pypi.org/project/ivis,384.0,384.0,,,,,,,,,,,,3.0,,,,,,,,,,,
556,VizSeq,facebookresearch/vizseq,nlp,,{},5.0,,4,False,vizseq,,,,,13.0,13.0,https://pypi.org/project/vizseq,173.0,173.0,,,,,,,,,,,,3.0,,,,,,,,,,,
557,Texthero,jbesomi/texthero,nlp,,{},21.0,,4,False,texthero,,,,,,,https://pypi.org/project/texthero,1187.0,1187.0,,,,,,,,,,,,3.0,,,,,,,,,,,
558,icevision,airctic/icevision,image,,{},41.0,,4,False,icevision,,,,,,,https://pypi.org/project/icevision,1131.0,1131.0,,,,,,,,,,,,3.0,,,,,,,,,,,
559,deep-daze,lucidrains/deep-daze,image,,{},14.0,,4,False,deep-daze,,,,,56.0,56.0,https://pypi.org/project/deep-daze,121.0,121.0,,,,,,,,,,,,3.0,,,,,,,,,,,
560,PaddleDetection,PaddlePaddle/PaddleDetection,image,,{},188.0,,4,False,paddledet,,,,['paddle'],,,https://pypi.org/project/paddledet,446.0,446.0,,,,,,,,,,,,3.0,,,,,,,,,,,
561,attention-ocr,emedvedev/attention-ocr,ocr,,{},28.0,,4,False,aocr,,,,['tensorflow'],32.0,32.0,https://pypi.org/project/aocr,57.0,57.0,,,,,,,,,,,,3.0,,,,,,,,,,,
562,calamari,Calamari-OCR/calamari,ocr,,{},23.0,,4,False,calamari_ocr,,,,,,,https://pypi.org/project/calamari_ocr,1443.0,1443.0,,,,,,,,,,,,3.0,,,,,,,,,,,
563,responsible-ai-toolbox,microsoft/responsible-ai-toolbox,interpretability,,{},47.0,,4,False,raiwidgets,,,,"['pytorch', 'tensorflow', 'jupyter']",,,https://pypi.org/project/raiwidgets,4715.0,4715.0,,,,,,,,,,,,3.0,,,,,,,,,,,
564,ecco,jalammar/ecco,interpretability,,{},12.0,Visualization tools for NLP machine learning models.,4,False,ecco,conda-forge/ecco,,,['pytorch'],,,https://pypi.org/project/ecco,202.0,367.0,https://anaconda.org/conda-forge/ecco,2021-12-30 22:13:55.932,2025-04-22 14:58:08.015,2025-04-22 14:58:08.015000,9430.0,3.0,,,,,,3.0,,,,,,,,,,,
565,pytorch_geometric_temporal,benedekrozemberczki/pytorch_geometric_temporal,graph,,{},40.0,,4,False,torch-geometric-temporal,,,,['pytorch'],,,https://pypi.org/project/torch-geometric-temporal,2460.0,2460.0,,,,,,,,,,,,3.0,,,,,,,,,,,
566,Neuraxle,Neuraxio/Neuraxle,hyperopt,,{},9.0,,4,False,neuraxle,,,,,69.0,69.0,https://pypi.org/project/neuraxle,100.0,100.0,,,,,,,,,,,,3.0,,,,,,,,,,,
567,Test Tube,williamFalcon/test-tube,hyperopt,,{},16.0,,4,False,test_tube,,,,,,,https://pypi.org/project/test_tube,18381.0,18381.0,,,,,,,,,,,,3.0,,,,,,,,,,,
568,AlphaPy,ScottfreeLLC/AlphaPy,hyperopt,,{},5.0,,4,False,alphapy,,,,,11.0,11.0,https://pypi.org/project/alphapy,162.0,162.0,,,,,,,,,,,,3.0,,,,,,,,,,,
569,Studio.ml,studioml/studio,ml-experiments,,{},24.0,,4,False,studioml,,,,,8.0,8.0,https://pypi.org/project/studioml,267.0,267.0,,,,,,,,,,,,3.0,,,,,,,,,,,
570,PFRL,pfnet/pfrl,reinforcement-learning,,{},21.0,,4,False,pfrl,,,,,128.0,128.0,https://pypi.org/project/pfrl,,,,,,,,,,,,,,3.0,,,,,,,,,,,
571,TensorLayerx,tensorlayer/tensorlayerx,reinforcement-learning,,{},13.0,,4,False,tensorlayerx,,,,['tensorflow'],31.0,31.0,https://pypi.org/project/tensorlayerx,221.0,221.0,,,,,,,,,,,,3.0,,,,,,,,,,,
572,BigDL,intel-analytics/BigDL,distributed-ml,,{},125.0,,4,False,bigdl,,,,,,,https://pypi.org/project/bigdl,1564.0,1564.0,,,,,,,,,,,,3.0,,,,,,,,,,com.intel.analytics.bigdl:bigdl-SPARK_2.4,https://search.maven.org/artifact/com.intel.analytics.bigdl/bigdl-SPARK_2.4
573,BytePS,bytedance/byteps,distributed-ml,,{},21.0,,4,False,byteps,,bytepsimage/tensorflow,,,,,https://pypi.org/project/byteps,72.0,72.0,,,,2020-03-03 02:33:23.358610,,,https://hub.docker.com/r/bytepsimage/tensorflow,2020-03-03 02:33:23.358610,,,2168.0,3.0,Apache-2.0,,,,,,,,,,
574,parallelformers,tunib-ai/parallelformers,distributed-ml,,{},5.0,,4,False,parallelformers,,,,,75.0,75.0,https://pypi.org/project/parallelformers,80.0,80.0,,,,,,,,,,,,3.0,,,,,,,,,,,
575,pytorch_tabular,manujosephv/pytorch_tabular,tabular,,{},29.0,,4,False,pytorch_tabular,,,,['pytorch'],,,https://pypi.org/project/pytorch_tabular,5049.0,5049.0,,,,,,,,,,,,3.0,,,,,,,,,,,
576,NGT,yahoojapan/NGT,nn-search,,{},22.0,,4,False,ngt,,,,,,,https://pypi.org/project/ngt,3617.0,3617.0,,,,,,,,,,,,3.0,,,,,,,,,,,
577,Larq Compute Engine,larq/compute-engine,model-serialisation,,{},19.0,,4,False,larq-compute-engine,,,,,11.0,11.0,https://pypi.org/project/larq-compute-engine,170.0,170.0,,,,,,,,,,,,3.0,,,,,,,,,,,
578,ArrayFire,arrayfire/arrayfire,gpu-utilities,,{},97.0,,4,False,arrayfire,,,,,,,https://pypi.org/project/arrayfire,2690.0,2690.0,,,,,,,,,,,,3.0,,,,,,,,,,,
579,cuML,rapidsai/cuml,gpu-utilities,,{},206.0,,4,False,cuml,,,,,,,https://pypi.org/project/cuml,723.0,723.0,,,,,,,,,,,,3.0,,,,,,,,,,,
580,textflint,textflint/textflint,adversarial,,{},18.0,,4,False,textflint,,,,,21.0,21.0,https://pypi.org/project/textflint,223.0,223.0,,,,,,,,,,,,3.0,,,,,,,,,,,
581,tinygrad,geohot/tinygrad,pytorch-utils,,{},499.0,,4,False,,,,,['pytorch'],23.0,23.0,,,,,,,,,,,,,,,3.0,,,,,,,,,,,
582,Higher,facebookresearch/higher,pytorch-utils,,{},8.0,,4,False,higher,,,,['pytorch'],,,https://pypi.org/project/higher,9109.0,9109.0,,,,,,,,,,,,3.0,,,,,,,,,,,
583,dabl,dabl/dabl,sklearn-utils,,{},24.0,,4,False,dabl,,,,['sklearn'],,,https://pypi.org/project/dabl,1802.0,1802.0,,,,,,,,,,,,3.0,,,,,,,,,,,
584,Mars,mars-project/mars,others,,{},53.0,,4,False,pymars,,,,,,,https://pypi.org/project/pymars,5318.0,5318.0,,,,,,,,,,,,3.0,,,,,,,,,,,
585,PaddleHub,PaddlePaddle/PaddleHub,others,,{},70.0,,4,False,paddlehub,,,,['paddle'],,,https://pypi.org/project/paddlehub,2509.0,2509.0,,,,,,,,,,,,3.0,,,,,,,,,,,
586,pykale,pykale/pykale,others,,{},32.0,,4,False,pykale,,,,['pytorch'],7.0,7.0,https://pypi.org/project/pykale,153.0,153.0,,,,,,,,,,,,3.0,,,,,,,,,,,
587,awesome-python-data-science,krzjoa/awesome-python-data-science,data-science,,{},39.0,,3,False,,,,,,10.0,10.0,,,,,,,,,,,,,,,2.0,,,,,,,,,,,
588,Machine-Learning-Tutorials,ujjwalkarn/Machine-Learning-Tutorials,data-science,,{},34.0,,3,False,,,,,,23.0,23.0,,,,,,,,,,,,,,,2.0,,,,,,,,,,,
589,ML in production,eugeneyan/applied-ml,data-science,,{},53.0,,3,False,,,,,,24.0,24.0,,,,,,,,,,,,,,,2.0,,,,,,,,,,,
590,EvaDB,georgia-tech-db/eva,ml-frameworks,,{},72.0,,3,False,evadb,,,,['pytorch'],,,https://pypi.org/project/evadb,274.0,274.0,,,,,,,,,,,,3.0,,,,,,,,,,,
591,finetune,IndicoDataSolutions/finetune,nlp,,{},25.0,,3,False,finetune,,,,"['tensorflow', 'sklearn']",16.0,16.0,https://pypi.org/project/finetune,,,,,,,,,,,,,,3.0,,,,,,,,,,,
592,fast-bert,utterworks/fast-bert,nlp,,{},37.0,,3,False,fast-bert,,,,,,,https://pypi.org/project/fast-bert,188.0,188.0,,,,,,,,,,,,3.0,,,,,,,,,,,
593,Sockeye,awslabs/sockeye,nlp,,{},61.0,,3,False,sockeye,,,,['pytorch'],,,https://pypi.org/project/sockeye,709.0,709.0,,,,,,,,,,,,3.0,,,,,,,,,,,
594,Caer,jasmcaus/caer,image,,{},8.0,"A lightweight Computer Vision library. Scale your models, not boilerplate.",3,False,caer,,,https://caer.rtfd.io,,,,https://pypi.org/project/caer,1992.0,1992.0,,,,,,,,,,,,3.0,,,,,,,,,,,
595,PySlowFast,facebookresearch/SlowFast,image,,{},39.0,,3,False,pyslowfast,,,,['pytorch'],23.0,23.0,https://pypi.org/project/pyslowfast,18.0,18.0,,,,,,,,,,,,3.0,,,,,,,,,,,
596,DE⫶TR,facebookresearch/detr,image,,{},27.0,,3,False,,,,,['pytorch'],24.0,24.0,,,,,,,,,,,,,,,3.0,,,,,,,,,,,
597,sklearn-evaluation,edublancas/sklearn-evaluation,interpretability,,{},19.0,,3,False,sklearn-evaluation,,,,['sklearn'],,,https://pypi.org/project/sklearn-evaluation,1845.0,1845.0,,,,,,,,,,,,3.0,,,,,,,,,,,
598,fairness-indicators,tensorflow/fairness-indicators,interpretability,,{},39.0,,3,False,fairness-indicators,,,,"['tensorflow', 'jupyter']",,,https://pypi.org/project/fairness-indicators,683.0,683.0,,,,,,,,,,,,3.0,,,,,,,,,,,
599,model-card-toolkit,tensorflow/model-card-toolkit,interpretability,,{},22.0,,3,False,model-card-toolkit,,,,,,,https://pypi.org/project/model-card-toolkit,270.0,270.0,,,,,,,,,,,,3.0,,,,,,,,,,,
600,Anchor,marcotcr/anchor,interpretability,,{},10.0,,3,False,anchor_exp,,,,,,,https://pypi.org/project/anchor_exp,1133.0,1133.0,,,,,,,,,,,,3.0,,,,,,,,,,,
601,GraphVite,DeepGraphLearning/graphvite,graph,,{},,A general and high-performance graph embedding system for various applications.,3,False,,milagraph/graphvite,,,,,,,,65.0,https://anaconda.org/milagraph/graphvite,2019-08-05 06:16:49.612,2025-03-25 16:27:49.968,2025-03-25 16:27:49.968000,5606.0,4.0,,,,,,3.0,,,,,,,,,,,
602,PyTorch-BigGraph,facebookresearch/PyTorch-BigGraph,graph,,{},32.0,,3,False,torchbiggraph,,,,['pytorch'],,,https://pypi.org/project/torchbiggraph,771.0,771.0,,,,,,,,,,,,3.0,,,,,,,,,,,
603,DIG,divelab/DIG,graph,,{},50.0,,3,False,dig,,,,,,,https://pypi.org/project/dig,325.0,325.0,,,,,,,,,,,,3.0,,,,,,,,,,,
604,FinQuant,fmilthaler/FinQuant,financial-data,,{},7.0,,3,False,FinQuant,,,,,100.0,100.0,https://pypi.org/project/FinQuant,,,,,,,,,,,,,,3.0,,,,,,,,,,,
605,tf-quant-finance,google/tf-quant-finance,financial-data,,{},49.0,,3,False,tf-quant-finance,,,,['tensorflow'],,,https://pypi.org/project/tf-quant-finance,314.0,314.0,,,,,,,,,,,,3.0,,,,,,,,,,,
606,AdaNet,tensorflow/adanet,hyperopt,,{},27.0,,3,False,adanet,,,,['tensorflow'],,,https://pypi.org/project/adanet,505.0,505.0,,,,,,,,,,,,3.0,,,,,,,,,,,
607,Auto Tune Models,HDI-Project/ATM,hyperopt,,{},17.0,,3,False,atm,,,,,26.0,26.0,https://pypi.org/project/atm,113.0,113.0,,,,,,,,,,,,3.0,,,,,,,,,,,
608,chitra,gradsflow/chitra,ml-experiments,,{},14.0,A multi functional library for full stack Deep Learning.,3,False,chitra,conda-forge/chitra,,,,,,https://pypi.org/project/chitra,93.0,226.0,https://anaconda.org/conda-forge/chitra,2022-01-13 13:30:34.982,2025-04-22 14:58:08.672,2025-04-22 14:58:08.672000,7478.0,1.0,,,,,,3.0,,,,,,,,,,,
609,rliable,google-research/rliable,reinforcement-learning,,{},9.0,,3,False,rliable,,,,,,,https://pypi.org/project/rliable,6646.0,6646.0,,,,,,,,,,,,3.0,,,,,,,,,,,
610,mesh-transformer-jax,kingoflolz/mesh-transformer-jax,distributed-ml,,{},23.0,,3,False,,,,,['jax'],23.0,23.0,,,,,,,,,,,,,,,3.0,,,,,,,,,,,
611,launchpad,deepmind/launchpad,distributed-ml,,{},28.0,,3,False,dm-launchpad,,,,['tensorflow'],,,https://pypi.org/project/dm-launchpad,963.0,963.0,,,,,,,,,,,,3.0,,,,,,,,,,,
612,greykite,linkedin/greykite,time-series-data,,{},10.0,,3,False,greykite,,,,,50.0,50.0,https://pypi.org/project/greykite,,,,,,,,,,,,,,3.0,,,,,,,,,,,
613,luminaire,zillow/luminaire,time-series-data,,{},11.0,,3,False,luminaire,,,,,5.0,5.0,https://pypi.org/project/luminaire,158.0,158.0,,,,,,,,,,,,3.0,,,,,,,,,,,
614,Spotlight,maciejkula/spotlight,recommender-systems,,{},11.0,,3,False,,maciejkula/spotlight,,,['pytorch'],,,,,87.0,https://anaconda.org/maciejkula/spotlight,2017-06-28 21:27:28.858,2025-03-25 16:28:52.378,2025-03-25 16:28:52.378000,9717.0,6.0,,,,,,3.0,,,,,,,,,,,
615,Case Recommender,caserec/CaseRecommender,recommender-systems,,{},11.0,,3,False,caserecommender,,,,['sklearn'],15.0,15.0,https://pypi.org/project/caserecommender,113.0,113.0,,,,,,,,,,,,3.0,,,,,,,,,,,
616,TTS,mozilla/TTS,audio,,{},56.0,,3,False,,,,,,24.0,24.0,,,,,,,,,,,,,,,3.0,,,,,,,,,,,
617,ml-ane-transformers,apple/ml-ane-transformers,model-serialisation,,{},,,3,False,ane-transformers,,,,['pytorch'],,,https://pypi.org/project/ane-transformers,2307.0,2307.0,,,,,,,,,,,,3.0,,,,,,,,,,,
618,PipelineDP,OpenMined/PipelineDP,privacy-ml,,{},35.0,,3,False,pipeline-dp,,,,,,,https://pypi.org/project/pipeline-dp,363.0,363.0,,,,,,,,,,,,3.0,,,,,,,,,,,
619,CrypTen,facebookresearch/CrypTen,privacy-ml,,{},40.0,,3,False,crypten,,,,['pytorch'],,,https://pypi.org/project/crypten,305.0,305.0,,,,,,,,,,,,3.0,,,,,,,,,,,
620,DALI,NVIDIA/DALI,gpu-utilities,,{},106.0,,3,False,,,,,,,,,,,,,,,,,,,,,,3.0,Apache-2.0,,,,,,,,,,
621,BlazingSQL,BlazingDB/blazingsql,gpu-utilities,,{},50.0,,3,False,,blazingsql/blazingsql-protocol,,,,,,,,13.0,https://anaconda.org/blazingsql/blazingsql-protocol,2019-09-13 21:17:37.888,2025-03-25 16:26:10.601,2025-03-25 16:26:10.601000,1168.0,5.0,,,,,,3.0,,,,,,,,,,,
622,torch-uncertainty,ENSTA-U2IS-AI/torch-uncertainty,probabilistics,,{},20.0,,3,False,torch-uncertainty,,,,,,,https://pypi.org/project/torch-uncertainty,1667.0,1667.0,,,,,,,,,,,,3.0,,,,,,,,,,,
623,Performer Pytorch,lucidrains/performer-pytorch,pytorch-utils,,{},6.0,,3,False,performer-pytorch,,,,['pytorch'],,,https://pypi.org/project/performer-pytorch,3717.0,3717.0,,,,,,,,,,,,3.0,,,,,,,,,,,
624,Pytorch Toolbelt,BloodAxe/pytorch-toolbelt,pytorch-utils,,{},9.0,,3,False,pytorch_toolbelt,,,,['pytorch'],,,https://pypi.org/project/pytorch_toolbelt,6642.0,6642.0,,,,,,,,,,,,3.0,,,,,,,,,,,
625,Torch-Struct,harvardnlp/pytorch-struct,pytorch-utils,,{},16.0,,3,False,torch-struct,,,,['pytorch'],,,https://pypi.org/project/torch-struct,4427.0,4427.0,,,,,,,,,,,,3.0,,,,,,,,,,,
626,TF Compression,tensorflow/compression,tensorflow-utils,,{},26.0,,3,False,tensorflow-compression,,,,['tensorflow'],,,https://pypi.org/project/tensorflow-compression,902.0,902.0,,,,,,,,,,,,3.0,,,,,,,,,,,
627,DESlib,scikit-learn-contrib/DESlib,sklearn-utils,,{},18.0,,3,False,deslib,,,,['sklearn'],,,https://pypi.org/project/deslib,1666.0,1666.0,,,,,,,,,,,,3.0,,,,,,,,,,,
628,Towhee,towhee-io/towhee,others,,{},38.0,,3,False,towhee,,,,,,,https://pypi.org/project/towhee,1059.0,1059.0,,,,,,,,,,,,3.0,,,,,,,,,,,
629,rrcf,kLabUM/rrcf,others,,{},7.0,,3,False,rrcf,,,,,107.0,107.0,https://pypi.org/project/rrcf,,,,,,,,,,,,,,3.0,,,,,,,,,,,
630,Brainiak,brainiak/brainiak,medical-data,,{},37.0,,2,False,brainiak,,brainiak/brainiak,,,,,https://pypi.org/project/brainiak,866.0,866.0,,,,2025-01-07 00:51:13.258034,,,https://hub.docker.com/r/brainiak/brainiak,2025-01-07 00:51:13.258034,1.0,1.0,2895.0,3.0,,,,,,,,,,,
631,awesome-datascience,academic/awesome-datascience,data-science,,{},339.0,,2,False,,,,,,,,,,,,,,,,,,,,,,2.0,,,,,,,,,,,
632,awesome-semantic-segmentation,mrgloom/awesome-semantic-segmentation,data-science,,{},16.0,,2,False,,,,,,23.0,23.0,,,,,,,,,,,,,,,2.0,,,,,,,,,,,
633,Awesome-LLMOps,tensorchord/Awesome-LLMOps,data-science,,{},150.0,,2,False,,,,,,,,,,,,,,,,,,,,,,2.0,,,,,,,,,,,
634,awesome-public-datasets,awesomedata/awesome-public-datasets,data-science,,{},167.0,,2,False,,,,,,,,,,,,,,,,,,,,,,2.0,,,,,,,,,,,
635,larq,larq/larq,ml-frameworks,,{},20.0,,2,False,larq,,,,['tensorflow'],,,https://pypi.org/project/larq,702.0,702.0,,,,,,,,,,,,3.0,,,,,,,,,,,
636,runhouse,run-house/runhouse,ml-frameworks,,{},20.0,,2,False,runhouse,,,,,,,https://pypi.org/project/runhouse,405.0,405.0,,,,,,,,,,,,3.0,,,,,,,,,,,
637,nebuly,nebuly-ai/nebuly,nlp,,{},,,2,False,nebuly,,,,,,,https://pypi.org/project/nebuly,178.0,178.0,,,,,,,,,,,,3.0,,,,,,,,,,,
638,lightseq,bytedance/lightseq,nlp,,{},19.0,,2,False,lightseq,,,,,,,https://pypi.org/project/lightseq,477.0,477.0,,,,,,,,,,,,3.0,,,,,,,,,,,
639,vissl,facebookresearch/vissl,image,,{},38.0,,2,False,vissl,,,,['pytorch'],,,https://pypi.org/project/vissl,52.0,52.0,,,,,,,,,,,,3.0,,,,,,,,,,,
640,nude.py,hhatto/nude.py,image,,{},12.0,,2,False,nudepy,,,,,,,https://pypi.org/project/nudepy,277.0,277.0,,,,,,,,,,,,3.0,,,,,,,,,,,
641,CausalNex,quantumblacklabs/causalnex,interpretability,,{},,,2,False,causalnex,,,,"['pytorch', 'sklearn']",,,https://pypi.org/project/causalnex,,,,,,,,,,,,,,3.0,Apache-2.0,,,,,,,,,,
642,FlashTorch,MisaOgura/flashtorch,interpretability,,{},2.0,,2,False,flashtorch,,,,['pytorch'],23.0,23.0,https://pypi.org/project/flashtorch,141.0,141.0,,,,,,,,,,,,3.0,,,,,,,,,,,
643,bias-detector,intuit/bias-detector,interpretability,,{},4.0,,2,False,bias-detector,,,,,4.0,4.0,https://pypi.org/project/bias-detector,65.0,65.0,,,,,,,,,,,,3.0,,,,,,,,,,,
644,ExplainX.ai,explainX/explainx,interpretability,,{},6.0,,2,False,explainx,,,,,7.0,7.0,https://pypi.org/project/explainx,26.0,26.0,,,,,,,,,,,,3.0,,,,,,,,,,,
645,graph4nlp,graph4ai/graph4nlp,graph,,{},29.0,,2,False,graph4nlp,,,,['pytorch'],,,https://pypi.org/project/graph4nlp,54.0,54.0,,,,,,,,,,,,3.0,,,,,,,,,,,
646,opytimizer,gugarosa/opytimizer,hyperopt,,{},5.0,,2,False,opytimizer,,,,,,,https://pypi.org/project/opytimizer,528.0,528.0,,,,,,,,,,,,3.0,,,,,,,,,,,
647,datmo,datmo/datmo,ml-experiments,,{},6.0,,2,False,datmo,,,,,7.0,7.0,https://pypi.org/project/datmo,63.0,63.0,,,,,,,,,,,,3.0,,,,,,,,,,,
648,azureml-examples,Azure/azureml-examples,ml-experiments,,{},285.0,,2,False,,,,,,,,,,,,,,,,,,,,,,3.0,,,,,,,,,,,
649,Pearl,facebookresearch/Pearl,reinforcement-learning,,{},54.0,,2,False,pearl,,,,,,,https://pypi.org/project/pearl,131.0,131.0,,,,,,,,,,,,3.0,,,,,,,,,,,
650,Maze,enlite-ai/maze,reinforcement-learning,,{},3.0,Maze is an application-oriented deep reinforcement learning framework.,2,False,maze-rl,,enliteai/maze,,['pytorch'],,,https://pypi.org/project/maze-rl,43.0,43.0,,,,2025-11-21 11:11:16.871310,,,https://hub.docker.com/r/enliteai/maze,2025-11-21 11:11:16.871310,,,1388.0,3.0,Custom,,,,,,,,,,
651,DeepNeuro,QTIM-Lab/DeepNeuro,medical-data,,{},6.0,,2,False,deepneuro,,,,,3.0,3.0,https://pypi.org/project/deepneuro,24.0,24.0,,,,,,,,,,,,3.0,,,,,,,,,,,
652,MedicalNet,Tencent/MedicalNet,medical-data,,{},,,2,False,,,,,,,,,,,,,,,,,,,,,,3.0,MIT,,,,,,,,,,
653,horovod,horovod/horovod,distributed-ml,,{},179.0,,2,False,horovod,,,,,,,https://pypi.org/project/horovod,,,,,,,,,,,,,,3.0,,,,,stable/horovod,,,,,,
654,OpenRec,ylongqi/openrec,recommender-systems,,{},11.0,,2,False,openrec,,,,,5.0,5.0,https://pypi.org/project/openrec,28.0,28.0,,,,,,,,,,,,3.0,,,,,,,,,,,
655,tts-generation-webui,rsxdalv/tts-generation-webui,audio,,{},15.0,,2,False,,,,,,11.0,11.0,,,,,,,,,,,,,,,3.0,,,,,,,,,,,
656,modelkit,Cornerstone-OnDemand/modelkit,model-serialisation,,{},14.0,,2,False,modelkit,,,,,,,https://pypi.org/project/modelkit,758.0,758.0,,,,,,,,,,,,3.0,,,,,,,,,,,
657,jaxdf,ucl-bug/jaxdf,jax-utils,,{},4.0,,2,False,,,,,['jax'],13.0,13.0,,,,,,,,,,,,,,,3.0,,,,,,,,,,,
658,Image Super-Resolution,idealo/image-super-resolution,image,,{},11.0,Implementation of RDN for image super resolution.,1,False,ISR,,idealo/image-super-resolution-gpu,,['tensorflow'],,,https://pypi.org/project/ISR,629.0,629.0,,,,2019-04-01 13:48:45.697251,,,https://hub.docker.com/r/idealo/image-super-resolution-gpu,2019-04-01 13:48:45.697251,1.0,1.0,1144.0,3.0,,,,,,,,,,,
659,best-of-ml-python,ml-tooling/best-of-ml-python,data-science,,{},57.0,,1,False,,,,,,,,,,,,,,,,,,,,,,3.0,,,,,,,,,,,
660,awesome-agents,kyrolabs/awesome-agents,data-science,,{},129.0,,1,False,,,,,,,,,,,,,,,,,,,,,,3.0,,,,,,,,,,,
661,awesome-ai-agents,e2b-dev/awesome-ai-agents,data-science,,{},60.0,,1,False,,,,,,,,,,,,,,,,,,,,,,3.0,,,,,,,,,,,
662,awesome_time_series_in_python,MaxBenChrist/awesome_time_series_in_python,data-science,,{},23.0,,1,False,,,,,,,,,,,,,,,,,,,,,,3.0,,,,,,,,,,,
663,Awesome-LLM,Hannibal046/Awesome-LLM,data-science,,{},134.0,,1,False,,,,,,,,,,,,,,,,,,,,,,3.0,,,,,,,,,,,
664,mace,XiaoMi/mace,ml-frameworks,,{},69.0,,1,False,,,,,,,,,,,,,,,,,,,,,,3.0,,,,,,,,,,,
665,NeuralCompression,facebookresearch/NeuralCompression,image,,{},10.0,,1,False,neuralcompression,,,,,,,https://pypi.org/project/neuralcompression,123.0,123.0,,,,,,,,,,,,3.0,,,,,,,,,,,
666,scenic,google-research/scenic,image,,{},100.0,,1,False,,,,,['jax'],,,,,,,,,,,,,,,,,3.0,,,,,,,,,,,
667,tensorflow-graphics,tensorflow/graphics,image,,{},41.0,,1,False,tensorflow-graphics,,,,['tensorflow'],,,https://pypi.org/project/tensorflow-graphics,,,,,,,,,,,,,,3.0,,,,,,,,,-5.0,,
668,interpret-text,interpretml/interpret-text,interpretability,,{},18.0,,1,False,interpret-text,,,,['jupyter'],,,https://pypi.org/project/interpret-text,70.0,70.0,,,,,,,,,,,,3.0,,,,,,,,,,,
669,Attribution Priors,suinleelab/attributionpriors,interpretability,,{},6.0,,1,False,attributionpriors,,,,"['tensorflow', 'pytorch']",7.0,7.0,https://pypi.org/project/attributionpriors,,,,,,,,,,,,,,3.0,,,,,,,,,,,
670,pyRDF2Vec,IBCNServices/pyRDF2Vec,graph,,{},7.0,Python Implementation and Extension of RDF2Vec.,1,False,pyrdf2vec,,,,,,,https://pypi.org/project/pyrdf2vec,135.0,135.0,,,,,,,,,,,,3.0,,,,,,,,,,,
671,typedb-ml,vaticle/typedb-ml,graph,,{},13.0,,1,False,typedb-ml,,,,,,,https://pypi.org/project/typedb-ml,48.0,48.0,,,,,,,,,,,,3.0,,,,,,,,,,,
672,Backtesting.py,kernc/backtesting.py,financial-data,,{},46.0,,1,False,backtesting,,,,,,,https://pypi.org/project/backtesting,,,,,,,,,,,,,,3.0,,,,,,,,,-5.0,,
673,HyperparameterHunter,HunterMcGushion/hyperparameter_hunter,hyperopt,,{},4.0,,1,False,hyperparameter-hunter,,,,,,,https://pypi.org/project/hyperparameter-hunter,77.0,77.0,,,,,,,,,,,,3.0,,,,,,,,,,,
674,Auptimizer,LGE-ARC-AdvancedAI/auptimizer,hyperopt,,{},11.0,,1,False,auptimizer,,,,,,,https://pypi.org/project/auptimizer,70.0,70.0,,,,,,,,,,,,3.0,,,,,,,,,,,
675,MONAILabel,Project-MONAI/MONAILabel,medical-data,,{},73.0,,1,False,monailabel-weekly,,,,,,,https://pypi.org/project/monailabel-weekly,,,,,,,,,,,,,,3.0,,,,,,,,,,,
676,bluefog,Bluefog-Lib/bluefog,distributed-ml,,{},9.0,,1,False,bluefog,,,,['pytorch'],5.0,5.0,https://pypi.org/project/bluefog,15.0,15.0,,,,,,,,,,,,3.0,,,,,,,,,,,
677,MMLSpark,microsoft/SynapseML,distributed-ml,,{},133.0,,1,False,mmlspark,,,,['spark'],,,https://pypi.org/project/mmlspark,,,,,,,,,,,,,,3.0,,,,,,,,,,,
678,Collie,ShopRunner/collie,recommender-systems,,{},,,1,False,collie,,,,['pytorch'],,,https://pypi.org/project/collie,85.0,85.0,,,,,,,,,,,,3.0,,,,,,,,,,,
679,rs_metrics,Darel13712/rs_metrics,recommender-systems,,{},,,1,False,rs_metrics,,,,,,,https://pypi.org/project/rs_metrics,33.0,33.0,,,,,,,,,,,,3.0,,,,,,,,,,,
680,backprop,backprop-ai/backprop,model-serialisation,,{},8.0,,1,False,backprop,,,,,,,https://pypi.org/project/backprop,107.0,107.0,,,,,,,,,,,,3.0,,,,,,,,,,,
681,FATE,FederatedAI/FATE,privacy-ml,,{},102.0,,1,False,ETAF,,,,,1.0,1.0,https://pypi.org/project/ETAF,4.0,4.0,,,,,,,,,,,,3.0,,,,,,,,,,,
682,KD-Lib,SforAiDl/KD_Lib,pytorch-utils,,{},6.0,,1,False,KD-Lib,,,,['pytorch'],,,https://pypi.org/project/KD-Lib,44.0,44.0,,,,,,,,,,,,3.0,,,,,,,,,,,
683,TensorFlow I/O,tensorflow/io,tensorflow-utils,,{},116.0,,1,False,tensorflow-io,,,,['tensorflow'],,,https://pypi.org/project/tensorflow-io,,,,,,,,,,,,,,3.0,,,,,,,,,-5.0,,
684,pandas-ai,gventuri/pandas-ai,others,,{},112.0,,1,False,pandas-ai,,,,,,,https://pypi.org/project/pandas-ai,,,,,,,,,,,,,,3.0,,,,,,,,,,,
685,StreamAlert,airbnb/streamalert,others,,{},33.0,,1,False,,,,,,,,,,,,,,,,,,,,,,3.0,,,,,,,,,,,
686,awesome-time-series,lmmentel/awesome-time-series,data-science,,{},14.0,,0,False,,,,,,,,,,,,,,,,,,,,,,,,,,,,,,,,,
687,Data-science,khuyentran1401/Data-science,data-science,,{},8.0,,0,False,,,,,,,,,,,,,,,,,,,,,,,,,,,,,,,,,
688,datascience,r0f1/datascience,data-science,,{},20.0,,0,False,,,,,,,,,,,,,,,,,,,,,,,,,,,,,,,,,
689,Production-Level-Deep-Learning,alirezadir/Production-Level-Deep-Learning,data-science,,{},11.0,,0,False,,,,,,,,,,,,,,,,,,,,,,,,,,,,,,,,,
690,kaggle-solutions,faridrashidi/kaggle-solutions,data-science,,{},5.0,,0,False,,,,,,,,,,,,,,,,,,,,,,,,,,,,,,,,,
691,nupic.torch,numenta/nupic.torch,ml-frameworks,,{},14.0,,0,False,nupic.torch,,,,,,,https://pypi.org/project/nupic.torch,,,,,,,,,,,,,,,,,,,,,,,,,
692,OpenKE,thunlp/OpenKE,graph,,{},14.0,,0,False,,,,,,,,,,,,,,,,,,,,,,,,,,,,,,,,,
693,OpenNE,thunlp/OpenNE,graph,,{},12.0,,0,False,,,,,['tensorflow'],,,,,,,,,,,,,,,,,,,,,,,,,,,,
694,GraphEmbedding,shenweichen/GraphEmbedding,graph,,{},9.0,,0,False,,,,,['sklearn'],,,,,,,,,,,,,,,,,,,,,,,,,,,,
695,surpriver,tradytics/surpriver,financial-data,,{},6.0,,0,False,,,,,,,,,,,,,,,,,,,,,,,,,,,,,,,,,
696,finmarketpy,cuemacro/finmarketpy,financial-data,,{},19.0,,0,False,finmarketpy,,,,,,,https://pypi.org/project/finmarketpy,,,,,,,,,,,,,,,,,,,,,,,,,
697,traintool,jrieke/traintool,ml-experiments,,{},,,0,False,traintool,,,,"['pytorch', 'tensorflow', 'sklearn']",,,https://pypi.org/project/traintool,14.0,14.0,,,,,,,,,,,,,,,,,,,,,,,
698,nnDetection,MIC-DKFZ/nnDetection,medical-data,,{},12.0,,0,False,,,,,['pytorch'],,,,,,,,,,,,,,,,,,,,,,,,,,,,
699,moolib,facebookresearch/moolib,distributed-ml,,{},6.0,,0,False,,,,,['pytorch'],,,,,,,,,,,,,,,,,,,,,,,,,,,,
700,rvc-tts-webui,litagin02/rvc-tts-webui,audio,,{},,,0,False,,,,,,,,,,,,,,,,,,,,,,,,,,,,,,,,,
701,Retrieval-based-Voice-Conversion-WebUI,RVC-Project/Retrieval-based-Voice-Conversion-WebUI,audio,,{},,,0,False,,,,,,,,,,,,,,,,,,,,,,,,,,,,,,,,,
702,audio-webui,gitmylo/audio-webui,audio,,{},10.0,,0,False,,,,,,,,,,,,,,,,,,,,,,,,,,,,,,,,,
703,ultimatevocalremovergui,Anjok07/ultimatevocalremovergui,audio,,{},8.0,,0,False,,,,,,,,,,,,,,,,,,,,,,,,,,,,,,,,,
704,textlesslib,facebookresearch/textlesslib,audio,,{},8.0,,0,False,,,,,['pytorch'],,,,,,,,,,,,,,,,,,,,,,,,,,,,
705,benchmark_VAE,clementchadebec/benchmark_VAE,pytorch-utils,,{},18.0,,0,False,,,,,['pytorch'],,,,,,,,,,,,,,,,,,,,,,,,,,,,
706,traingenerator,jrieke/traingenerator,others,,{},3.0,,0,False,,,,,,,,,,,,,,,,,,,,,,,,,,,,,,,,,
707,awesome-RecSys,jihoo-kim/awesome-RecSys,data-science,,{},2.0,,-1,False,,,,,,,,,,,,,,,,,,,,,,3.0,,,,,,,,,,,
708,AutoGL,THUMNLab/AutoGL,graph,,{},18.0,,-1,False,auto-graph-learning,,,,['pytorch'],,,https://pypi.org/project/auto-graph-learning,2.0,2.0,,,,,,,,,,,,3.0,,,,,,,,,,,
709,tslumen,hsbc/tslumen,time-series-data,,{},2.0,,-1,False,tslumen,conda-forge/tslumen,,,,,,https://pypi.org/project/tslumen,15.0,15.0,https://anaconda.org/conda-forge/tslumen,,,,,,,,,,,3.0,,,,,,,,,,,
