,name,github_id,category,resource,homepage,contributor_count,description,projectrank,show,pypi_id,conda_id,dockerhub_id,docs_url,labels,dependent_project_count,github_dependent_project_count,pypi_url,pypi_monthly_downloads,monthly_downloads,conda_url,created_at,conda_latest_release_published_at,updated_at,conda_total_downloads,release_count,dockerhub_url,dockerhub_latest_release_published_at,dockerhub_stars,star_count,dockerhub_pulls,projectrank_placing,license,npm_id,npm_url,npm_monthly_downloads,helm_id,trending,brew_id,apt_id,yum_id,maven_id,maven_url
0,ANN Benchmarks,erikbern/ann-benchmarks,nn-search,True,{},112.0,,0,True,,,,,,,,,,,,,,,,,,,,,,,,,,,,,,,,,
1,best-of-web-python - Web Scraping,ml-tooling/best-of-web-python,web-scraping,True,https://github.com/ml-tooling/best-of-web-python#web-scraping--crawling,17.0,Collection of web-scraping and crawling libraries.,0,True,,,,,,,,,,,,,,,,,,,,,,,,,,,,,,,,,
2,best-of-python - Data Extraction,ml-tooling/best-of-python,data-loading,True,https://github.com/ml-tooling/best-of-python#data-loading--extraction,18.0,Collection of data-loading and -extraction libraries.,0,True,,,,,,,,,,,,,,,,,,,,,,,,,,,,,,,,,
3,best-of-python - DB Clients,ml-tooling/best-of-python,db-clients,True,https://github.com/ml-tooling/best-of-python#database-clients,18.0,Collection of database clients for python.,0,True,,,,,,,,,,,,,,,,,,,,,,,,,,,,,,,,,
4,best-of-python - Data Containers,ml-tooling/best-of-python,data-containers,True,https://github.com/ml-tooling/best-of-python#data-containers--dataframes,18.0,"Collection of data-container, dataframe, and pandas-utility libraries.",0,True,,,,,,,,,,,,,,,,,,,,,,,,,,,,,,,,,
5,best-of-python - Data Pipelines,ml-tooling/best-of-python,data-pipelines,True,https://github.com/ml-tooling/best-of-python#data-pipelines--streaming,18.0,"Libraries for data batch- and stream-processing, workflow automation, job scheduling, and other data pipeline tasks.",0,True,,,,,,,,,,,,,,,,,,,,,,,,,,,,,,,,,
6,Tensorflow,tensorflow/tensorflow,ml-frameworks,,{},5245.0,TensorFlow is an end-to-end open source platform for machine learning.,25,False,tensorflow,conda-forge/tensorflow,tensorflow/tensorflow,https://www.tensorflow.org/overview,['tensorflow'],547605.0,547605.0,https://pypi.org/project/tensorflow,18874488.0,20105015.0,https://anaconda.org/conda-forge/tensorflow,2020-07-15 17:39:13.415,2026-08-19 19:35:24.819,2026-08-20 12:50:15.766943,7287368.0,47.0,https://hub.docker.com/r/tensorflow/tensorflow,2026-08-20 12:50:15.766943,2916.0,2916.0,82541229.0,1.0,,,,,,,,,,,
7,Pillow,python-pillow/Pillow,image,,{},521.0,Pillow is the friendly PIL fork by Alex Clark and Contributors.,25,True,Pillow,conda-forge/pillow,,,,2476832.0,2476832.0,https://pypi.org/project/Pillow,565616331.0,566747280.0,https://anaconda.org/conda-forge/pillow,2020-07-02 12:37:30.903,2026-07-01 14:19:14.756,2026-07-01 14:19:14.756000,82559286.0,60.0,,,,,,1.0,PIL,,,,,,,,,,
8,Matplotlib,matplotlib/matplotlib,data-viz,,{},1904.0,Publication quality figures in Python.,25,True,matplotlib,conda-forge/matplotlib,,,,1916166.0,1916166.0,https://pypi.org/project/matplotlib,246154728.0,246718955.0,https://anaconda.org/conda-forge/matplotlib,2020-06-19 14:20:14.311,2026-07-28 04:12:59.218,2026-07-28 04:12:59.218000,41752867.0,84.0,,,,,,1.0,,,,,,,,,,,
9,PyTorch,pytorch/pytorch,ml-frameworks,,{},6871.0,PyTorch is an optimized tensor library for deep learning using GPUs and CPUs.,24,False,torch,pytorch/pytorch,,https://pytorch.org/docs/stable/index.html,['pytorch'],873340.0,873340.0,https://pypi.org/project/torch,93339948.0,93880419.0,https://anaconda.org/pytorch/pytorch,2021-09-14 15:18:07.767,2025-03-25 16:24:31.802,2025-03-25 16:24:31.802000,31887805.0,32.0,,,,,,1.0,BSD-3-Clause,,,,,,,,,,
10,scikit-learn,scikit-learn/scikit-learn,ml-frameworks,,{},3554.0,A set of python modules for machine learning and data mining.,24,False,scikit-learn,conda-forge/scikit-learn,,,['sklearn'],1371019.0,1371019.0,https://pypi.org/project/scikit-learn,241017384.0,241691008.0,https://anaconda.org/conda-forge/scikit-learn,2020-05-13 13:26:05.862,2026-06-02 15:39:39.655,2026-06-02 15:39:39.655000,50521854.0,63.0,,,,,,1.0,,,,,,,,,,,
11,transformers,huggingface/transformers,nlp,,{},4075.0,State-of-the-art Natural Language Processing for TensorFlow 2.0 and PyTorch.,24,False,transformers,conda-forge/transformers,,,"['pytorch', 'tensorflow']",432518.0,432518.0,https://pypi.org/project/transformers,195692642.0,195759814.0,https://anaconda.org/conda-forge/transformers,2020-07-21 09:47:14.490,2026-08-19 12:04:07.059,2026-08-19 12:04:07.059000,4903588.0,196.0,,,,,,1.0,,,,,,,,,,,
12,nltk,nltk/nltk,nlp,,{},517.0,Suite of libraries and programs for symbolic and statistical natural language processing for English.,22,False,nltk,conda-forge/nltk,,,,422221.0,422221.0,https://pypi.org/project/nltk,72421899.0,72485985.0,https://anaconda.org/conda-forge/nltk,2021-03-23 13:25:58.880,2026-08-16 01:44:08.443,2026-08-16 01:44:08.443000,4165593.0,26.0,,,,,,1.0,,,,,,,,,,,
13,Tokenizers,huggingface/tokenizers,nlp,,{},150.0,Fast State-of-the-Art Tokenizers optimized for Research and Production.,22,False,tokenizers,conda-forge/tokenizers,,,,206347.0,206347.0,https://pypi.org/project/tokenizers,265119730.0,265192120.0,https://anaconda.org/conda-forge/tokenizers,2020-07-20 15:07:28.335,2026-06-29 18:15:09.757,2026-06-29 18:15:09.757000,5284516.0,39.0,,,,,,1.0,,,,,,,,,,,
14,Plotly,plotly/plotly.py,data-viz,,{},330.0,"An interactive, browser-based graphing library for Python.",22,False,plotly,conda-forge/plotly,,,,476430.0,476430.0,https://pypi.org/project/plotly,70969452.0,71182414.0,https://anaconda.org/conda-forge/plotly,2020-05-26 16:18:32.550,2026-07-09 19:32:48.385,2026-07-09 19:32:48.385000,15897638.0,119.0,,,,,,1.0,,plotlywidget,https://www.npmjs.com/package/plotlywidget,994.0,,,,,,,
15,networkx,networkx/networkx,graph,,{},850.0,Python package for creating and manipulating complex networks.,22,False,networkx,conda-forge/networkx,,,,460103.0,460103.0,https://pypi.org/project/networkx,282076180.0,282565502.0,https://anaconda.org/conda-forge/networkx,2020-08-23 19:28:59.969,2025-12-08 17:32:15.937,2025-12-08 17:32:15.937000,35231203.0,33.0,,,,,,1.0,,,,,,,,,,,
16,Keras,keras-team/keras,ml-frameworks,,{},1551.0,Deep Learning for Python.,21,False,keras,conda-forge/keras,,https://keras.io,['tensorflow'],308307.0,308307.0,https://pypi.org/project/keras,18651978.0,18724642.0,https://anaconda.org/conda-forge/keras,2020-06-25 19:13:32.150,2026-07-30 13:59:39.561,2026-07-30 13:59:39.561000,5377208.0,52.0,,,,,,1.0,,,,,,,,,,,
17,XGBoost,dmlc/xgboost,ml-frameworks,,{},701.0,"Scalable, Portable and Distributed Gradient Boosting (GBDT, GBRT or GBM) Library, for Python, R, Java, Scala, C++ and..",21,False,xgboost,conda-forge/xgboost,,https://xgboost.readthedocs.io/en/latest/,,173004.0,173004.0,https://pypi.org/project/xgboost,51303460.0,51414587.0,https://anaconda.org/conda-forge/xgboost,2020-07-02 21:36:28.150,2026-08-20 00:30:29.570,2026-08-20 00:30:29.570000,8112292.0,45.0,,,,,,1.0,,,,,,,,,,,
18,sentence-transformers,UKPLab/sentence-transformers,nlp,,{},289.0,Sentence Embeddings using BERT / RoBERTa / XLNet.,21,False,sentence-transformers,conda-forge/sentence-transformers,,,['pytorch'],139906.0,139906.0,https://pypi.org/project/sentence-transformers,32715527.0,32745173.0,https://anaconda.org/conda-forge/sentence-transformers,2020-09-18 19:41:05.496,2026-08-18 16:03:44.738,2026-08-18 16:03:44.738000,2104935.0,51.0,,,,,,1.0,,,,,,,,,,,
19,Seaborn,mwaskom/seaborn,data-viz,,{},217.0,Statistical data visualization.,21,False,seaborn,conda-forge/seaborn,,,,718432.0,718432.0,https://pypi.org/project/seaborn,37254379.0,37502813.0,https://anaconda.org/conda-forge/seaborn,2020-06-11 12:34:59.562,2025-04-22 14:56:26.328,2025-04-22 14:56:26.328000,18384168.0,15.0,,,,,,1.0,,,,,,,,,,,
20,Altair,altair-viz/altair,data-viz,,{},200.0,Altair: A declarative statistical visualization library for Python.,21,False,altair,conda-forge/altair,,,,249524.0,249524.0,https://pypi.org/project/altair,54142579.0,54208847.0,https://anaconda.org/conda-forge/altair,2021-12-29 16:43:13.728,2026-06-25 09:08:16.682,2026-06-25 09:08:16.682000,3711031.0,35.0,,,,,,1.0,,,,,,,,,,,
21,pyproj,pyproj4/pyproj,geospatial-data,,{},83.0,Python interface to PROJ library.,21,False,pyproj,conda-forge/pyproj,,,,49898.0,49898.0,https://pypi.org/project/pyproj,26471673.0,26674948.0,https://anaconda.org/conda-forge/pyproj,2020-07-28 04:30:26.055,2026-08-10 09:08:02.355,2026-08-10 09:08:02.355000,14839080.0,37.0,,,,,,1.0,MIT,,,,,,,,,,
22,wandb client,wandb/client,ml-experiments,,{},250.0,"The AI developer platform. Use Weights & Biases to train and fine-tune models, and manage models from experimentation..",21,False,wandb,conda-forge/wandb,,,,90051.0,90051.0,https://pypi.org/project/wandb,27409944.0,27433602.0,https://anaconda.org/conda-forge/wandb,2020-07-28 19:00:23.555,2026-08-17 21:59:15.492,2026-08-17 21:59:15.492000,1727060.0,112.0,,,,,,1.0,,,,,,,,,,,
23,mlflow,mlflow/mlflow,ml-experiments,,{},1144.0,MLflow is an open source platform for the machine learning lifecycle.,21,False,mlflow,conda-forge/mlflow,,,,69259.0,69259.0,https://pypi.org/project/mlflow,41416038.0,41486443.0,https://anaconda.org/conda-forge/mlflow,2020-06-25 18:11:47.672,2026-08-03 13:56:12.118,2026-08-03 13:56:12.118000,5209973.0,123.0,,,,,,1.0,,,,,,,,,,,
24,dask,dask/dask,distributed-ml,,{},656.0,Parallel PyData with Task Scheduling.,21,False,dask,conda-forge/dask,,,,80278.0,80278.0,https://pypi.org/project/dask,29820745.0,30054867.0,https://anaconda.org/conda-forge/dask,2020-05-27 04:42:11.739,2026-07-14 19:10:02.983,2026-07-14 19:10:02.983000,17559157.0,210.0,,,,,,1.0,,,,,stable/dask,,,,,,
25,accelerate,huggingface/accelerate,pytorch-utils,,{},426.0,Training loop of PyTorch without boilerplate code.,21,False,accelerate,conda-forge/accelerate,,,['pytorch'],117650.0,117650.0,https://pypi.org/project/accelerate,26996298.0,27025946.0,https://anaconda.org/conda-forge/accelerate,2021-10-11 19:33:54.475,2026-06-12 15:26:42.843,2026-06-12 15:26:42.843000,1719592.0,64.0,,,,,,1.0,,,,,,,,,,,
26,SymPy,sympy/sympy,others,,{},1504.0,Python library for symbolic mathematics.,21,False,sympy,conda-forge/sympy,,,,309343.0,309343.0,https://pypi.org/project/sympy,173382682.0,173595744.0,https://anaconda.org/conda-forge/sympy,2020-05-24 15:55:07.810,2026-02-24 17:00:41.277,2026-02-24 17:00:41.277000,15979721.0,25.0,,,,,,1.0,,,,,,,,,,,
27,StatsModels,statsmodels/statsmodels,ml-frameworks,,{},552.0,Statistical computations and models for use with SciPy.,20,False,statsmodels,conda-forge/statsmodels,,,,185813.0,185813.0,https://pypi.org/project/statsmodels,41765413.0,42143590.0,https://anaconda.org/conda-forge/statsmodels,2020-06-12 12:09:15.928,2025-12-06 02:07:50.082,2025-12-06 02:07:50.082000,27985122.0,23.0,,,,,,2.0,,,,,,,,,,,
28,jax,google/jax,ml-frameworks,,{},1112.0,"Composable transformations of Python+NumPy programs: differentiate, vectorize, JIT to GPU/TPU, and more.",20,False,jax,conda-forge/jaxlib,,,,50882.0,50882.0,https://pypi.org/project/jax,21125985.0,21185290.0,https://anaconda.org/conda-forge/jaxlib,2020-06-16 01:44:03.567,2026-07-06 18:55:29.549,2026-07-06 18:55:29.549000,4388579.0,93.0,,,,,,2.0,,,,,,,,,,,
29,spaCy,explosion/spaCy,nlp,,{},781.0,Industrial-strength Natural Language Processing.,20,False,spacy,conda-forge/spacy,,,,146293.0,146293.0,https://pypi.org/project/spacy,25527152.0,25650948.0,https://anaconda.org/conda-forge/spacy,2020-06-17 09:17:51.026,2026-03-29 21:12:40.594,2026-03-29 21:12:40.594000,9160926.0,92.0,,,,,,1.0,,,,,,,,,,,
30,sentencepiece,google/sentencepiece,nlp,,{},117.0,Unsupervised text tokenizer for Neural Network-based text generation.,20,False,sentencepiece,conda-forge/sentencepiece,,,,130623.0,130623.0,https://pypi.org/project/sentencepiece,37693246.0,37724585.0,https://anaconda.org/conda-forge/sentencepiece,2020-07-09 18:30:01.986,2026-06-22 20:34:01.820,2026-06-22 20:34:01.820000,2287769.0,8.0,,,,,,1.0,,,,,,,,,,,
31,langchain,langchain-ai/langchain,agents,,{},3723.0,,20,False,langchain,,,,,290553.0,290553.0,https://pypi.org/project/langchain,267546213.0,267546213.0,,,,,,,,,,,,1.0,,,,,,,,,,,
32,scikit-image,scikit-image/scikit-image,image,,{},651.0,Image processing in Python.,20,False,scikit-image,conda-forge/scikit-image,,,,247621.0,247621.0,https://pypi.org/project/scikit-image,27475068.0,27625474.0,https://anaconda.org/conda-forge/scikit-image,2020-06-09 21:49:09.288,2025-12-25 22:03:47.378,2025-12-25 22:03:47.378000,11130086.0,29.0,,,,,,1.0,,,,,,,,,,,
33,Bokeh,bokeh/bokeh,data-viz,,{},736.0,Statistical and novel interactive HTML plots for Python.,20,False,bokeh,conda-forge/bokeh,,,,105956.0,105956.0,https://pypi.org/project/bokeh,8425487.0,8706574.0,https://anaconda.org/conda-forge/bokeh,2020-06-16 00:40:01.624,2026-08-19 13:07:16.399,2026-08-19 13:07:16.399000,20800493.0,78.0,,,,,,1.0,,,,,,,,,,,
34,dash,plotly/dash,data-viz,,{},219.0,A Python framework for building reactive web-apps. Developed by Plotly.,20,False,dash,conda-forge/dash,,,,91027.0,91027.0,https://pypi.org/project/dash,9390506.0,9425288.0,https://anaconda.org/conda-forge/dash,2020-06-21 21:47:00.236,2026-07-22 05:14:16.153,2026-07-22 05:14:16.153000,2573905.0,126.0,,,,,,1.0,,,,,,,,,,,
35,Shapely,shapely/shapely,geospatial-data,,{},176.0,Python package for manipulation and analysis of geometric objects in the Cartesian plane.,20,False,shapely,conda-forge/shapely,,,,123452.0,123452.0,https://pypi.org/project/shapely,79686562.0,79951141.0,https://anaconda.org/conda-forge/shapely,2020-08-21 06:18:37.778,2025-11-07 14:27:39.980,2025-11-07 14:27:39.980000,19049711.0,36.0,,,,,,1.0,,,,,,,,,,,
36,Tensorboard,tensorflow/tensorboard,ml-experiments,,{},336.0,TensorFlows Visualization Toolkit.,20,False,tensorboard,conda-forge/tensorboard,,,['tensorflow'],340125.0,340125.0,https://pypi.org/project/tensorboard,26465187.0,26573610.0,https://anaconda.org/conda-forge/tensorboard,2020-06-22 10:06:52.606,2026-05-24 17:36:10.396,2026-05-24 17:36:10.396000,8023322.0,45.0,,,,,,1.0,,,,,,,,,,,
37,Gymnasium,Farama-Foundation/Gymnasium,reinforcement-learning,,{},604.0,A standard API for reinforcement learning and a diverse set of reference environments (formerly Gym).,20,False,gymnasium,conda-forge/gymnasium,,,,23306.0,23306.0,https://pypi.org/project/gymnasium,6113253.0,6123304.0,https://anaconda.org/conda-forge/gymnasium,2022-12-09 21:41:49.555,2026-05-28 18:13:39.730,2026-05-28 18:13:39.730000,442282.0,12.0,,,,,,1.0,MIT,,,,,,,,,,
38,Ray,ray-project/ray,distributed-ml,,{},1692.0,Ray is a fast and simple framework for building and running distributed applications.,20,False,ray,conda-forge/ray-tune,,,,29397.0,29397.0,https://pypi.org/project/ray,62543437.0,62561675.0,https://anaconda.org/conda-forge/ray-tune,2020-12-10 16:27:52.723,2026-05-11 14:58:33.213,2026-05-11 14:58:33.213000,1240191.0,79.0,,,,,,1.0,,,,,,,,,,,
39,pytorch-lightning,Lightning-AI/lightning,ml-frameworks,,{},1069.0,PyTorch Lightning is the lightweight PyTorch wrapper for ML researchers. Scale your models. Write less boilerplate.,19,False,pytorch-lightning,conda-forge/pytorch-lightning,,,['pytorch'],50878.0,50878.0,https://pypi.org/project/pytorch-lightning,12176468.0,12205963.0,https://anaconda.org/conda-forge/pytorch-lightning,2020-06-03 07:36:42.521,2026-06-02 08:12:13.235,2026-06-02 08:12:13.235000,2182669.0,129.0,,,,,,2.0,,,,,,,,,,,
40,einops,arogozhnikov/einops,ml-frameworks,,{},38.0,A new flavour of deep learning operations.,19,False,einops,conda-forge/einops,,,,90924.0,90924.0,https://pypi.org/project/einops,26140083.0,26151732.0,https://anaconda.org/conda-forge/einops,2020-10-15 20:10:16.939,2026-01-26 11:30:26.666,2026-01-26 11:30:26.666000,815476.0,12.0,,,,,,2.0,,,,,,,,,,,
41,litellm,BerriAI/litellm,nlp,,{},1612.0,,19,False,litellm,,,,,27946.0,27946.0,https://pypi.org/project/litellm,746560064.0,746560064.0,,,,,,,,,,,,2.0,,,,,,,,,,,
42,gensim,RaRe-Technologies/gensim,nlp,,{},464.0,Topic Modelling for Humans.,19,False,gensim,conda-forge/gensim,,,,78862.0,78862.0,https://pypi.org/project/gensim,4806645.0,4840653.0,https://anaconda.org/conda-forge/gensim,2021-03-31 07:19:16.610,2026-03-18 20:01:38.726,2026-03-18 20:01:38.726000,2210525.0,23.0,,,,,,2.0,,,,,,,,,,,
43,PyTorch Image Models,rwightman/pytorch-image-models,image,,{},198.0,(Unofficial) PyTorch Image Models.,19,False,timm,conda-forge/timm,,,['pytorch'],66073.0,66073.0,https://pypi.org/project/timm,15619179.0,15629211.0,https://anaconda.org/conda-forge/timm,2020-07-18 18:44:49.142,2026-07-16 02:58:41.608,2026-07-16 02:58:41.608000,732343.0,47.0,,,,,,1.0,,,,,,,,,,,
44,imageio,imageio/imageio,image,,{},131.0,A Python library for reading and writing image data.,19,False,imageio,conda-forge/imageio,,,,189869.0,189869.0,https://pypi.org/project/imageio,41559867.0,41702995.0,https://anaconda.org/conda-forge/imageio,2020-07-06 14:13:23.772,2025-04-22 14:56:30.839,2025-04-22 14:56:30.839000,10448366.0,52.0,,,,,,1.0,,,,,,,,,,,
45,shap,slundberg/shap,interpretability,,{},323.0,A unified approach to explain the output of any machine learning model.,19,False,shap,conda-forge/shap,,,,37841.0,37841.0,https://pypi.org/project/shap,15746613.0,15894431.0,https://anaconda.org/conda-forge/shap,2020-12-16 18:34:09.024,2026-06-12 18:46:58.089,2026-06-12 18:46:58.089000,10051686.0,41.0,,,,,,1.0,,,,,,,,,,,
46,pydeck,visgl/deck.gl,geospatial-data,,{},321.0,Widget for deck.gl maps.,19,False,pydeck,conda-forge/pydeck,,,['jupyter'],9640.0,9640.0,https://pypi.org/project/pydeck,27392744.0,28488694.0,https://anaconda.org/conda-forge/pydeck,2020-07-24 06:30:33.668,2026-07-03 03:15:08.148,2026-07-03 03:15:08.148000,1145268.0,16.0,,,,,,2.0,,deck.gl,https://www.npmjs.com/package/deck.gl,1080262.0,,,,,,,
47,GeoPandas,geopandas/geopandas,geospatial-data,,{},265.0,Geographic pandas extensions.,19,False,geopandas,conda-forge/geopandas,,,['pandas'],63224.0,63224.0,https://pypi.org/project/geopandas,18596268.0,18701727.0,https://anaconda.org/conda-forge/geopandas,2020-06-24 14:59:24.383,2026-06-26 20:58:44.934,2026-06-26 20:58:44.934000,7803968.0,44.0,,,,,,2.0,,,,,,,,,,,
48,Rasterio,rasterio/rasterio,geospatial-data,,{},185.0,Rasterio reads and writes geospatial raster datasets.,19,False,rasterio,conda-forge/rasterio,,,,20529.0,20529.0,https://pypi.org/project/rasterio,6997017.0,7110610.0,https://anaconda.org/conda-forge/rasterio,2021-01-25 19:58:39.144,2026-08-09 22:38:17.456,2026-08-09 22:38:17.456000,7610753.0,88.0,,,,,,2.0,,,,,,,,,,,
49,Optuna,optuna/optuna,hyperopt,,{},395.0,A hyperparameter optimization framework.,19,False,optuna,conda-forge/optuna,,,,33328.0,33328.0,https://pypi.org/project/optuna,18467362.0,18524252.0,https://anaconda.org/conda-forge/optuna,2020-06-01 09:17:12.717,2026-06-01 10:52:13.216,2026-06-01 10:52:13.216000,4209861.0,46.0,,,,,,1.0,,,,,,,,,,,
50,dask.distributed,dask/distributed,distributed-ml,,{},351.0,Distributed scheduler for Dask.,19,False,distributed,conda-forge/distributed,,,,43016.0,43016.0,https://pypi.org/project/distributed,7953474.0,8298917.0,https://anaconda.org/conda-forge/distributed,2020-05-27 03:49:13.707,2026-07-14 15:35:28.936,2026-07-14 15:35:28.936000,25908225.0,232.0,,,,,,1.0,,,,,,,,,,,
51,onnx,onnx/onnx,model-serialisation,,{},413.0,Open Neural Network Exchange library.,19,False,onnx,conda-forge/onnx,,,,53926.0,53926.0,https://pypi.org/project/onnx,19076365.0,19121221.0,https://anaconda.org/conda-forge/onnx,2020-06-03 11:32:32.173,2026-06-23 19:00:35.296,2026-06-23 19:00:35.296000,3319345.0,35.0,,,,,,1.0,,,,,,,,,,,
52,Streamlit,streamlit/streamlit,model-serialisation,,{},338.0,,19,False,streamlit,,,,,1015251.0,1015251.0,https://pypi.org/project/streamlit,30877016.0,30877016.0,,,,,,,,,,,,1.0,,,,,,,,,,,
53,Thinc,explosion/thinc,ml-frameworks,,{},68.0,thinc: a lightweight deep learning library.,18,False,thinc,conda-forge/thinc,,,,72873.0,72873.0,https://pypi.org/project/thinc,24942213.0,25013370.0,https://anaconda.org/conda-forge/thinc,2020-05-25 09:58:57.636,2026-03-24 12:17:35.079,2026-03-24 12:17:35.079000,5336822.0,66.0,,,,,,2.0,,,,,,,,,,,
54,Flax,google/flax,ml-frameworks,,{},307.0,Flax: A neural network library for JAX designed for flexibility.,18,False,flax,conda-forge/flax,,,['jax'],16747.0,16747.0,https://pypi.org/project/flax,4521723.0,4525005.0,https://anaconda.org/conda-forge/flax,2021-03-31 20:01:18.364,2026-07-21 05:36:54.150,2026-07-21 05:36:54.150000,213373.0,31.0,,,,,,2.0,,,,,,,,,,,
55,Wand,emcconville/wand,image,,{},113.0,"Wand is a ctypes-based simple ImageMagick binding for Python, supporting 2.7, 3.6+, and PyPy.",18,False,wand,conda-forge/wand,,,,21504.0,21504.0,https://pypi.org/project/wand,1458966.0,1461674.0,https://anaconda.org/conda-forge/wand,2019-08-27 18:03:26.696,2025-04-22 14:57:10.980,2025-04-22 14:57:10.980000,227507.0,6.0,,,,,,1.0,MIT,,,,,,,,,,
56,MoviePy,Zulko/moviepy,image,,{},192.0,Video editing with Python.,18,False,moviepy,conda-forge/moviepy,,,,68827.0,68827.0,https://pypi.org/project/moviepy,7016676.0,7027298.0,https://anaconda.org/conda-forge/moviepy,2022-04-16 23:09:16.118,2026-02-01 17:50:06.530,2026-02-01 17:50:06.530000,552353.0,8.0,,,,,,1.0,,,,,,10.0,,,,,
57,arviz,arviz-devs/arviz,interpretability,,{},196.0,Exploratory analysis of Bayesian models with Python.,18,False,arviz,conda-forge/arviz,,,,12000.0,12000.0,https://pypi.org/project/arviz,3860795.0,3898803.0,https://anaconda.org/conda-forge/arviz,2020-05-23 03:05:32.458,2026-08-16 16:52:08.302,2026-08-16 16:52:08.302000,2850610.0,39.0,,,,,,1.0,,,,,,,,,,,
58,folium,python-visualization/folium,geospatial-data,,{},194.0,Make beautiful maps with Leaflet.js and Python.,18,False,folium,conda-forge/folium,,,,66045.0,66045.0,https://pypi.org/project/folium,3460510.0,3558249.0,https://anaconda.org/conda-forge/folium,2021-01-06 21:06:07.776,2025-06-16 22:46:07.761,2025-06-16 22:46:07.761000,6548565.0,31.0,,,,,,2.0,,,,,,,,,,,
59,Faiss,facebookresearch/faiss,nn-search,,{},337.0,A library for efficient similarity search and clustering of dense vectors.,18,False,pymilvus,conda-forge/faiss,,,,5023.0,5023.0,https://pypi.org/project/pymilvus,6044341.0,6099374.0,https://anaconda.org/conda-forge/faiss,2020-06-13 12:51:19.207,2026-08-12 02:39:26.284,2026-08-12 02:39:26.284000,4072472.0,12.0,,,,,,1.0,,,,,,,,,,,
60,Pydub,jiaaro/pydub,audio,,{},96.0,Manipulate audio with a simple and easy high level interface.,18,False,pydub,conda-forge/pydub,,,,112549.0,112549.0,https://pypi.org/project/pydub,22163971.0,22168935.0,https://anaconda.org/conda-forge/pydub,2021-03-07 19:47:43.182,2025-04-22 14:56:58.184,2025-04-22 14:56:58.184000,322688.0,4.0,,,,,,1.0,,,,,,,,,,,
61,PyOD,yzhao062/pyod,ml-frameworks,,{},75.0,A Python Toolkit for Scalable Outlier Detection (Anomaly Detection).,17,False,pyod,conda-forge/pyod,,,,5716.0,5716.0,https://pypi.org/project/pyod,5133079.0,5135968.0,https://anaconda.org/conda-forge/pyod,2020-05-21 23:31:10.016,2026-08-17 20:55:42.478,2026-08-17 20:55:42.478000,216706.0,59.0,,,,,,2.0,,,,,,,,,,,
62,ftfy,rspeer/python-ftfy,nlp,,{},22.0,Fixes some problems with Unicode text after the fact.,17,False,ftfy,conda-forge/ftfy,,,,35946.0,35946.0,https://pypi.org/project/ftfy,15422219.0,15430836.0,https://anaconda.org/conda-forge/ftfy,2021-01-20 08:08:07.817,2025-04-22 14:56:35.312,2025-04-22 14:56:35.312000,577373.0,15.0,,,,,,2.0,,,,,,,,,,,
63,llama_index,run-llama/llama_index,agents,,{},1985.0,,17,False,llama_index,,,,,25346.0,25346.0,https://pypi.org/project/llama_index,7566119.0,7566119.0,,,,,,,,,,,,2.0,,,,,,,,,,,
64,langgraph,langchain-ai/langgraph,agents,,{},284.0,,17,False,langgraph,,,,,46295.0,46295.0,https://pypi.org/project/langgraph,72453841.0,72453841.0,,,,,,,,,,,,2.0,,,,,,,,,,,
65,crewAI,crewAIInc/crewAI,agents,,{},304.0,,17,False,crewai,,,,,20446.0,20446.0,https://pypi.org/project/crewai,25929834.0,25929834.0,,,,,,,,,,,,2.0,,,,,,,,,,,
66,ImageHash,JohannesBuchner/imagehash,image,,{},29.0,A Python Perceptual Image Hahsing Module.,17,False,ImageHash,conda-forge/imagehash,,,,18823.0,18823.0,https://pypi.org/project/ImageHash,5997740.0,6007106.0,https://anaconda.org/conda-forge/imagehash,2020-11-19 18:20:47.916,2025-04-22 14:56:29.803,2025-04-22 14:56:29.803000,646299.0,8.0,,,,,,2.0,,,,,,,,,,,
67,Kornia,kornia/kornia,image,,{},363.0,Kornia is a differentiable computer vision library for PyTorch.,17,False,kornia,conda-forge/kornia,,,['pytorch'],17845.0,17845.0,https://pypi.org/project/kornia,3211286.0,3215772.0,https://anaconda.org/conda-forge/kornia,2020-12-09 16:29:41.029,2025-11-08 13:20:35.488,2025-11-08 13:20:35.488000,305110.0,27.0,,,,,,2.0,,,,,,,,,,,
68,HoloViews,holoviz/holoviews,data-viz,,{},163.0,Stop plotting your data - annotate your data and let it visualize itself.,17,False,holoviews,conda-forge/holoviews,,,['jupyter'],16848.0,16848.0,https://pypi.org/project/holoviews,2008058.0,2056993.0,https://anaconda.org/conda-forge/holoviews,2020-06-23 16:07:32.048,2026-07-02 19:05:21.338,2026-07-02 19:05:21.338000,3612744.0,77.0,,,,,,2.0,,@pyviz/jupyterlab_pyviz,https://www.npmjs.com/package/@pyviz/jupyterlab_pyviz,115.0,,,,,,,
69,PyVista,pyvista/pyvista,data-viz,,{},210.0,3D plotting and mesh analysis through a streamlined interface for the Visualization Toolkit (VTK).,17,False,pyvista,conda-forge/pyvista,,,['jupyter'],6016.0,6016.0,https://pypi.org/project/pyvista,1398142.0,1413742.0,https://anaconda.org/conda-forge/pyvista,2020-06-02 20:15:44.310,2026-07-22 01:06:54.890,2026-07-22 01:06:54.890000,1154458.0,97.0,,,,,,2.0,,,,,,,,,,,
70,geojson,jazzband/geojson,geospatial-data,,{},61.0,Python bindings and utilities for GeoJSON.,17,False,geojson,conda-forge/geojson,,,,21278.0,21278.0,https://pypi.org/project/geojson,4699332.0,4739437.0,https://anaconda.org/conda-forge/geojson,2023-02-16 15:57:16.750,2026-05-29 12:40:14.414,2026-05-29 12:40:14.414000,1684418.0,13.0,,,,,,2.0,,,,,,,,,,,
71,Fiona,Toblerity/Fiona,geospatial-data,,{},78.0,Fiona reads and writes spatial data files.,17,False,fiona,conda-forge/fiona,,,,27637.0,27637.0,https://pypi.org/project/fiona,5981502.0,6138870.0,https://anaconda.org/conda-forge/fiona,2020-07-27 18:07:57.882,2025-12-29 23:44:48.634,2025-12-29 23:44:48.634000,11487882.0,51.0,,,,,,2.0,,,,,,,,,,,
72,Hyperopt,hyperopt/hyperopt,hyperopt,,{},108.0,Distributed Asynchronous Hyper-parameter Optimization.,17,False,hyperopt,conda-forge/hyperopt,,,,22653.0,22653.0,https://pypi.org/project/hyperopt,2688615.0,2701753.0,https://anaconda.org/conda-forge/hyperopt,2020-10-14 07:57:11.589,2026-08-04 16:49:49.497,2026-08-04 16:49:49.497000,919724.0,8.0,,,,,,1.0,,,,,,,,,,,
73,DVC,iterative/dvc,ml-experiments,,{},332.0,DVC tracks ML models and data sets.,17,False,dvc,conda-forge/dvc,,,,24736.0,24736.0,https://pypi.org/project/dvc,2833764.0,2884845.0,https://anaconda.org/conda-forge/dvc,2020-06-19 15:26:50.030,2026-03-31 06:31:23.617,2026-03-31 06:31:23.617000,3780019.0,340.0,,,,,,2.0,,,,,,,dvc,dvc,dvc,,
74,tensorboardX,lanpa/tensorboardX,ml-experiments,,{},86.0,tensorboard for pytorch.,17,False,tensorboardX,conda-forge/tensorboardx,,,,61816.0,61816.0,https://pypi.org/project/tensorboardX,5897825.0,5917712.0,https://anaconda.org/conda-forge/tensorboardx,2020-07-06 20:33:54.325,2025-04-22 14:56:45.200,2025-04-22 14:56:45.200000,1451777.0,17.0,,,,,,2.0,,,,,,,,,,,
75,NiBabel,nipy/nibabel,medical-data,,{},116.0,Python package to access a cacophony of neuro-imaging file formats.,17,False,nibabel,conda-forge/nibabel,,,,31236.0,31236.0,https://pypi.org/project/nibabel,1844061.0,1864371.0,https://anaconda.org/conda-forge/nibabel,2020-06-30 18:23:29.640,2026-06-09 01:40:14.470,2026-06-09 01:40:14.470000,1502984.0,33.0,,,,,,1.0,,,,,,,,,,,
76,NIPYPE,nipy/nipype,medical-data,,{},266.0,"Nipype, an open-source, community-developed initiative under the umbrella of NiPy, is a Python project that provides a..",17,False,nipype,conda-forge/nipype,,,,7320.0,7320.0,https://pypi.org/project/nipype,347100.0,369702.0,https://anaconda.org/conda-forge/nipype,2020-08-16 18:50:39.769,2025-05-05 13:43:30.848,2025-05-05 13:43:30.848000,1627372.0,49.0,,,,,,1.0,Apache-2.0,,,,,-1.0,,,,,
77,PyNNDescent,lmcinnes/pynndescent,nn-search,,{},33.0,Simple fast approximate nearest neighbor search.,17,False,pynndescent,conda-forge/pynndescent,,,,14070.0,14070.0,https://pypi.org/project/pynndescent,6662345.0,6702705.0,https://anaconda.org/conda-forge/pynndescent,2020-07-01 15:27:13.844,2026-07-31 16:12:10.661,2026-07-31 16:12:10.661000,2946296.0,26.0,,,,,,1.0,,,,,,,,,,,
78,Core ML Tools,apple/coremltools,model-serialisation,,{},236.0,Core ML is an Apple framework to integrate machine learning models into your app. Core ML provides a unified..,17,False,coremltools,conda-forge/coremltools,,,,5608.0,5608.0,https://pypi.org/project/coremltools,3007878.0,3010148.0,https://anaconda.org/conda-forge/coremltools,2020-10-16 19:48:15.220,2026-06-22 13:38:39.137,2026-06-22 13:38:39.137000,158953.0,5.0,,,,,,2.0,,,,,,,,,,,
79,Gradio,gradio-app/gradio,model-serialisation,,{},506.0,,17,False,gradio,,,,,89516.0,89516.0,https://pypi.org/project/gradio,15986738.0,15986738.0,,,,,,,,,,,,2.0,,,,,,,,,,,
80,optimum,huggingface/optimum,gpu-utilities,,{},167.0,"Optimum Library is an extension of the Hugging Face Transformers library, providing a framework to integrate third-..",17,False,optimum,conda-forge/optimum,,,,7298.0,7298.0,https://pypi.org/project/optimum,1975126.0,1977369.0,https://anaconda.org/conda-forge/optimum,2022-04-01 08:22:36.713,2026-08-04 22:32:24.368,2026-08-04 22:32:24.368000,116646.0,33.0,,,,,,1.0,,,,,,,,,,,
81,pymc,pymc-devs/pymc,probabilistics,,{},570.0,Probabilistic Programming in Python.,17,False,pymc,conda-forge/pymc,,,,8097.0,8097.0,https://pypi.org/project/pymc,1903934.0,1917934.0,https://anaconda.org/conda-forge/pymc,2020-10-13 03:19:15.240,2026-08-16 12:00:47.436,2026-08-16 12:00:47.436000,980014.0,92.0,,,,,,1.0,,,,,,,,,,,
82,TensorFlow Datasets,tensorflow/datasets,tensorflow-utils,,{},329.0,tensorflow/datasets is a library of datasets ready to use with TensorFlow.,17,False,tensorflow-datasets,conda-forge/tensorflow-datasets,,,['tensorflow'],25577.0,25577.0,https://pypi.org/project/tensorflow-datasets,1639633.0,1640570.0,https://anaconda.org/conda-forge/tensorflow-datasets,2021-05-04 09:11:33.308,2025-04-22 14:57:51.541,2025-04-22 14:57:51.541000,59071.0,9.0,,,,,,1.0,,,,,,,,,,,
83,MLxtend,rasbt/mlxtend,sklearn-utils,,{},122.0,Machine Learning Library Extensions.,17,False,mlxtend,conda-forge/mlxtend,,,['sklearn'],21016.0,21016.0,https://pypi.org/project/mlxtend,1087425.0,1099134.0,https://anaconda.org/conda-forge/mlxtend,2020-07-28 03:34:49.886,2026-06-09 21:10:46.329,2026-06-09 21:10:46.329000,854800.0,25.0,,,,,,1.0,,,,,,,,,,,
84,agate,wireservice/agate,others,,{},62.0,A data analysis library that is optimized for humans instead of machines.,17,False,agate,conda-forge/agate,,,,5881.0,5881.0,https://pypi.org/project/agate,35410540.0,35422002.0,https://anaconda.org/conda-forge/agate,2021-05-30 20:16:52.450,2026-02-27 18:41:38.959,2026-02-27 18:41:38.959000,722157.0,19.0,,,,,,1.0,,,,,,,,,,,
85,CuPy,cupy/cupy,gpu-utilities,,{},464.0,CuPy: NumPy & SciPy for GPU.,16,False,cupy,conda-forge/cupy,cupy/cupy,,,7902.0,7902.0,https://pypi.org/project/cupy,30140.0,154146.0,https://anaconda.org/conda-forge/cupy,2020-05-23 18:55:49.350,2026-06-01 13:39:01.924,2026-08-20 06:37:15.062453,9186492.0,65.0,https://hub.docker.com/r/cupy/cupy,2026-08-20 06:37:15.062453,14.0,14.0,114014.0,1.0,,,,,,,,,,,
86,LightGBM,microsoft/LightGBM,ml-frameworks,,{},351.0,LightGBM is a gradient boosting framework that uses tree based learning algorithms.,16,False,lightgbm,conda-forge/lightgbm,,,,174.0,174.0,https://pypi.org/project/lightgbm,26083996.0,26161275.0,https://anaconda.org/conda-forge/lightgbm,2020-09-01 12:55:08.262,2026-07-20 03:34:31.957,2026-07-20 03:34:31.957000,5486820.0,32.0,,,,,,2.0,,,,,,,,,,,
87,Ignite,pytorch/ignite,ml-frameworks,,{},262.0,A lightweight library to help with training neural networks in PyTorch.,16,False,pytorch-ignite,pytorch/ignite,,,['pytorch'],4041.0,4041.0,https://pypi.org/project/pytorch-ignite,320222.0,323055.0,https://anaconda.org/pytorch/ignite,2018-06-20 15:36:52.783,2026-07-22 15:14:18.114,2026-07-22 15:14:18.114000,277710.0,28.0,,,,,,2.0,,,,,,,,,,,
88,jellyfish,jamesturk/jellyfish,nlp,,{},37.0,A library for doing approximate and phonetic matching of strings.,16,False,jellyfish,conda-forge/jellyfish,,,,15471.0,15471.0,https://pypi.org/project/jellyfish,10734072.0,10766783.0,https://anaconda.org/conda-forge/jellyfish,2020-06-10 16:23:01.195,2025-11-25 21:17:09.326,2025-11-25 21:17:09.326000,2420624.0,19.0,,,,,,2.0,,,,,,,,,,,
89,ultralytics,ultralytics/ultralytics,image,,{},432.0,,16,False,ultralytics,,,,,59634.0,59634.0,https://pypi.org/project/ultralytics,8247380.0,8247380.0,,,,,,,,,,,,2.0,,,,,,,,,,,
90,imgaug,aleju/imgaug,image,,{},36.0,Image augmentation for machine learning experiments.,16,False,imgaug,conda-forge/imgaug,,,,26557.0,26557.0,https://pypi.org/project/imgaug,1108692.0,1111799.0,https://anaconda.org/conda-forge/imgaug,2019-06-05 06:04:19.977,2025-04-22 14:57:06.395,2025-04-22 14:57:06.395000,267238.0,3.0,,,,,,2.0,,,,,,,,,,,
91,imutils,PyImageSearch/imutils,image,,{},21.0,"A series of convenience functions to make basic image processing functions such as translation, rotation, resizing,..",16,False,imutils,conda-forge/imutils,,,,54250.0,54250.0,https://pypi.org/project/imutils,755610.0,759726.0,https://anaconda.org/conda-forge/imutils,2020-07-07 12:49:26.774,2025-04-22 14:57:06.837,2025-04-22 14:57:06.837000,300494.0,3.0,,,,,,2.0,,,,,,,,,,,
92,cartopy,SciTools/cartopy,data-viz,,{},142.0,A library providing cartographic tools for python.,16,False,cartopy,conda-forge/cartopy,,,,8845.0,8845.0,https://pypi.org/project/cartopy,1728209.0,1835045.0,https://anaconda.org/conda-forge/cartopy,2020-05-18 16:23:27.911,2026-08-10 13:47:41.548,2026-08-10 13:47:41.548000,8012729.0,27.0,,,,,,2.0,,,,,,,,,,,
93,plotnine,has2k1/plotnine,data-viz,,{},122.0,A grammar of graphics for python.,16,False,plotnine,conda-forge/plotnine,,,,13050.0,13050.0,https://pypi.org/project/plotnine,3171379.0,3182086.0,https://anaconda.org/conda-forge/plotnine,2020-06-05 19:51:41.903,2026-08-14 16:58:02.909,2026-08-14 16:58:02.909000,792389.0,38.0,,,,,,2.0,,,,,,,,,,,
94,PyQtGraph,pyqtgraph/pyqtgraph,data-viz,,{},321.0,Scientific Graphics and GUI Library for Python.,16,False,pyqtgraph,conda-forge/pyqtgraph,,,,13892.0,13892.0,https://pypi.org/project/pyqtgraph,1026572.0,1043826.0,https://anaconda.org/conda-forge/pyqtgraph,2020-06-09 00:20:24.502,2025-11-19 10:58:06.682,2025-11-19 10:58:06.682000,1276846.0,18.0,,,,,,2.0,,,,,,,,,,,
95,ipyleaflet,jupyter-widgets/ipyleaflet,geospatial-data,,{},98.0,A Jupyter widget for dynamic Leaflet maps.,16,False,ipyleaflet,conda-forge/ipyleaflet,,,['jupyter'],18326.0,18326.0,https://pypi.org/project/ipyleaflet,430155.0,474585.0,https://anaconda.org/conda-forge/ipyleaflet,2020-05-25 11:11:25.372,2025-06-13 19:35:58.799,2025-06-13 19:35:58.799000,3132974.0,74.0,,,,,,3.0,,jupyter-leaflet,https://www.npmjs.com/package/jupyter-leaflet,2658.0,,,,,,,
96,BoTorch,pytorch/botorch,hyperopt,,{},165.0,Bayesian Optimization in PyTorch.,16,False,botorch,conda-forge/botorch,,,['pytorch'],1951.0,1951.0,https://pypi.org/project/botorch,931522.0,934672.0,https://anaconda.org/conda-forge/botorch,2020-08-01 11:16:39.122,2026-06-09 03:34:16.649,2026-06-09 03:34:16.649000,226853.0,43.0,,,,,,1.0,,,,,,,,,,,
97,Nilearn,nilearn/nilearn,medical-data,,{},283.0,Statistical learning for neuroimaging in Python.,16,False,nilearn,conda-forge/nilearn,,,['sklearn'],4603.0,4603.0,https://pypi.org/project/nilearn,227754.0,236696.0,https://anaconda.org/conda-forge/nilearn,2020-11-12 13:26:01.761,2026-07-02 10:30:48.603,2026-07-02 10:30:48.603000,617003.0,31.0,,,,,,2.0,,,,,,,,,,,
98,MONAI,Project-MONAI/MONAI,medical-data,,{},301.0,AI Toolkit for Healthcare Imaging.,16,False,monai,conda-forge/monai,,,['pytorch'],4744.0,4744.0,https://pypi.org/project/monai,644024.0,645373.0,https://anaconda.org/conda-forge/monai,2021-12-29 09:55:36.763,2026-01-28 07:31:46.743,2026-01-28 07:31:46.743000,75590.0,15.0,,,,,,2.0,,,,,,,,,,,
99,sktime,alan-turing-institute/sktime,time-series-data,,{},635.0,A unified framework for machine learning with time series.,16,False,sktime,conda-forge/sktime-all-extras,,,['sklearn'],4879.0,4879.0,https://pypi.org/project/sktime,1115938.0,1137554.0,https://anaconda.org/conda-forge/sktime-all-extras,2021-07-28 06:16:34.545,2025-12-07 07:18:44.347,2025-12-07 07:18:44.347000,1318602.0,76.0,,,,,,1.0,,,,,,,,,,,
100,STUMPY,TDAmeritrade/stumpy,time-series-data,,{},46.0,"STUMPY is a powerful and scalable Python library that computes something called a matrix profile, which can then be..",16,False,stumpy,conda-forge/stumpy,,,,1670.0,1670.0,https://pypi.org/project/stumpy,455081.0,472316.0,https://anaconda.org/conda-forge/stumpy,2020-06-15 15:52:12.048,2026-02-08 02:09:16.381,2026-02-08 02:09:16.381000,1275457.0,29.0,,,,,,1.0,BSD-3-Clause,,,,,,,,,,
101,metrics,Lightning-AI/metrics,pytorch-utils,,{},294.0,Collection of PyTorch native metrics for easy evaluating machine learning models.,16,False,metrics,conda-forge/torchmetrics,,,['pytorch'],47973.0,47973.0,https://pypi.org/project/metrics,23762.0,72404.0,https://anaconda.org/conda-forge/torchmetrics,2021-03-16 10:50:04.846,2026-03-18 09:56:39.711,2026-03-18 09:56:39.711000,3161784.0,61.0,,,,,,1.0,,,,,,,,,,,
102,category_encoders,scikit-learn-contrib/category_encoders,sklearn-utils,,{},76.0,A collection of sklearn transformers to encode categorical variables as numeric.,16,False,category_encoders,conda-forge/category_encoders,,,['sklearn'],4229.0,4229.0,https://pypi.org/project/category_encoders,2877784.0,2887551.0,https://anaconda.org/conda-forge/category_encoders,2021-10-13 18:33:31.261,2026-07-28 19:16:21.783,2026-07-28 19:16:21.783000,566508.0,26.0,,,,,,1.0,,,,,,,,,,,
103,TorchServe,pytorch/serve,model-serialisation,,{},222.0,Model serving on PyTorch.,15,False,torchserve,pytorch/torchserve,pytorch/torchserve,,['pytorch'],954.0,954.0,https://pypi.org/project/torchserve,32367.0,63646.0,https://anaconda.org/pytorch/torchserve,2020-04-21 03:52:57.365,2025-03-25 16:24:31.948,2025-03-25 16:24:31.948000,757848.0,25.0,https://hub.docker.com/r/pytorch/torchserve,2024-09-30 22:07:15.226668,33.0,33.0,1619426.0,2.0,,,,,,,,,,,
104,Fastai,fastai/fastai,ml-frameworks,,{},263.0,,15,False,fastai,,,,['pytorch'],23521.0,23521.0,https://pypi.org/project/fastai,694713.0,694713.0,,,,,,,,,,,,2.0,,,,,,,,,,,
105,PaddlePaddle,PaddlePaddle/Paddle,ml-frameworks,,{},1528.0,,15,False,paddlepaddle,,,,['paddle'],9658.0,9658.0,https://pypi.org/project/paddlepaddle,2326761.0,2326761.0,,,,,,,,,,,,2.0,,,,,,,,,,,
106,thefuzz,seatgeek/thefuzz,nlp,,{},13.0,Fuzzy string matching in python.,15,False,thefuzz,conda-forge/thefuzz,,,,6063.0,6063.0,https://pypi.org/project/thefuzz,10196644.0,10198043.0,https://anaconda.org/conda-forge/thefuzz,2022-01-13 22:10:32.583,2025-04-22 14:58:08.752,2025-04-22 14:58:08.752000,76971.0,2.0,,,,,,2.0,,,,,,,,,,,
107,flair,flairNLP/flair,nlp,,{},278.0,A very simple framework for state-of-the-art NLP.,15,False,flair,conda-forge/python-flair,,,['pytorch'],4180.0,4180.0,https://pypi.org/project/flair,170709.0,171541.0,https://anaconda.org/conda-forge/python-flair,2020-07-28 19:00:35.095,2025-04-22 14:57:32.879,2025-04-22 14:57:32.879000,60754.0,14.0,,,,,,2.0,,,,,,,,,,,
108,stanza,stanfordnlp/stanza,nlp,,{},78.0,"Stanza: A Python NLP Library for Many Human Languages, by the Stanford NLP Group.",15,False,stanza,stanfordnlp/stanza,,,,4335.0,4335.0,https://pypi.org/project/stanza,1148635.0,1148760.0,https://anaconda.org/stanfordnlp/stanza,2020-03-14 02:34:20.643,2025-03-25 16:28:39.162,2025-03-25 16:28:39.162000,9664.0,13.0,,,,,,2.0,,,,,,,,,,,
109,torchvision,pytorch/vision,image,,{},691.0,Image and video datasets and models for torch deep learning.,15,False,torchvision,conda-forge/torchvision,,,['pytorch'],24.0,24.0,https://pypi.org/project/torchvision,35981638.0,36062084.0,https://anaconda.org/conda-forge/torchvision,2021-03-09 23:13:43.284,2026-08-01 22:03:05.408,2026-08-01 22:03:05.408000,5229053.0,32.0,,,,,,2.0,,,,,,,,,,,
110,pyvips,libvips/pyvips,image,,{},21.0,Binding for libvips.,15,False,pyvips,conda-forge/pyvips,,,,1435.0,1435.0,https://pypi.org/project/pyvips,854649.0,860059.0,https://anaconda.org/conda-forge/pyvips,2020-10-14 09:36:00.636,2026-06-01 08:56:11.218,2026-06-01 08:56:11.218000,378748.0,9.0,,,,,,2.0,,,,,,,,,,,
111,OCRmyPDF,ocrmypdf/OCRmyPDF,ocr,,{},123.0,"OCRmyPDF adds an OCR text layer to scanned PDF files, allowing them to be searched.",15,False,ocrmypdf,conda-forge/ocrmypdf,,,,1583.0,1583.0,https://pypi.org/project/ocrmypdf,1177749.0,1180071.0,https://anaconda.org/conda-forge/ocrmypdf,2021-02-25 13:52:39.515,2026-08-05 07:56:00.221,2026-08-05 07:56:00.221000,153259.0,55.0,,,,,,1.0,,,,,,,ocrmypdf,ocrmypdf,,,
112,EasyOCR,JaidedAI/EasyOCR,ocr,,{},129.0,,15,False,easyocr,,,,,18164.0,18164.0,https://pypi.org/project/easyocr,3584043.0,3584043.0,,,,,,,,,,,,1.0,,,,,,,,,,,
113,mpld3,mpld3/mpld3,data-viz,,{},55.0,D3 Viewer for Matplotlib.,15,False,mpld3,conda-forge/mpld3,,,,7757.0,7757.0,https://pypi.org/project/mpld3,501647.0,508690.0,https://anaconda.org/conda-forge/mpld3,2020-06-15 20:42:17.133,2025-11-05 19:20:00.823,2025-11-05 19:20:00.823000,448393.0,13.0,,,,,,2.0,,mpld3,https://www.npmjs.com/package/mpld3,984.0,,,,,,,
114,hvPlot,holoviz/hvplot,data-viz,,{},54.0,A high-level plotting API for the PyData ecosystem built on HoloViews.,15,False,hvplot,conda-forge/hvplot,,,,7533.0,7533.0,https://pypi.org/project/hvplot,1335066.0,1349453.0,https://anaconda.org/conda-forge/hvplot,2020-06-02 12:42:34.211,2025-12-18 15:35:41.427,2025-12-18 15:35:41.427000,1064645.0,26.0,,,,,,2.0,,,,,,,,,,,
115,missingno,ResidentMario/missingno,data-viz,,{},18.0,Missing data visualization module for Python.,15,False,missingno,conda-forge/missingno,,,,23630.0,23630.0,https://pypi.org/project/missingno,496299.0,516586.0,https://anaconda.org/conda-forge/missingno,2024-03-02 01:06:25.066,2025-09-17 20:28:20.219,2025-09-17 20:28:20.219000,588330.0,5.0,,,,,,2.0,,,,,,,,,,,
116,VisPy,vispy/vispy,data-viz,,{},210.0,High-performance interactive 2D/3D data visualization library.,15,False,vispy,conda-forge/vispy,,,['jupyter'],2324.0,2324.0,https://pypi.org/project/vispy,1358345.0,1378804.0,https://anaconda.org/conda-forge/vispy,2020-09-24 16:39:06.228,2026-05-20 16:45:50.072,2026-05-20 16:45:50.072000,1451696.0,38.0,,,,,,2.0,,vispy,https://www.npmjs.com/package/vispy,13.0,,,,,,,
117,evaluate,huggingface/evaluate,interpretability,,{},139.0,,15,False,evaluate,,,,,25917.0,25917.0,https://pypi.org/project/evaluate,5653960.0,5653960.0,,,,,,,,,,,,1.0,,,,,,,,,,,
118,Lime,marcotcr/lime,interpretability,,{},62.0,Explaining the predictions of any machine learning classifier.,15,False,lime,conda-forge/lime,,,,9854.0,9854.0,https://pypi.org/project/lime,446772.0,452149.0,https://anaconda.org/conda-forge/lime,2020-06-28 01:02:39.858,2025-04-22 14:56:30.659,2025-04-22 14:56:30.659000,397923.0,11.0,,,,,,1.0,,,,,,,,,,,
119,igraph,igraph/python-igraph,graph,,{},81.0,An open source and free collection of network analysis tool.,15,False,python-igraph,conda-forge/igraph,,,,4940.0,4940.0,https://pypi.org/project/python-igraph,559543.0,577038.0,https://anaconda.org/conda-forge/igraph,2020-08-20 13:08:22.426,2025-12-27 19:06:26.854,2025-12-27 19:06:26.854000,1259710.0,35.0,,,,,,1.0,,,,,,,,,,,
120,ta,bukosabino/ta,financial-data,,{},34.0,Technical Analysis Library in Python.,15,False,ta,conda-forge/ta,,,,10434.0,10434.0,https://pypi.org/project/ta,924773.0,925508.0,https://anaconda.org/conda-forge/ta,2021-02-08 22:42:23.078,2025-04-22 14:57:46.184,2025-04-22 14:57:46.184000,48520.0,7.0,,,,,,1.0,,,,,,,,,,,
121,arch,bashtage/arch,financial-data,,{},40.0,Autoregressive Conditional Heteroskedasticity (ARCH) and other tools for financial econometrics.,15,False,arch,conda-forge/arch-py,,,,3850.0,3850.0,https://pypi.org/project/arch,999988.0,1011214.0,https://anaconda.org/conda-forge/arch-py,2020-06-25 00:04:53.242,2025-10-21 13:02:21.450,2025-10-21 13:02:21.450000,830776.0,23.0,,,,,,1.0,,,,,,,,,,,
122,scikit-optimize,scikit-optimize/scikit-optimize,hyperopt,,{},76.0,Sequential model-based optimization toolbox.,15,False,scikit-optimize,conda-forge/scikit-optimize,,,,9114.0,9114.0,https://pypi.org/project/scikit-optimize,829808.0,843189.0,https://anaconda.org/conda-forge/scikit-optimize,2020-08-07 15:12:33.756,2025-07-26 15:19:34.264,2025-07-26 15:19:34.264000,963441.0,14.0,,,,,,1.0,,,,,,,,,,,
123,Ax,facebook/Ax,hyperopt,,{},218.0,Adaptive Experimentation.,15,False,ax-platform,conda-forge/ax-platform,,,['pytorch'],1340.0,1340.0,https://pypi.org/project/ax-platform,184354.0,185518.0,https://anaconda.org/conda-forge/ax-platform,2021-06-22 17:59:01.165,2026-06-17 01:27:01.329,2026-06-17 01:27:01.329000,72213.0,29.0,,,,,,1.0,,,,,,,,,,,
124,snakemake,snakemake/snakemake,ml-experiments,,{},407.0,A popular workflow management system aiming at full in-silico reproducibility.,15,False,snakemake,bioconda/snakemake,,,,2700.0,2700.0,https://pypi.org/project/snakemake,249980.0,264436.0,https://anaconda.org/bioconda/snakemake,2015-10-17 15:43:54.867,2026-08-18 13:17:07.736,2026-08-18 13:17:07.736000,1879341.0,370.0,,,,,,2.0,,,,,,,,,,,
125,Metaflow,Netflix/metaflow,ml-experiments,,{},147.0,"Metaflow: More Data Science, Less Engineering.",15,False,metaflow,conda-forge/metaflow,,,,1027.0,1027.0,https://pypi.org/project/metaflow,906795.0,913096.0,https://anaconda.org/conda-forge/metaflow,2020-07-29 21:37:08.322,2026-08-18 02:18:44.551,2026-08-18 02:18:44.551000,460029.0,209.0,,,,,,2.0,,,,,,,,,,,
126,Lifelines,CamDavidsonPilon/lifelines,medical-data,,{},124.0,"Survival analysis in Python, including Kaplan Meier, Nelson Aalen and regression.",15,False,lifelines,conda-forge/lifelines,,,,4524.0,4524.0,https://pypi.org/project/lifelines,2506927.0,2516594.0,https://anaconda.org/conda-forge/lifelines,2020-05-25 23:39:09.984,2026-04-29 14:43:19.233,2026-04-29 14:43:19.233000,725055.0,65.0,,,,,,2.0,,,,,,,,,,,
127,DIPY,dipy/dipy,medical-data,,{},203.0,Diffusion MR Imaging in Python.,15,False,dipy,conda-forge/dipy,,,,1659.0,1659.0,https://pypi.org/project/dipy,88850.0,106577.0,https://anaconda.org/conda-forge/dipy,2020-09-15 04:04:39.951,2026-08-06 14:06:10.268,2026-08-06 14:06:10.268000,1258627.0,21.0,,,,,,2.0,,,,,,,,,,,
128,Submit it,facebookincubator/submitit,distributed-ml,,{},29.0,Python 3.6+ toolbox for submitting jobs to Slurm.,15,False,submitit,conda-forge/submitit,,,,5162.0,5162.0,https://pypi.org/project/submitit,3128443.0,3129531.0,https://anaconda.org/conda-forge/submitit,2020-08-26 15:42:24.203,2025-12-18 14:08:10.664,2025-12-18 14:08:10.664000,78352.0,12.0,,,,,,2.0,,,,,,,,,,,
129,mpi4py,mpi4py/mpi4py,distributed-ml,,{},30.0,Python bindings for MPI.,15,False,mpi4py,conda-forge/mpi4py,,,,12541.0,12541.0,https://pypi.org/project/mpi4py,1039459.0,1127683.0,https://anaconda.org/conda-forge/mpi4py,2020-10-09 13:03:47.206,2026-05-16 11:28:40.096,2026-05-16 11:28:40.096000,6175742.0,19.0,,,,,,2.0,,,,,,,,,,,
130,DEAP,deap/deap,distributed-ml,,{},93.0,Distributed Evolutionary Algorithms in Python.,15,False,deap,conda-forge/deap,,,,7088.0,7088.0,https://pypi.org/project/deap,493883.0,505285.0,https://anaconda.org/conda-forge/deap,2020-10-12 23:47:32.551,2026-05-06 22:52:09.525,2026-05-06 22:52:09.525000,798194.0,9.0,,,,,,2.0,,,,,,,,,,,
131,StatsForecast,Nixtla/statsforecast,time-series-data,,{},67.0,Time series forecasting suite using statistical models.,15,False,statsforecast,conda-forge/statsforecast,,,,2227.0,2227.0,https://pypi.org/project/statsforecast,1947733.0,1953639.0,https://anaconda.org/conda-forge/statsforecast,2022-03-04 23:51:03.641,2026-07-16 21:01:59.106,2026-07-16 21:01:59.106000,313053.0,37.0,,,,,,1.0,,,,,,,,,,,
132,Annoy,spotify/annoy,nn-search,,{},90.0,Approximate Nearest Neighbors in C++/Python optimized for memory usage and loading/saving to disk.,15,False,annoy,conda-forge/python-annoy,,,,5621.0,5621.0,https://pypi.org/project/annoy,1299295.0,1322246.0,https://anaconda.org/conda-forge/python-annoy,2020-09-18 19:43:51.472,2025-09-01 16:14:20.560,2025-09-01 16:14:20.560000,1629569.0,22.0,,,,,,2.0,,,,,,,,,,,
133,weaviate,weaviate/weaviate,nn-search,,{},185.0,,15,False,weaviate-client,,,,,1107.0,1107.0,https://pypi.org/project/weaviate-client,141252756.0,141252756.0,,,,,,,,,,,,2.0,,,,,,,,,,,
134,hnswlib,nmslib/hnswlib,nn-search,,{},75.0,"Python bindings for Hnswlib, a fast approximate nearest neighbor search package.",15,False,hnswlib,conda-forge/hnswlib,,,,8860.0,8860.0,https://pypi.org/project/hnswlib,555313.0,562686.0,https://anaconda.org/conda-forge/hnswlib,2020-12-23 06:04:48.389,2025-08-30 15:22:17.304,2025-08-30 15:22:17.304000,501399.0,6.0,,,,,,2.0,,,,,,,,,,,
135,GPyTorch,cornellius-gp/gpytorch,probabilistics,,{},154.0,An implementation of Gaussian Processes in Pytorch.,15,False,gpytorch,conda-forge/gpytorch,,,['pytorch'],3460.0,3460.0,https://pypi.org/project/gpytorch,1238954.0,1242724.0,https://anaconda.org/conda-forge/gpytorch,2020-05-21 18:18:14.146,2026-02-28 20:41:43.640,2026-02-28 20:41:43.640000,282816.0,26.0,,,,,,1.0,,,,,,,,,,,
136,hmmlearn,hmmlearn/hmmlearn,probabilistics,,{},49.0,Hidden Markov Models in Python with scikit-learn like API.,15,False,hmmlearn,conda-forge/hmmlearn,,,['sklearn'],3989.0,3989.0,https://pypi.org/project/hmmlearn,854397.0,861958.0,https://anaconda.org/conda-forge/hmmlearn,2020-09-15 00:44:34.740,2025-09-10 16:53:48.310,2025-09-10 16:53:48.310000,536867.0,12.0,,,,,,1.0,,,,,,,,,,,
137,PML,KevinMusgrave/pytorch-metric-learning,pytorch-utils,,{},45.0,"The easiest way to use deep metric learning in your application. Modular, flexible, and extensible. Written in PyTorch.",15,False,pytorch-metric-learning,metric-learning/pytorch-metric-learning,,,['pytorch'],3254.0,3254.0,https://pypi.org/project/pytorch-metric-learning,3584618.0,3584793.0,https://anaconda.org/metric-learning/pytorch-metric-learning,2020-01-15 21:48:23.571,2025-03-25 16:28:35.582,2025-03-25 16:28:35.582000,13896.0,54.0,,,,,,1.0,,,,,,,,,,,
138,torchdiffeq,rtqichen/torchdiffeq,pytorch-utils,,{},23.0,ODE solvers and adjoint sensitivity analysis in PyTorch.,15,False,torchdiffeq,conda-forge/torchdiffeq,,,['pytorch'],5973.0,5973.0,https://pypi.org/project/torchdiffeq,977873.0,978266.0,https://anaconda.org/conda-forge/torchdiffeq,2020-05-06 16:34:48.157,2025-04-22 14:57:25.759,2025-04-22 14:57:25.759000,29526.0,4.0,,,,,,1.0,,,,,,,,,,,
139,scikit-learn-intelex,intel/scikit-learn-intelex,sklearn-utils,,{},88.0,Extension for Scikit-learn* (CPU runtime) is a seamless way to speed up your Scikit-learn application.,15,False,scikit-learn-intelex,conda-forge/scikit-learn-intelex,,,['sklearn'],13869.0,13869.0,https://pypi.org/project/scikit-learn-intelex,157297.0,169611.0,https://anaconda.org/conda-forge/scikit-learn-intelex,2021-04-08 23:29:40.051,2026-07-14 07:44:54.068,2026-07-14 07:44:54.068000,788123.0,31.0,,,,,,2.0,,,,,,,,,,,
140,DeepSpeed,microsoft/DeepSpeed,distributed-ml,,{},499.0,https://www.deepspeed.ai for more info.,14,False,deepspeed,,deepspeed/deepspeed,,['pytorch'],16034.0,16034.0,https://pypi.org/project/deepspeed,1042589.0,1042589.0,,,,2022-09-02 00:25:31.275782,,,https://hub.docker.com/r/deepspeed/deepspeed,2022-09-02 00:25:31.275782,5.0,5.0,27673.0,2.0,,,,,,,,,,,
141,Catboost,catboost/catboost,ml-frameworks,,{},1418.0,Gradient boosting on decision trees library.,14,False,catboost,conda-forge/catboost,,,,21.0,21.0,https://pypi.org/project/catboost,6497409.0,6536980.0,https://anaconda.org/conda-forge/catboost,2020-11-05 20:16:46.091,2026-02-23 23:23:44.774,2026-02-23 23:23:44.774000,2730447.0,71.0,,,,,,2.0,,,,,,,,,,,
142,PySpark,apache/spark,ml-frameworks,,{},3563.0,Apache Spark Python API.,14,False,pyspark,conda-forge/pyspark,,,['spark'],,,https://pypi.org/project/pyspark,47819805.0,47886548.0,https://anaconda.org/conda-forge/pyspark,2020-06-06 07:35:29.643,2026-07-16 15:46:27.659,2026-07-16 15:46:27.659000,4938983.0,43.0,,,,,,2.0,,,,,stable/spark,,,,,,
143,Sumy,miso-belica/sumy,nlp,,{},34.0,Module for automatic summarization of text documents and HTML pages.,14,False,sumy,conda-forge/sumy,,,,4354.0,4354.0,https://pypi.org/project/sumy,167145.0,167427.0,https://anaconda.org/conda-forge/sumy,2021-06-22 09:34:48.682,2025-04-22 14:57:55.728,2025-04-22 14:57:55.728000,17530.0,4.0,,,,,,2.0,,,,,,,,,,,
144,TextDistance,life4/textdistance,nlp,,{},18.0,TextDistance python library for comparing distance between two or more sequences by many algorithms.,14,False,textdistance,conda-forge/textdistance,,,,8986.0,8986.0,https://pypi.org/project/textdistance,2523629.0,2541508.0,https://anaconda.org/conda-forge/textdistance,2020-11-09 13:54:55.292,2025-04-22 14:56:50.409,2025-04-22 14:56:50.409000,1233654.0,14.0,,,,,,2.0,,,,,,,,,,,
145,autogen,microsoft/autogen,agents,,{},534.0,,14,False,autogen-agentchat,,,,,4556.0,4556.0,https://pypi.org/project/autogen-agentchat,1108022.0,1108022.0,,,,,,,,,,,,3.0,,,,,,,,,,,
146,sahi,obss/sahi,image,,{},79.0,A vision library for performing sliced inference on large images/small objects.,14,False,sahi,conda-forge/sahi,,,,1984.0,1984.0,https://pypi.org/project/sahi,267699.0,270462.0,https://anaconda.org/conda-forge/sahi,2021-10-08 17:03:02.074,2026-08-18 02:17:21.223,2026-08-18 02:17:21.223000,160271.0,75.0,,,,,,2.0,,,,,,,,,,,
147,detectron2,facebookresearch/detectron2,image,,{},287.0,Detectron2 is FAIRs next-generation platform for object detection and segmentation.,14,False,detectron2,conda-forge/detectron2,,,['pytorch'],2644.0,2644.0,https://pypi.org/project/detectron2,,15203.0,https://anaconda.org/conda-forge/detectron2,2020-07-09 13:12:53.248,2026-06-18 17:18:26.312,2026-06-18 17:18:26.312000,1109886.0,9.0,,,,,,2.0,,,,,,,,,,,
148,MMDetection,open-mmlab/mmdetection,image,,{},453.0,,14,False,mmdet,,,,['pytorch'],4134.0,4134.0,https://pypi.org/project/mmdet,599130.0,599130.0,,,,,,,,,,,,2.0,,,,,,,,,,,
149,PaddleOCR,PaddlePaddle/PaddleOCR,ocr,,{},295.0,,14,False,paddleocr,,,,['paddle'],7018.0,7018.0,https://pypi.org/project/paddleocr,2945408.0,2945408.0,,,,,,,,,,,,2.0,,,,,,,,,,,
150,tesserocr,sirfz/tesserocr,ocr,,{},35.0,"A simple, Pillow-friendly, Python wrapper around tesseract-ocr API using Cython.",14,False,tesserocr,conda-forge/tesserocr,,,,1466.0,1466.0,https://pypi.org/project/tesserocr,494696.0,499845.0,https://anaconda.org/conda-forge/tesserocr,2020-07-10 15:30:26.694,2025-04-22 14:57:14.353,2025-04-22 14:57:14.353000,375904.0,6.0,,,,,,2.0,,,,,,,,,,,
151,datashader,holoviz/datashader,data-viz,,{},65.0,Data visualization toolchain based on aggregating into a grid.,14,False,datashader,conda-forge/datashader,,,,6468.0,6468.0,https://pypi.org/project/datashader,372238.0,398471.0,https://anaconda.org/conda-forge/datashader,2020-05-25 22:22:03.938,2026-05-19 13:17:28.903,2026-05-19 13:17:28.903000,1967546.0,33.0,,,,,,2.0,,,,,,,,,,,
152,scikit-plot,reiinakano/scikit-plot,interpretability,,{},13.0,An intuitive library to add plotting functionality to scikit-learn objects.,14,False,scikit-plot,conda-forge/scikit-plot,,,['sklearn'],6604.0,6604.0,https://pypi.org/project/scikit-plot,449108.0,454433.0,https://anaconda.org/conda-forge/scikit-plot,2017-07-28 13:12:37.676,2025-04-22 14:56:38.875,2025-04-22 14:56:38.875000,580518.0,6.0,,,,,,1.0,,,,,,,,,,,
153,pyLDAvis,bmabey/pyLDAvis,interpretability,,{},42.0,Python library for interactive topic model visualization.,14,False,pyldavis,conda-forge/pyldavis,,,['jupyter'],7510.0,7510.0,https://pypi.org/project/pyldavis,111297.0,113056.0,https://anaconda.org/conda-forge/pyldavis,2021-03-22 07:23:59.104,2025-04-22 14:56:51.622,2025-04-22 14:56:51.622000,114347.0,7.0,,,,,,1.0,,,,,,,,,,,
154,dtreeviz,parrt/dtreeviz,interpretability,,{},29.0,A python library for decision tree visualization and model interpretation.,14,False,dtreeviz,conda-forge/dtreeviz,,,,1633.0,1633.0,https://pypi.org/project/dtreeviz,73234.0,75298.0,https://anaconda.org/conda-forge/dtreeviz,2020-11-11 13:07:21.019,2026-07-23 07:45:21.686,2026-07-23 07:45:21.686000,142479.0,22.0,,,,,,1.0,,,,,,,,,,,
155,Captum,pytorch/captum,interpretability,,{},147.0,Model interpretability for PyTorch.,14,False,captum,conda-forge/captum,,,['pytorch'],3742.0,3742.0,https://pypi.org/project/captum,550705.0,553882.0,https://anaconda.org/conda-forge/captum,2021-12-30 19:59:39.750,2026-04-17 07:52:38.995,2026-04-17 07:52:38.995000,177967.0,5.0,,,,,,1.0,,,,,,,,,,,
156,PySAL,pysal/pysal,geospatial-data,,{},82.0,Library of spatial analysis functions.,14,False,pysal,conda-forge/pysal,,,,1874.0,1874.0,https://pypi.org/project/pysal,123732.0,138446.0,https://anaconda.org/conda-forge/pysal,2020-07-30 10:24:56.727,2026-08-01 14:34:03.251,2026-08-01 14:34:03.251000,1074170.0,25.0,,,,,,3.0,,,,,,,,,,,
157,Keras Tuner,keras-team/keras-tuner,hyperopt,,{},61.0,Hypertuner for Keras.,14,False,keras-tuner,conda-forge/keras-tuner,,,['tensorflow'],6275.0,6275.0,https://pypi.org/project/keras-tuner,177766.0,179137.0,https://anaconda.org/conda-forge/keras-tuner,2021-08-02 13:21:10.519,2025-12-30 15:56:03.681,2025-12-30 15:56:03.681000,82306.0,16.0,,,,,,2.0,,,,,,,,,,,
158,PyCaret,pycaret/pycaret,hyperopt,,{},144.0,"PyCaret - An open source, low-code machine learning library in Python.",14,False,pycaret,conda-forge/pycaret,,,,7965.0,7965.0,https://pypi.org/project/pycaret,435688.0,437040.0,https://anaconda.org/conda-forge/pycaret,2020-08-12 05:38:21.683,2025-04-22 14:57:34.170,2025-04-22 14:57:34.170000,97365.0,19.0,,,,,,2.0,,,,,,-1.0,,,,,
159,stable-baselines3,DLR-RM/stable-baselines3,reinforcement-learning,,{},174.0,,14,False,stable-baselines3,,,,,10528.0,10528.0,https://pypi.org/project/stable-baselines3,1379900.0,1379900.0,,,,,,,,,,,,1.0,,,,,,,,,,,
160,SDV,sdv-dev/SDV,tabular,,{},51.0,"Synthetic Data Generation for tabular, relational and time series data.",14,False,sdv,conda-forge/sdv,,,,915.0,915.0,https://pypi.org/project/sdv,100329.0,102186.0,https://anaconda.org/conda-forge/sdv,2021-12-01 17:23:52.352,2026-08-09 05:24:33.869,2026-08-09 05:24:33.869000,103993.0,75.0,,,,,,1.0,,,,,,,,,,,
161,tslearn,tslearn-team/tslearn,time-series-data,,{},50.0,A machine learning toolkit dedicated to time-series data.,14,False,tslearn,conda-forge/tslearn,,,['sklearn'],2011.0,2011.0,https://pypi.org/project/tslearn,269208.0,297063.0,https://anaconda.org/conda-forge/tslearn,2020-06-15 20:45:09.304,2026-07-03 08:42:17.384,2026-07-03 08:42:17.384000,2061300.0,30.0,,,,,,2.0,,,,,,,,,,,
162,GluonTS,awslabs/gluon-ts,time-series-data,,{},119.0,"GluonTS is a Python toolkit for probabilistic time series modeling, built around Apache MXNet (incubating).",14,False,gluonts,anaconda/gluonts,,,['pytorch'],1690.0,1690.0,https://pypi.org/project/gluonts,584256.0,584338.0,https://anaconda.org/anaconda/gluonts,2021-10-14 12:53:05.194,2025-12-17 11:42:34.161,2025-12-17 11:42:34.161000,4780.0,6.0,,,,,,2.0,,,,,,-1.0,,,,,
163,Coqui TTS,coqui-ai/TTS,audio,,{},166.0,Deep learning for Text to Speech by Coqui.,14,False,tts,conda-forge/tts,,,"['pytorch', 'tensorflow']",3798.0,3798.0,https://pypi.org/project/tts,100987.0,101652.0,https://anaconda.org/conda-forge/tts,2021-10-18 17:44:58.974,2025-04-22 14:58:02.848,2025-04-22 14:58:02.848000,38582.0,4.0,,,,,,1.0,,,,,,,,,,,
164,speechbrain,speechbrain/speechbrain,audio,,{},277.0,,14,False,speechbrain,,,,['pytorch'],4383.0,4383.0,https://pypi.org/project/speechbrain,1745372.0,1745372.0,,,,,,,,,,,,1.0,,,,,,,,,,,
165,huggingface_hub,huggingface/huggingface_hub,model-serialisation,,{},365.0,"Client library to download and publish models, datasets and other repos on the huggingface.co hub.",14,False,huggingface_hub,conda-forge/huggingface_hub,,,,,,https://pypi.org/project/huggingface_hub,511614917.0,511719771.0,https://anaconda.org/conda-forge/huggingface_hub,2021-02-12 21:11:22.751,2026-08-18 13:30:07.295,2026-08-18 13:30:07.295000,6920370.0,170.0,,,,,,2.0,,,,,,,,,,,
166,gpustat,wookayin/gpustat,gpu-utilities,,{},18.0,A simple command-line utility for querying and monitoring GPU status.,14,False,gpustat,conda-forge/gpustat,,,,8232.0,8232.0,https://pypi.org/project/gpustat,1230978.0,1235912.0,https://anaconda.org/conda-forge/gpustat,2020-11-24 19:59:02.801,2025-04-22 14:57:03.401,2025-04-22 14:57:03.401000,340465.0,5.0,,,,,,2.0,,,,,,,,,,,
167,PyCUDA,inducer/pycuda,gpu-utilities,,{},84.0,Python wrapper for CUDA.,14,False,pycuda,conda-forge/pycuda,,,,4134.0,4134.0,https://pypi.org/project/pycuda,77030.0,99146.0,https://anaconda.org/conda-forge/pycuda,2021-03-24 21:15:24.222,2025-10-27 15:24:05.554,2025-10-27 15:24:05.554000,1437566.0,9.0,,,,,,2.0,,,,,,,,,,,
168,emcee,dfm/emcee,probabilistics,,{},78.0,The Python ensemble sampling toolkit for MCMC.,14,False,emcee,conda-forge/emcee,,,,3440.0,3440.0,https://pypi.org/project/emcee,1230058.0,1243478.0,https://anaconda.org/conda-forge/emcee,2021-06-27 13:53:55.745,2025-04-22 14:56:23.732,2025-04-22 14:56:23.732000,832097.0,12.0,,,,,,2.0,,,,,,,,,,,
169,PyStan,stan-dev/pystan,probabilistics,,{},14.0,"Python interface to Stan, a package for Bayesian inference.",14,False,pystan,conda-forge/pystan,,,,10632.0,10632.0,https://pypi.org/project/pystan,1395757.0,1445764.0,https://anaconda.org/conda-forge/pystan,2020-08-25 22:10:44.292,2025-04-22 14:56:33.006,2025-04-22 14:56:33.006000,3600523.0,13.0,,,,,,2.0,,,,,,,,,,,
170,SALib,SALib/SALib,probabilistics,,{},58.0,Sensitivity Analysis Library.,14,False,salib,conda-forge/salib,,,,1792.0,1792.0,https://pypi.org/project/salib,676899.0,684637.0,https://anaconda.org/conda-forge/salib,2020-10-24 17:04:38.048,2025-10-12 03:01:28.233,2025-10-12 03:01:28.233000,541705.0,16.0,,,,,,2.0,,,,,,,,,,,
171,pingouin,raphaelvallat/pingouin,probabilistics,,{},50.0,Pingouin is an open-source statistical package written in Python 3 and based mostly on Pandas and NumPy.,14,False,pingouin,conda-forge/pingouin,,,,3578.0,3578.0,https://pypi.org/project/pingouin,545703.0,548896.0,https://anaconda.org/conda-forge/pingouin,2020-06-15 06:04:02.429,2026-03-28 17:04:20.161,2026-03-28 17:04:20.161000,236298.0,30.0,,,,,,2.0,,,,,,,,,,,
172,scikit-survival,sebp/scikit-survival,sklearn-utils,,{},26.0,Survival analysis built on top of scikit-learn.,14,False,scikit-survival,conda-forge/scikit-survival,,,['sklearn'],1027.0,1027.0,https://pypi.org/project/scikit-survival,256316.0,263170.0,https://anaconda.org/conda-forge/scikit-survival,2021-11-09 12:11:50.632,2026-07-05 12:16:19.854,2026-07-05 12:16:19.854000,390725.0,19.0,,,,,,2.0,,,,,,,,,,,
173,Feature Engine,feature-engine/feature_engine,others,,{},65.0,Feature engineering and selection package with Scikit-learns fit and transform functionality.,14,False,feature_engine,conda-forge/feature_engine,,,,3928.0,3928.0,https://pypi.org/project/feature_engine,293985.0,295342.0,https://anaconda.org/conda-forge/feature_engine,2020-08-06 19:43:35.639,2026-02-28 00:54:25.851,2026-02-28 00:54:25.851000,97773.0,26.0,,,,,,1.0,,,,,,,,,,,
174,PennyLane,PennyLaneAI/PennyLane,others,,{},227.0,PennyLane is a Python quantum machine learning library by Xanadu Inc.,14,False,pennylane,conda-forge/pennylane,,,,2169.0,2169.0,https://pypi.org/project/pennylane,314480.0,322345.0,https://anaconda.org/conda-forge/pennylane,2021-11-24 17:17:59.313,2025-04-22 14:58:05.852,2025-04-22 14:58:05.852000,448332.0,19.0,,,,,,1.0,,,,,,,,,,,
175,River,online-ml/river,others,,{},148.0,Online machine learning in Python.,14,False,river,conda-forge/river,,,,911.0,911.0,https://pypi.org/project/river,237570.0,240196.0,https://anaconda.org/conda-forge/river,2021-04-19 20:23:28.936,2026-06-01 01:52:46.506,2026-06-01 01:52:46.506000,168078.0,8.0,,,,,,1.0,,,,,,,,,,,
176,kmodes,nicodv/kmodes,others,,{},22.0,Python implementations of the k-modes and k-prototypes clustering algorithms for clustering categorical data.,14,False,kmodes,conda-forge/kmodes,,,,3213.0,3213.0,https://pypi.org/project/kmodes,563311.0,564497.0,https://anaconda.org/conda-forge/kmodes,2020-04-04 05:32:53.353,2025-04-22 14:57:23.933,2025-04-22 14:57:23.933000,90208.0,6.0,,,,,,1.0,,,,,,,,,,,
177,pyjanitor,pyjanitor-devs/pyjanitor,others,,{},124.0,Tools for cleaning pandas DataFrames.,14,False,pyjanitor,conda-forge/pyjanitor,,,,1020.0,1020.0,https://pypi.org/project/pyjanitor,306828.0,312240.0,https://anaconda.org/conda-forge/pyjanitor,2020-05-18 15:23:06.586,2026-08-17 20:57:54.500,2026-08-17 20:57:54.500000,405955.0,79.0,,,,,,1.0,,,,,,,,,,,
178,Datasette,simonw/datasette,others,,{},95.0,An open source multi-tool for exploring and publishing data.,14,False,datasette,conda-forge/datasette,,,,1820.0,1820.0,https://pypi.org/project/datasette,177323.0,178765.0,https://anaconda.org/conda-forge/datasette,2021-04-21 16:46:59.352,2026-08-09 22:33:07.062,2026-08-09 22:33:07.062000,92304.0,33.0,,,,,,1.0,,,,,,,datasette,,,,
179,AutoGluon,autogluon/autogluon,hyperopt,,{},164.0,"AutoGluon: AutoML for Text, Image, and Tabular Data.",13,False,autogluon,,autogluon/autogluon,https://auto.gluon.ai,"['pytorch', 'sklearn']",1297.0,1297.0,https://pypi.org/project/autogluon,1002912.0,1002912.0,,,,2025-06-16 23:01:47.182920,,,https://hub.docker.com/r/autogluon/autogluon,2025-06-16 23:01:47.182920,20.0,20.0,25947.0,2.0,,,,,,,,,,,
180,skorch,skorch-dev/skorch,ml-frameworks,,{},73.0,A scikit-learn compatible neural network library that wraps pytorch.,13,False,skorch,conda-forge/skorch,,,"['pytorch', 'sklearn']",1813.0,1813.0,https://pypi.org/project/skorch,127440.0,139362.0,https://anaconda.org/conda-forge/skorch,2020-09-19 04:12:05.913,2026-05-20 05:57:04.606,2026-05-20 05:57:04.606000,846520.0,18.0,,,,,,3.0,,,,,,,,,,,
181,ngboost,stanfordmlgroup/ngboost,ml-frameworks,,{},62.0,Natural Gradient Boosting for Probabilistic Prediction.,13,False,ngboost,conda-forge/ngboost,,,,309.0,309.0,https://pypi.org/project/ngboost,172593.0,174006.0,https://anaconda.org/conda-forge/ngboost,2020-07-18 02:10:27.277,2026-06-26 06:33:29.103,2026-06-26 06:33:29.103000,103211.0,34.0,,,,,,3.0,,,,,,,,,,,
182,textacy,chartbeat-labs/textacy,nlp,,{},35.0,"NLP, before and after spaCy.",13,False,textacy,conda-forge/textacy,,,,2090.0,2090.0,https://pypi.org/project/textacy,107552.0,110321.0,https://anaconda.org/conda-forge/textacy,2017-05-12 21:55:59.675,2025-04-22 14:56:36.813,2025-04-22 14:56:36.813000,307462.0,12.0,,,,,,2.0,,,,,,,,,,,
183,nlpaug,makcedward/nlpaug,nlp,,{},34.0,Natrual language processing data Augmentation library.,13,False,nlpaug,conda-forge/nlpaug,,,,1895.0,1895.0,https://pypi.org/project/nlpaug,201014.0,201922.0,https://anaconda.org/conda-forge/nlpaug,2021-06-28 02:58:38.053,2025-04-22 14:57:56.135,2025-04-22 14:57:56.135000,56332.0,7.0,,,,,,2.0,,,,,,,,,,,
184,spacy-transformers,explosion/spacy-transformers,nlp,,{},24.0,"Use pretrained transformers like BERT, XLNet and GPT-2 in spaCy.",13,False,spacy-transformers,conda-forge/spacy-transformers,,,['spacy'],2421.0,2421.0,https://pypi.org/project/spacy-transformers,260308.0,263605.0,https://anaconda.org/conda-forge/spacy-transformers,2021-11-18 17:41:04.018,2026-03-24 13:10:30.640,2026-03-24 13:10:30.640000,187970.0,22.0,,,,,,2.0,,,,,,,,,,,
185,haystack,deepset-ai/haystack,agents,,{},426.0,,13,False,haystack-ai,,,,,1811.0,1811.0,https://pypi.org/project/haystack-ai,892578.0,892578.0,,,,,,,,,,,,3.0,,,,,,,,,,,
186,agno,agno-agi/agno,agents,,{},530.0,,13,False,agno,,,,,3082.0,3082.0,https://pypi.org/project/agno,2257788.0,2257788.0,,,,,,,,,,,,3.0,,,,,,,,,,,
187,deepface,serengil/deepface,image,,{},100.0,,13,False,deepface,,,,,8726.0,8726.0,https://pypi.org/project/deepface,512574.0,512574.0,,,,,,,,,,,,2.0,,,,,,6.0,,,,,
188,mahotas,luispedro/mahotas,image,,{},35.0,Mahotas: Computer Vision Library.,13,False,mahotas,conda-forge/mahotas,,,,1590.0,1590.0,https://pypi.org/project/mahotas,64832.0,82858.0,https://anaconda.org/conda-forge/mahotas,2020-06-12 13:41:17.109,2025-10-21 21:07:30.102,2025-10-21 21:07:30.102000,1333996.0,14.0,,,,,,2.0,,,,,,,,,,,
189,Face Recognition,ageitgey/face_recognition,image,,{},55.0,Recognize faces from Python or from the command line.,13,False,face_recognition,conda-forge/face_recognition,,,['pytorch'],5672.0,5672.0,https://pypi.org/project/face_recognition,194623.0,195263.0,https://anaconda.org/conda-forge/face_recognition,2020-09-14 16:50:56.246,2025-04-22 14:57:35.730,2025-04-22 14:57:35.730000,45482.0,1.0,,,,,,2.0,,,,,,,,,,,
190,InsightFace,deepinsight/insightface,image,,{},67.0,,13,False,insightface,,,,['mxnet'],5316.0,5316.0,https://pypi.org/project/insightface,1084758.0,1084758.0,,,,,,,,,,,,2.0,,,,,,,,,,,
191,Plotly-Resampler,predict-idlab/plotly-resampler,data-viz,,{},14.0,Visualizing large time series with plotly.,13,False,plotly-resampler,conda-forge/plotly-resampler,,,,2101.0,2101.0,https://pypi.org/project/plotly-resampler,500284.0,503659.0,https://anaconda.org/conda-forge/plotly-resampler,2022-01-13 19:12:38.352,2025-10-09 21:44:53.402,2025-10-09 21:44:53.402000,185634.0,23.0,,,,,,2.0,,,,,,,,,,,
192,D-Tale,man-group/dtale,data-viz,,{},33.0,D-Tale is the combination of a Flask back-end and a React front-end to bring you an easy way to view & analyze Pandas..,13,False,dtale,conda-forge/dtale,,,"['pandas', 'jupyter']",1538.0,1538.0,https://pypi.org/project/dtale,50084.0,58010.0,https://anaconda.org/conda-forge/dtale,2020-05-31 14:48:59.449,2026-04-01 13:43:46.846,2026-04-01 13:43:46.846000,594474.0,160.0,,,,,,2.0,LGPL-2.1,,,,,,,,,,
193,pyvis,WestHealth/pyvis,data-viz,,{},32.0,,13,False,pyvis,,,,,12647.0,12647.0,https://pypi.org/project/pyvis,2286154.0,2286154.0,,,,,,,,,,,,2.0,,,,,,,,,,,
194,Perspective,finos/perspective,data-viz,,{},103.0,Streaming pivot visualization via WebAssembly.,13,False,perspective-python,conda-forge/perspective,,,['jupyter'],215.0,215.0,https://pypi.org/project/perspective-python,39795.0,81700.0,https://anaconda.org/conda-forge/perspective,2020-06-07 15:10:08.248,2026-08-05 14:07:57.362,2026-08-05 14:07:57.362000,3031757.0,89.0,,,,,,2.0,,@finos/perspective-jupyterlab,https://www.npmjs.com/package/@finos/perspective-jupyterlab,936.0,,,,,,,
195,pyecharts,pyecharts/pyecharts,data-viz,,{},45.0,,13,False,pyecharts,,,https://github.com/pyecharts/pyecharts/blob/master/README.en.md,['jupyter'],5696.0,5696.0,https://pypi.org/project/pyecharts,1122393.0,1122393.0,,,,,,,,,,,,2.0,,,,,,,,,,,
196,dgl,dmlc/dgl,graph,,{},298.0,,13,False,dgl,,,,,4267.0,4267.0,https://pypi.org/project/dgl,133404.0,133404.0,,,,,,,,,,,,1.0,,,,,,,,,,,
197,ogb,snap-stanford/ogb,graph,,{},32.0,Open Graph Benchmark.,13,False,ogb,conda-forge/ogb,,,,2795.0,2795.0,https://pypi.org/project/ogb,105435.0,106551.0,https://anaconda.org/conda-forge/ogb,2020-09-02 17:22:47.382,2025-04-22 14:57:35.121,2025-04-22 14:57:35.121000,79271.0,11.0,,,,,,1.0,,,,,,,,,,,
198,Bayesian Optimization,fmfn/BayesianOptimization,hyperopt,,{},57.0,,13,False,bayesian-optimization,,,,,4238.0,4238.0,https://pypi.org/project/bayesian-optimization,640214.0,640214.0,,,,,,,,,,,,2.0,,,,,,,,,,,
199,nevergrad,facebookresearch/nevergrad,hyperopt,,{},59.0,A Python toolbox for performing gradient-free optimization.,13,False,nevergrad,conda-forge/nevergrad,,,,1254.0,1254.0,https://pypi.org/project/nevergrad,373110.0,374131.0,https://anaconda.org/conda-forge/nevergrad,2020-05-26 12:59:59.482,2025-04-22 14:57:24.222,2025-04-22 14:57:24.222000,76628.0,15.0,,,,,,2.0,,,,,,,,,,,
200,featuretools,alteryx/featuretools,hyperopt,,{},75.0,a framework for automated feature engineering.,13,False,featuretools,conda-forge/featuretools,,,,2168.0,2168.0,https://pypi.org/project/featuretools,159436.0,163722.0,https://anaconda.org/conda-forge/featuretools,2020-06-04 23:17:05.307,2025-04-22 14:56:57.460,2025-04-22 14:56:57.460000,317189.0,77.0,,,,,,2.0,,,,,,,,,,,
201,Neptune.ai,neptune-ai/neptune-client,ml-experiments,,{},59.0,Neptune Client.,13,False,neptune-client,conda-forge/neptune-client,,,,982.0,982.0,https://pypi.org/project/neptune-client,58893.0,65031.0,https://anaconda.org/conda-forge/neptune-client,2020-05-20 10:42:43.652,2025-04-22 14:57:20.407,2025-04-22 14:57:20.407000,460416.0,132.0,,,,,,2.0,,,,,,,,,,,
202,aim,aimhubio/aim,ml-experiments,,{},82.0,"A super-easy way to record, search and compare 1000s of ML training runs.",13,False,aim,conda-forge/aim,,,,1237.0,1237.0,https://pypi.org/project/aim,105464.0,108506.0,https://anaconda.org/conda-forge/aim,2021-07-07 13:38:09.942,2026-02-02 15:43:00.878,2026-02-02 15:43:00.878000,185573.0,12.0,,,,,,2.0,,,,,,,,,,,
203,pyRiemann,pyRiemann/pyRiemann,ml-frameworks,,{},44.0,Biosignals classification with Riemannian Geometry.,13,False,pyriemann,conda-forge/pyriemann,,https://pyriemann.readthedocs.io/en/latest/,['sklearn'],516.0,516.0,https://pypi.org/project/pyriemann,64693.0,65185.0,https://anaconda.org/conda-forge/pyriemann,2022-06-08 12:07:57.776,2026-07-21 00:00:13.884,2026-07-21 00:00:13.884000,24646.0,11.0,,,,,,3.0,,,,,,,,,,,
204,dask-ml,dask/dask-ml,distributed-ml,,{},82.0,Distributed and parallel machine learning using dask.,13,False,dask-ml,conda-forge/dask-ml,,,,1356.0,1356.0,https://pypi.org/project/dask-ml,87304.0,105376.0,https://anaconda.org/conda-forge/dask-ml,2020-05-26 20:29:09.888,2025-04-22 14:56:42.913,2025-04-22 14:56:42.913000,1355454.0,31.0,,,,,,2.0,,,,,,,,,,,
205,pytorch-forecasting,jdb78/pytorch-forecasting,time-series-data,,{},109.0,Timeseries forecasting with PyTorch.,13,False,pytorch-forecasting,conda-forge/pytorch-forecasting,,,,710.0,710.0,https://pypi.org/project/pytorch-forecasting,321973.0,323467.0,https://anaconda.org/conda-forge/pytorch-forecasting,2020-09-14 11:56:00.946,2026-06-25 08:25:03.077,2026-06-25 08:25:03.077000,106084.0,32.0,,,,,,2.0,,,,,,,,,,,
206,implicit,benfred/implicit,recommender-systems,,{},37.0,Fast Python Collaborative Filtering for Implicit Datasets.,13,False,implicit,conda-forge/implicit,,,,2022.0,2022.0,https://pypi.org/project/implicit,328967.0,357962.0,https://anaconda.org/conda-forge/implicit,2020-09-15 03:41:22.783,2026-05-14 22:07:46.291,2026-05-14 22:07:46.291000,2058677.0,18.0,,,,,,1.0,,,,,,,,,,,
207,SpeechRecognition,Uberi/speech_recognition,audio,,{},62.0,"Library for performing speech recognition, with support for several engines and APIs, online and offline.",13,False,SpeechRecognition,conda-forge/speechrecognition,,,,24.0,24.0,https://pypi.org/project/SpeechRecognition,9891658.0,9900329.0,https://anaconda.org/conda-forge/speechrecognition,2020-08-20 04:16:29.624,2026-06-17 03:46:16.860,2026-06-17 03:46:16.860000,624332.0,27.0,,,,,,2.0,,,,,,,,,,,
208,tinytag,devsnd/tinytag,audio,,{},28.0,,13,False,tinytag,,,,,1985.0,1985.0,https://pypi.org/project/tinytag,5309977.0,5309977.0,,,,,,,,,,,,2.0,,,,,,,,,,,
209,Opacus,pytorch/opacus,privacy-ml,,{},91.0,Train PyTorch models with Differential Privacy.,13,False,opacus,conda-forge/opacus,,,['pytorch'],1295.0,1295.0,https://pypi.org/project/opacus,170916.0,171591.0,https://anaconda.org/conda-forge/opacus,2022-01-11 20:35:33.574,2026-05-05 21:02:34.391,2026-05-05 21:02:34.391000,37126.0,12.0,,,,,,1.0,,,,,,,,,,,
210,Apex,NVIDIA/apex,gpu-utilities,,{},140.0,a Pytorch extension with NVIDIA-maintained utilities to streamline mixed precision and distributed training.,13,False,,conda-forge/nvidia-apex,,,['pytorch'],3370.0,3370.0,,,10971.0,https://anaconda.org/conda-forge/nvidia-apex,2020-10-08 01:21:09.615,2026-06-17 09:19:03.496,2026-06-17 09:19:03.496000,767991.0,5.0,,,,,,2.0,,,,,,,,,,,
211,bambi,bambinos/bambi,probabilistics,,{},55.0,BAyesian Model Building Interface in Python.,13,False,bambi,conda-forge/bambi,,,,253.0,253.0,https://pypi.org/project/bambi,80243.0,81342.0,https://anaconda.org/conda-forge/bambi,2020-12-17 13:09:13.632,2026-08-10 16:11:42.596,2026-08-10 16:11:42.596000,74740.0,25.0,,,,,,3.0,,,,,,,,,,,
212,pgmpy,pgmpy/pgmpy,probabilistics,,{},241.0,,13,False,pgmpy,,,,,1809.0,1809.0,https://pypi.org/project/pgmpy,823759.0,823759.0,,,,,,,,,,,,3.0,,,,,,,,,,,
213,torchinfo,TylerYep/torchinfo,pytorch-utils,,{},29.0,,13,False,torchinfo,,,,['pytorch'],8259.0,8259.0,https://pypi.org/project/torchinfo,616777.0,616777.0,,,,,,,,,,,,2.0,,,,,,,,,,,
214,tensorly,tensorly/tensorly,others,,{},76.0,Tensor learning in Python.,13,False,tensorly,conda-forge/tensorly,,,,1233.0,1233.0,https://pypi.org/project/tensorly,86306.0,92089.0,https://anaconda.org/conda-forge/tensorly,2020-10-20 14:38:35.389,2025-04-22 14:56:50.737,2025-04-22 14:56:50.737000,404869.0,9.0,,,,,,2.0,,,,,,,,,,,
215,Sonnet,deepmind/sonnet,ml-frameworks,,{},63.0,Multi-language spell checker.,12,False,dm-sonnet,conda-forge/sonnet,,,['tensorflow'],1583.0,1583.0,https://pypi.org/project/dm-sonnet,19848.0,20543.0,https://anaconda.org/conda-forge/sonnet,2019-11-20 21:03:41.099,2025-04-22 14:57:17.453,2025-04-22 14:57:17.453000,56322.0,13.0,,,,,,3.0,,,,,,,,,,,
216,flashtext,vi3k6i5/flashtext,nlp,,{},7.0,This module can be used to replace keywords in sentences or extract keywords from sentences. It is based on the..,12,False,flashtext,conda-forge/flashtext,,,,2116.0,2116.0,https://pypi.org/project/flashtext,2450593.0,2450934.0,https://anaconda.org/conda-forge/flashtext,2020-07-16 16:37:57.409,2025-04-22 14:57:29.789,2025-04-22 14:57:29.789000,24949.0,1.0,,,,,,2.0,,,,,,,,,,,
217,ag2,ag2ai/ag2,agents,,{},503.0,,12,False,ag2,,,,,994.0,994.0,https://pypi.org/project/ag2,422001.0,422001.0,,,,,,,,,,,,3.0,,,,,,,,,,,
218,PyTorch3D,facebookresearch/pytorch3d,image,,{},183.0,3d Geometry for pytorch.,12,False,pytorch3d,pytorch3d/pytorch3d,,,['pytorch'],1388.0,1388.0,https://pypi.org/project/pytorch3d,1211.0,6539.0,https://anaconda.org/pytorch3d/pytorch3d,2019-11-19 20:10:38.667,2025-03-25 16:29:23.925,2025-03-25 16:29:23.925000,431601.0,18.0,,,,,,2.0,,,,,,,,,,,
219,FiftyOne,voxel51/fiftyone,data-viz,,{},206.0,"Visualize, create, and debug image and video datasets and model predictions.",12,False,fiftyone,,,,"['tensorflow', 'pytorch', 'jupyter']",1097.0,1097.0,https://pypi.org/project/fiftyone,255927.0,255927.0,,,,,,,,,,,,3.0,,,,,,,,,,,
220,wordcloud,amueller/word_cloud,data-viz,,{},76.0,A little word cloud generator in Python.,12,False,wordcloud,conda-forge/wordcloud,,,,24.0,24.0,https://pypi.org/project/wordcloud,2164350.0,2180017.0,https://anaconda.org/conda-forge/wordcloud,2020-07-07 12:57:01.655,2026-08-09 16:35:22.475,2026-08-09 16:35:22.475000,1143696.0,15.0,,,,,,3.0,,,,,,,,,,,
221,ydata-profiling,ydataai/ydata-profiling,data-viz,,{},142.0,Generate profile report for pandas DataFrame.,12,False,ydata-profiling,conda-forge/ydata-profiling,,,"['jupyter', 'pandas']",19.0,19.0,https://pypi.org/project/ydata-profiling,1728883.0,1731485.0,https://anaconda.org/conda-forge/ydata-profiling,2023-02-27 12:22:21.195,2026-07-03 11:16:07.164,2026-07-03 11:16:07.164000,109297.0,34.0,,,,,,3.0,,,,,,,,,,,
222,Sweetviz,fbdesignpro/sweetviz,data-viz,,{},13.0,A pandas-based library to visualize and compare datasets.,12,False,sweetviz,conda-forge/sweetviz,,,,3202.0,3202.0,https://pypi.org/project/sweetviz,138585.0,139593.0,https://anaconda.org/conda-forge/sweetviz,2021-02-03 19:13:59.125,2026-04-11 23:31:56.666,2026-04-11 23:31:56.666000,66593.0,15.0,,,,,,3.0,,,,,,,,,,,
223,openTSNE,pavlin-policar/openTSNE,data-viz,,{},15.0,"Extensible, parallel implementations of t-SNE.",12,False,opentsne,conda-forge/opentsne,,,,1146.0,1146.0,https://pypi.org/project/opentsne,129548.0,138328.0,https://anaconda.org/conda-forge/opentsne,2020-08-04 09:05:14.594,2026-01-16 07:03:04.711,2026-01-16 07:03:04.711000,632171.0,24.0,,,,,,3.0,,,,,,,,,,,
224,DoWhy,py-why/dowhy,interpretability,,{},117.0,DoWhy is a Python library for causal inference that supports explicit modeling and testing of causal assumptions.,12,False,dowhy,conda-forge/dowhy,,,,766.0,766.0,https://pypi.org/project/dowhy,238558.0,239428.0,https://anaconda.org/conda-forge/dowhy,2020-11-22 07:16:29.903,2025-07-13 12:15:04.418,2025-07-13 12:15:04.418000,60041.0,12.0,,,,,,2.0,,,,,,,,,,,
225,Satpy,pytroll/satpy,geospatial-data,,{},194.0,Meteorological processing package.,12,False,satpy,conda-forge/satpy,,,,209.0,209.0,https://pypi.org/project/satpy,42515.0,49023.0,https://anaconda.org/conda-forge/satpy,2020-06-10 19:56:45.218,2026-03-05 18:39:22.244,2026-03-05 18:39:22.244000,481637.0,76.0,,,,,,3.0,,,,,,,,,,,
226,pymap3d,geospace-code/pymap3d,geospatial-data,,{},19.0,Pure Python 3-D geographic coordinate conversions and geodesy.,12,False,pymap3d,conda-forge/pymap3d,,,,589.0,589.0,https://pypi.org/project/pymap3d,833280.0,835319.0,https://anaconda.org/conda-forge/pymap3d,2020-09-24 05:54:03.868,2025-07-08 12:06:19.595,2025-07-08 12:06:19.595000,144834.0,19.0,,,,,,3.0,,,,,,,,,,,
227,empyrical,quantopian/empyrical,financial-data,,{},23.0,Common financial risk metrics.,12,False,empyrical,conda-forge/empyrical,,,,1824.0,1824.0,https://pypi.org/project/empyrical,23243.0,23827.0,https://anaconda.org/conda-forge/empyrical,2018-02-15 14:11:16.165,2025-04-22 14:56:47.167,2025-04-22 14:56:47.167000,59572.0,4.0,,,,,,2.0,,,,,,,,,,,
228,bt,pmorissette/bt,financial-data,,{},39.0,bt - flexible backtesting for Python.,12,False,bt,conda-forge/bt,,,,1751.0,1751.0,https://pypi.org/project/bt,26134.0,28615.0,https://anaconda.org/conda-forge/bt,2021-04-23 10:15:55.354,2026-04-26 16:07:23.806,2026-04-26 16:07:23.806000,158787.0,9.0,,,,,,2.0,,,,,,,,,,,
229,yfinance,ranaroussi/yfinance,financial-data,,{},184.0,,12,False,yfinance,ranaroussi/yfinance,,,,,,https://pypi.org/project/yfinance,28928827.0,28930450.0,https://anaconda.org/ranaroussi/yfinance,2021-07-03 13:58:30.250,2025-03-25 16:27:42.706,2025-03-25 16:27:42.706000,99017.0,4.0,,,,,,2.0,,,,,,,,,,,
230,ClearML,allegroai/clearml,ml-experiments,,{},116.0,Auto-Magical Experiment Manager & Version Control for AI.,12,False,clearml,,allegroai/trains,,,1978.0,1978.0,https://pypi.org/project/clearml,653071.0,653071.0,,,,2020-10-05 10:16:46.865671,,,https://hub.docker.com/r/allegroai/trains,2020-10-05 10:16:46.865671,,,34098.0,2.0,,,,,,,,,,,
231,sacred,IDSIA/sacred,ml-experiments,,{},107.0,Facilitates automated and reproducible experimental research.,12,False,sacred,conda-forge/sacred,,,,3670.0,3670.0,https://pypi.org/project/sacred,36249.0,36461.0,https://anaconda.org/conda-forge/sacred,2021-11-14 09:49:21.832,2025-04-22 14:58:05.313,2025-04-22 14:58:05.313000,12132.0,3.0,,,,,,2.0,,,,,,,,,,,
232,kaggle,Kaggle/kaggle-api,ml-experiments,,{},69.0,Kaggle API.,12,False,kaggle,conda-forge/kaggle,,,,24.0,24.0,https://pypi.org/project/kaggle,833172.0,837539.0,https://anaconda.org/conda-forge/kaggle,2020-09-04 15:05:55.697,2026-06-26 00:57:52.829,2026-06-26 00:57:52.829000,310064.0,35.0,,,,,,2.0,,,,,,,,,,,
233,H2O-3,h2oai/h2o-3,distributed-ml,,{},288.0,,12,False,h2o,,,,,100.0,100.0,https://pypi.org/project/h2o,214620.0,214620.0,,,,,,,,,,,,2.0,Apache-2.0,,,,,,,,,,
234,qdrant,qdrant/qdrant,nn-search,,{},191.0,,12,False,qdrant-client,,,,,117.0,117.0,https://pypi.org/project/qdrant-client,18926084.0,18926084.0,,,,,,,,,,,,3.0,,,,,,,,,,,
235,lightfm,lyst/lightfm,recommender-systems,,{},47.0,"A Python implementation of LightFM, a hybrid recommendation algorithm.",12,False,lightfm,conda-forge/lightfm,,,,1948.0,1948.0,https://pypi.org/project/lightfm,44443.0,49083.0,https://anaconda.org/conda-forge/lightfm,2018-01-05 14:24:50.552,2025-04-22 14:56:45.003,2025-04-22 14:56:45.003000,477983.0,4.0,,,,,,1.0,,,,,,,,,,,
236,Cornac,PreferredAI/cornac,recommender-systems,,{},31.0,A Comparative Framework for Multimodal Recommender Systems.,12,False,cornac,conda-forge/cornac,,,,306.0,306.0,https://pypi.org/project/cornac,44089.0,59295.0,https://anaconda.org/conda-forge/cornac,2020-06-06 08:50:52.981,2026-07-15 17:00:30.148,2026-07-15 17:00:30.148000,1125303.0,58.0,,,,,,1.0,,,,,,,,,,,
237,aubio,aubio/aubio,audio,,{},32.0,tools for audio and music analysis and transformation.,12,False,aubio,conda-forge/aubio,,,,596.0,596.0,https://pypi.org/project/aubio,45603.0,67350.0,https://anaconda.org/conda-forge/aubio,2017-03-19 18:06:20.550,2025-04-22 14:56:33.269,2025-04-22 14:56:33.269000,2457462.0,7.0,,,,,,2.0,,,,,,,,,,,
238,spleeter,deezer/spleeter,audio,,{},22.0,The Deezer source separation library with pretrained models based on tensorflow.,12,False,spleeter,conda-forge/spleeter,,,['tensorflow'],1098.0,1098.0,https://pypi.org/project/spleeter,19741.0,21421.0,https://anaconda.org/conda-forge/spleeter,2019-11-08 20:02:52.483,2025-04-22 14:57:16.666,2025-04-22 14:57:16.666000,136127.0,10.0,,,,,,2.0,,,,,,,,,,,
239,BentoML,bentoml/BentoML,model-serialisation,,{},238.0,,12,False,bentoml,,,,,2868.0,2868.0,https://pypi.org/project/bentoml,250835.0,250835.0,,,,,,,,,,,,3.0,,,,,,,,,,,
240,scikit-posthocs,maximtrp/scikit-posthocs,probabilistics,,{},19.0,Statistical post-hoc analysis and outlier detection algorithms.,12,False,scikit-posthocs,conda-forge/scikit-posthocs,,,['sklearn'],1287.0,1287.0,https://pypi.org/project/scikit-posthocs,141973.0,159108.0,https://anaconda.org/conda-forge/scikit-posthocs,2020-10-13 01:11:10.773,2026-05-26 19:44:09.190,2026-05-26 19:44:09.190000,1199454.0,15.0,,,,,,3.0,,,,,,,,,,,
241,equinox,patrick-kidger/equinox,jax-utils,,{},101.0,,12,False,equinox,,,,['jax'],1949.0,1949.0,https://pypi.org/project/equinox,1150588.0,1150588.0,,,,,,,,,,,,1.0,,,,,,,,,,,
242,scikit-lego,koaning/scikit-lego,sklearn-utils,,{},72.0,missing blocks for sklearn pipelines.,12,False,scikit-lego,conda-forge/scikit-lego,,,['sklearn'],192.0,192.0,https://pypi.org/project/scikit-lego,73724.0,74917.0,https://anaconda.org/conda-forge/scikit-lego,2020-05-26 10:44:57.130,2025-04-22 14:57:15.493,2025-04-22 14:57:15.493000,89518.0,25.0,,,,,,2.0,,,,,,,,,,,
243,Prince,MaxHalford/prince,sklearn-utils,,{},20.0,Statistical factor analysis in Python.,12,False,prince,conda-forge/prince-factor-analysis,,,['sklearn'],797.0,797.0,https://pypi.org/project/prince,133713.0,134207.0,https://anaconda.org/conda-forge/prince-factor-analysis,2020-10-06 17:12:24.107,2026-07-01 06:43:52.593,2026-07-01 06:43:52.593000,34608.0,8.0,,,,,,2.0,,,,,,,,,,,
244,DeepChem,deepchem/deepchem,others,,{},262.0,"Democratizing Deep-Learning for Drug Discovery, Quantum Chemistry, Materials Science and Biology.",12,False,deepchem,conda-forge/deepchem,,,['tensorflow'],670.0,670.0,https://pypi.org/project/deepchem,44530.0,46224.0,https://anaconda.org/conda-forge/deepchem,2020-06-10 18:42:21.688,2025-04-22 14:57:21.461,2025-04-22 14:57:21.461000,125413.0,7.0,,,,,,2.0,,,,,,,,,,,
245,cleanlab,cleanlab/cleanlab,others,,{},55.0,The standard package for machine learning with noisy labels and finding mislabeled data in Python.,12,False,cleanlab,conda-forge/cleanlab,,,,540.0,540.0,https://pypi.org/project/cleanlab,98628.0,99929.0,https://anaconda.org/conda-forge/cleanlab,2021-04-19 15:02:45.542,2026-01-14 17:49:56.450,2026-01-14 17:49:56.450000,83271.0,19.0,,,,,,2.0,,,,,,,,,,,
246,datalad,datalad/datalad,others,,{},65.0,data distribution geared toward scientific datasets.,12,False,datalad,conda-forge/datalad,,,,584.0,584.0,https://pypi.org/project/datalad,39974.0,56368.0,https://anaconda.org/conda-forge/datalad,2020-06-24 04:55:07.916,2026-08-17 17:33:35.137,2026-08-17 17:33:35.137000,1213187.0,80.0,,,,,,2.0,,,,,,,,,,,
247,Milvus,milvus-io/milvus,nn-search,,{},369.0,"Milvus --- an open-source, high-performance vector database (https://milvus.io).",11,False,pymilvus,,milvusdb/milvus,,,,,https://pypi.org/project/pymilvus,6044341.0,6044341.0,,,,2026-08-20 14:07:18.689408,,,https://hub.docker.com/r/milvusdb/milvus,2026-08-20 14:07:18.689408,106.0,106.0,78260166.0,3.0,,,,,,,,,,,
248,spark-nlp,JohnSnowLabs/spark-nlp,nlp,,{},116.0,,11,False,spark-nlp,,,,['spark'],622.0,622.0,https://pypi.org/project/spark-nlp,1099121.0,1099121.0,,,,,,,,,,,,2.0,,,,,,,,,,,
249,argilla,argilla-io/argilla,nlp,,{},110.0,,11,False,argilla,,,,,3179.0,3179.0,https://pypi.org/project/argilla,144494.0,144494.0,,,,,,,,,,,,2.0,,,,,,,,,,,
250,opik,comet-ml/opik,nlp,,{},146.0,,11,False,opik,,,,,55.0,55.0,https://pypi.org/project/opik,3482574.0,3482574.0,,,,,,,,,,,,2.0,,,,,,,,,,,
251,fastText,facebookresearch/fastText,nlp,,{},68.0,fastText - Library for efficient text classification and representation learning.,11,False,fasttext,conda-forge/fasttext,,,,24.0,24.0,https://pypi.org/project/fasttext,2447767.0,2450758.0,https://anaconda.org/conda-forge/fasttext,2020-09-22 18:15:34.037,2025-11-05 20:00:51.025,2025-11-05 20:00:51.025000,212378.0,3.0,,,,,,2.0,,,,,,,,,,,
252,fairseq,facebookresearch/fairseq,nlp,,{},433.0,Facebook AI Research Sequence-to-Sequence Toolkit.,11,False,fairseq,conda-forge/fairseq,,,['pytorch'],24.0,24.0,https://pypi.org/project/fairseq,51472.0,54397.0,https://anaconda.org/conda-forge/fairseq,2020-07-24 16:44:47.386,2026-08-18 00:26:45.420,2026-08-18 00:26:45.420000,213594.0,4.0,,,,,,2.0,,,,,,,,,,,
253,Dedupe,dedupeio/dedupe,nlp,,{},72.0,A python library for accurate and scaleable data deduplication and entity-resolution.,11,False,dedupe,conda-forge/dedupe,,,,385.0,385.0,https://pypi.org/project/dedupe,50714.0,53697.0,https://anaconda.org/conda-forge/dedupe,2021-12-08 17:23:58.376,2025-04-22 14:58:06.931,2025-04-22 14:58:06.931000,167090.0,12.0,,,,,,2.0,,,,,,,,,,,
254,Albumentations,albumentations-team/albumentations,image,,{},172.0,Fast image augmentation library and easy to use wrapper around other libraries.,11,False,albumentations,conda-forge/albumentations,,,['pytorch'],,,https://pypi.org/project/albumentations,5267022.0,5272636.0,https://anaconda.org/conda-forge/albumentations,2020-07-10 06:51:58.141,2025-05-28 13:47:29.423,2025-05-28 13:47:29.423000,409857.0,38.0,,,,,,3.0,,,,,,,,,,,
255,doctr,mindee/doctr,image,,{},76.0,,11,False,python-doctr,,,,"['tensorflow', 'pytorch']",1279.0,1279.0,https://pypi.org/project/python-doctr,323905.0,323905.0,,,,,,,,,,,,3.0,,,,,,5.0,,,,,
256,AutoViz,AutoViML/AutoViz,data-viz,,{},17.0,"Automatically Visualize any dataset, any size with a single line of code.",11,False,autoviz,conda-forge/autoviz,,,,904.0,904.0,https://pypi.org/project/autoviz,17434.0,19504.0,https://anaconda.org/conda-forge/autoviz,2021-08-25 18:46:27.137,2025-04-22 14:57:59.344,2025-04-22 14:57:59.344000,124259.0,46.0,,,,,,3.0,,,,,,,,,,,
257,bqplot,bqplot/bqplot,data-viz,,{},71.0,Plotting library for Jupyter.,11,False,bqplot,conda-forge/bqplot,,,['jupyter'],65.0,65.0,https://pypi.org/project/bqplot,380580.0,429297.0,https://anaconda.org/conda-forge/bqplot,2020-05-24 11:30:38.431,2026-05-07 12:02:44.851,2026-05-07 12:02:44.851000,3470610.0,68.0,,,,,,3.0,,bqplot,https://www.npmjs.com/package/bqplot,2443.0,,,,,,,
258,python-ternary,marcharper/python-ternary,data-viz,,{},28.0,Make ternary plots in matplotlib.,11,False,python-ternary,conda-forge/python-ternary,,,,243.0,243.0,https://pypi.org/project/python-ternary,35632.0,41198.0,https://anaconda.org/conda-forge/python-ternary,2021-02-17 20:33:02.087,2025-04-22 14:56:22.353,2025-04-22 14:56:22.353000,367408.0,8.0,,,,,,3.0,,,,,,4.0,,,,,
259,ridgeplot,tpvasconcelos/ridgeplot,data-viz,,{},5.0,Provides a simple interface for plotting beautiful and interactive ridgeline plots within the extensive Plotly..,11,False,ridgeplot,conda-forge/ridgeplot,,,,288.0,288.0,https://pypi.org/project/ridgeplot,117633.0,117905.0,https://anaconda.org/conda-forge/ridgeplot,2024-12-20 08:59:41.148,2026-04-07 18:29:09.233,2026-04-07 18:29:09.233000,5440.0,6.0,,,,,,3.0,,,,,,,,,,,
260,explainerdashboard,oegedijk/explainerdashboard,interpretability,,{},23.0,explainerdashboard allows you quickly build an interactive dashboard to explain the inner workings of your machine..,11,False,explainerdashboard,conda-forge/explainerdashboard,,,,663.0,663.0,https://pypi.org/project/explainerdashboard,39280.0,40650.0,https://anaconda.org/conda-forge/explainerdashboard,2020-12-01 04:42:10.329,2026-02-09 15:37:35.767,2026-02-09 15:37:35.767000,93222.0,33.0,,,,,,2.0,,,,,,,,,,,
261,InterpretML,interpretml/interpret,interpretability,,{},59.0,,11,False,interpret,,,,['jupyter'],982.0,982.0,https://pypi.org/project/interpret,413916.0,413916.0,,,,,,,,,,,,2.0,,,,,,,,,,,
262,DALEX,ModelOriented/DALEX,interpretability,,{},28.0,Responsible Machine Learning in Python.,11,False,dalex,conda-forge/dalex,,,,241.0,241.0,https://pypi.org/project/dalex,45805.0,46647.0,https://anaconda.org/conda-forge/dalex,2021-01-06 18:42:09.821,2025-04-22 14:57:44.228,2025-04-22 14:57:44.228000,56471.0,7.0,,,,,,2.0,,,,,,,,,,,
263,AIF 360,Trusted-AI/AIF360,interpretability,,{},75.0,IBM AI Fairness 360.,11,False,aif360,conda-forge/aif360,,,,799.0,799.0,https://pypi.org/project/aif360,31357.0,31932.0,https://anaconda.org/conda-forge/aif360,2020-09-28 14:34:26.554,2025-04-22 14:57:36.856,2025-04-22 14:57:36.856000,40874.0,5.0,,,,,,2.0,,,,,,,,,,,
264,PyTorch Geometric,pyg-team/pytorch_geometric,graph,,{},568.0,Graph Neural Network Library for PyTorch.,11,False,torch-geometric,conda-forge/pytorch_geometric,,,['pytorch'],,,https://pypi.org/project/torch-geometric,1428326.0,1431714.0,https://anaconda.org/conda-forge/pytorch_geometric,2020-07-07 13:17:41.291,2026-07-21 06:53:45.431,2026-07-21 06:53:45.431000,247329.0,19.0,,,,,,2.0,,,,,,-6.0,,,,,
265,Node2Vec,eliorc/node2vec,graph,,{},16.0,"The node2vec algorithm learns continuous representations for nodes in any (un)directed, (un)weighted graph.",11,False,node2vec,conda-forge/node2vec,,,,981.0,981.0,https://pypi.org/project/node2vec,45355.0,45784.0,https://anaconda.org/conda-forge/node2vec,2018-05-03 02:54:12.032,2025-04-22 14:56:50.341,2025-04-22 14:56:50.341000,42544.0,3.0,,,,,,2.0,,,,,,,,,,,
266,EarthPy,earthlab/earthpy,geospatial-data,,{},45.0,Utility functions for the working with spatial data.,11,False,earthpy,conda-forge/earthpy,,,,448.0,448.0,https://pypi.org/project/earthpy,10980.0,12228.0,https://anaconda.org/conda-forge/earthpy,2019-04-02 17:33:42.874,2025-04-22 14:57:03.644,2025-04-22 14:57:03.644000,109900.0,14.0,,,,,,3.0,,,,,,,,,,,
267,geopy,geopy/geopy,geospatial-data,,{},138.0,Python Geocoding Toolbox.,11,False,geopy,conda-forge/geopy,,,,,,https://pypi.org/project/geopy,15394415.0,15425574.0,https://anaconda.org/conda-forge/geopy,2020-06-27 22:25:51.029,2026-07-13 01:38:53.987,2026-07-13 01:38:53.987000,2305831.0,20.0,,,,,,3.0,,,,,,,,,,,
268,ArcGIS API,Esri/arcgis-python-api,geospatial-data,,{},100.0,,11,False,arcgis,,esridocker/arcgis-api-python-notebook,,,1040.0,1040.0,https://pypi.org/project/arcgis,188145.0,188145.0,,,,,,,https://hub.docker.com/r/esridocker/arcgis-api-python-notebook,,,,,3.0,,,,,,,,,,,
269,pyfolio,quantopian/pyfolio,financial-data,,{},60.0,pyfolio is a Python library for performance and risk analysis of financial portfolios.,11,False,pyfolio,conda-forge/pyfolio,,,,1394.0,1394.0,https://pypi.org/project/pyfolio,11374.0,11587.0,https://anaconda.org/conda-forge/pyfolio,2018-02-15 19:39:31.850,2025-04-22 14:56:47.184,2025-04-22 14:56:47.184000,21736.0,1.0,,,,,,2.0,,,,,,,,,,,
270,zipline,quantopian/zipline,financial-data,,{},161.0,A backtester for financial algorithms.,11,False,zipline,conda-forge/zipline,,,,1045.0,1045.0,https://pypi.org/project/zipline,655.0,838.0,https://anaconda.org/conda-forge/zipline,2020-09-08 02:54:53.875,2025-04-22 14:57:35.321,2025-04-22 14:57:35.321000,13020.0,2.0,,,,,,2.0,,,,,,,,,,,
271,ffn,pmorissette/ffn,financial-data,,{},44.0,ffn - a financial function library for Python.,11,False,ffn,conda-forge/ffn,,,,630.0,630.0,https://pypi.org/project/ffn,49830.0,50366.0,https://anaconda.org/conda-forge/ffn,2021-04-22 14:02:52.723,2026-03-25 03:10:25.056,2026-03-25 03:10:25.056000,34323.0,12.0,,,,,,2.0,,,,,,,,,,,
272,backtrader,mementum/backtrader,financial-data,,{},56.0,,11,False,backtrader,,,,,3644.0,3644.0,https://pypi.org/project/backtrader,293199.0,293199.0,,,,,,,,,,,,2.0,,,,,,,,,,,
273,TPOT,EpistasisLab/tpot,hyperopt,,{},10.0,A Python tool that automatically creates and optimizes Machine Learning pipelines using genetic programming.,11,False,tpot,conda-forge/tpot,,,['sklearn'],3614.0,3614.0,https://pypi.org/project/tpot,19912.0,25727.0,https://anaconda.org/conda-forge/tpot,2020-06-02 00:25:11.879,2026-02-18 16:47:35.862,2026-02-18 16:47:35.862000,430369.0,24.0,,,,,,2.0,,,,,,,,,,,
274,lazypredict,shankarpandala/lazypredict,hyperopt,,{},20.0,Rapid low code ML testing with multiple basic models.,11,False,lazypredict,conda-forge/lazypredict,,,['sklearn'],1421.0,1421.0,https://pypi.org/project/lazypredict,18449.0,18620.0,https://anaconda.org/conda-forge/lazypredict,2021-08-24 21:48:59.448,2026-03-15 20:11:16.863,2026-03-15 20:11:16.863000,10317.0,5.0,,,,,,2.0,,,,,,,,,,,
275,knockknock,huggingface/knockknock,ml-experiments,,{},20.0,Be notified when your training is complete with only two additional lines of code.,11,False,knockknock,conda-forge/knockknock,,,,1471.0,1471.0,https://pypi.org/project/knockknock,19019.0,20287.0,https://anaconda.org/conda-forge/knockknock,2025-01-09 04:44:32.681,2025-04-22 14:57:16.064,2025-04-22 14:57:16.064000,24100.0,5.0,,,,,,3.0,,,,,,,,,,,
276,VisualDL,PaddlePaddle/VisualDL,ml-experiments,,{},37.0,,11,False,visualdl,,,,['paddle'],3625.0,3625.0,https://pypi.org/project/visualdl,211303.0,211303.0,,,,,,,,,,,,3.0,,,,,,,,,,,
277,SageMaker SDK,aws/sagemaker-python-sdk,ml-experiments,,{},525.0,Open source library for training and deploying models on Amazon SageMaker.,11,False,sagemaker,conda-forge/sagemaker-python-sdk,,,,,,https://pypi.org/project/sagemaker,19760366.0,19791921.0,https://anaconda.org/conda-forge/sagemaker-python-sdk,2020-08-20 11:36:30.719,2026-05-21 10:16:09.524,2026-05-21 10:16:09.524000,2271995.0,225.0,,,,,,3.0,,,,,,,,,,,
278,MedPy,loli/medpy,medical-data,,{},20.0,Medical image processing in Python.,11,False,MedPy,conda-forge/medpy,,,,2945.0,2945.0,https://pypi.org/project/MedPy,29447.0,32464.0,https://anaconda.org/conda-forge/medpy,2021-06-26 05:26:40.356,2026-04-25 10:59:35.660,2026-04-25 10:59:35.660000,187090.0,3.0,,,,,,2.0,,,,,,,,,,,
279,NIPY,nipy/nipy,medical-data,,{},70.0,Neuroimaging in Python FMRI analysis package.,11,False,nipy,conda-forge/nipy,,,,249.0,249.0,https://pypi.org/project/nipy,5418.0,23843.0,https://anaconda.org/conda-forge/nipy,2024-07-26 12:46:26.095,2025-04-22 14:56:38.480,2025-04-22 14:56:38.480000,460634.0,3.0,,,,,,2.0,,,,,,,,,,,
280,FairScale,facebookresearch/fairscale,distributed-ml,,{},77.0,PyTorch extensions for high performance and large scale training.,11,False,fairscale,conda-forge/fairscale,,,['pytorch'],,,https://pypi.org/project/fairscale,503662.0,515620.0,https://anaconda.org/conda-forge/fairscale,2021-11-07 09:02:15.377,2025-04-22 14:58:04.549,2025-04-22 14:58:04.549000,681613.0,9.0,,,,,,2.0,BSD-3-Clause,,,,,,,,,,
281,Prophet,facebook/prophet,time-series-data,,{},195.0,Automatic Forecasting Procedure.,11,False,fbprophet,conda-forge/prophet,,,,24.0,24.0,https://pypi.org/project/fbprophet,24525.0,53051.0,https://anaconda.org/conda-forge/prophet,2021-04-14 22:10:05.951,2026-08-17 10:41:07.942,2026-08-17 10:41:07.942000,1825678.0,13.0,,,,,,2.0,,,,,,,,,,,
282,tsfresh,blue-yonder/tsfresh,time-series-data,,{},103.0,Automatic extraction of relevant features from time series.,11,False,tsfresh,conda-forge/tsfresh,,,['sklearn'],24.0,24.0,https://pypi.org/project/tsfresh,338698.0,360316.0,https://anaconda.org/conda-forge/tsfresh,2020-05-13 05:51:14.110,2026-06-13 13:50:18.940,2026-06-13 13:50:18.940000,1621355.0,18.0,,,,,,2.0,,,,,,,,,,,
283,scikit-surprise,NicolasHug/Surprise,recommender-systems,,{},46.0,A Python scikit for building and analyzing recommender systems.,11,False,scikit-surprise,conda-forge/scikit-surprise,,,,24.0,24.0,https://pypi.org/project/scikit-surprise,96049.0,107022.0,https://anaconda.org/conda-forge/scikit-surprise,2020-07-19 15:23:16.043,2026-06-02 08:01:57.981,2026-06-02 08:01:57.981000,801037.0,10.0,,,,,,2.0,,,,,,,,,,,
284,librosa,librosa/librosa,audio,,{},140.0,Python module for audio and music processing.,11,False,librosa,conda-forge/librosa,,,,,,https://pypi.org/project/librosa,10926253.0,10950651.0,https://anaconda.org/conda-forge/librosa,2020-07-22 10:27:16.474,2026-08-11 15:54:43.554,2026-08-11 15:54:43.554000,1781083.0,25.0,,,,,,2.0,,,,,,,,,,,
285,audiomentations,iver56/audiomentations,audio,,{},34.0,,11,False,audiomentations,,,,,917.0,917.0,https://pypi.org/project/audiomentations,234240.0,234240.0,,,,,,,,,,,,2.0,,,,,,,,,,,
286,tensorflow-probability,tensorflow/probability,probabilistics,,{},512.0,TensorFlow Probability is a library for probabilistic reasoning and statistical analysis in TensorFlow.,11,False,tensorflow-probability,conda-forge/tensorflow-probability,,,['tensorflow'],5.0,5.0,https://pypi.org/project/tensorflow-probability,1195940.0,1199502.0,https://anaconda.org/conda-forge/tensorflow-probability,2021-02-10 20:08:37.772,2025-11-05 10:36:05.008,2025-11-05 10:36:05.008000,235105.0,20.0,,,,,,3.0,,,,,,,,,,,
287,GPflow,GPflow/GPflow,probabilistics,,{},85.0,Gaussian processes in TensorFlow.,11,False,gpflow,conda-forge/gpflow,,,['tensorflow'],806.0,806.0,https://pypi.org/project/gpflow,53684.0,54877.0,https://anaconda.org/conda-forge/gpflow,2022-02-02 14:43:05.929,2025-04-22 14:56:50.649,2025-04-22 14:56:50.649000,64455.0,7.0,,,,,,3.0,,,,,,,,,,,
288,ART,Trusted-AI/adversarial-robustness-toolbox,adversarial,,{},145.0,Toolbox for adversarial machine learning.,11,False,adversarial-robustness-toolbox,conda-forge/adversarial-robustness-toolbox,,,,820.0,820.0,https://pypi.org/project/adversarial-robustness-toolbox,17066.0,18539.0,https://anaconda.org/conda-forge/adversarial-robustness-toolbox,2020-07-24 16:49:13.769,2025-07-07 22:05:57.819,2025-07-07 22:05:57.819000,107560.0,37.0,,,,,,1.0,,,,,,,,,,,
289,Foolbox,bethgelab/foolbox,adversarial,,{},35.0,"Foolbox Native is an adversarial attacks library that works natively with PyTorch, TensorFlow and JAX.",11,False,foolbox,conda-forge/foolbox,,,,778.0,778.0,https://pypi.org/project/foolbox,15595.0,15910.0,https://anaconda.org/conda-forge/foolbox,2020-07-06 12:59:52.009,2025-04-22 14:57:29.383,2025-04-22 14:57:29.383000,23045.0,5.0,,,,,,1.0,,,,,,,,,,,
290,TextAttack,QData/TextAttack,adversarial,,{},74.0,Generating adversarial examples for NLP models.,11,False,textattack,conda-forge/textattack,,,,435.0,435.0,https://pypi.org/project/textattack,54315.0,54505.0,https://anaconda.org/conda-forge/textattack,2020-09-28 19:49:15.208,2025-04-22 14:57:36.874,2025-04-22 14:57:36.874000,13531.0,4.0,,,,,,1.0,,,,,,,,,,,
291,TFX,tensorflow/tfx,tensorflow-utils,,{},199.0,,11,False,tfx,,,,['tensorflow'],1867.0,1867.0,https://pypi.org/project/tfx,23109.0,23109.0,,,,,,,,,,,,2.0,,,,,,,,,,,
292,imbalanced-learn,scikit-learn-contrib/imbalanced-learn,sklearn-utils,,{},90.0,Python module to balance data set using under- and over-sampling.,11,False,imbalanced-learn,conda-forge/imbalanced-learn,,,['sklearn'],,,https://pypi.org/project/imbalanced-learn,12628085.0,12639758.0,https://anaconda.org/conda-forge/imbalanced-learn,2020-06-09 15:38:02.306,2026-06-07 21:56:18.335,2026-06-07 21:56:18.335000,863802.0,27.0,,,,,,2.0,,,,,,,,,,,
293,metricflow,transform-data/metricflow,others,,{},60.0,,11,False,metricflow,,,,,159.0,159.0,https://pypi.org/project/metricflow,8214123.0,8214123.0,,,,,,,,,,,,2.0,,,,,,,,,,,
294,gplearn,trevorstephens/gplearn,others,,{},13.0,"gplearn implements Genetic Programming in Python, with a scikit-learn inspired and compatible API.",11,False,gplearn,conda-forge/gplearn,,,['sklearn'],748.0,748.0,https://pypi.org/project/gplearn,62596.0,62785.0,https://anaconda.org/conda-forge/gplearn,2020-06-18 15:08:16.907,2026-01-07 23:59:23.701,2026-01-07 23:59:23.701000,14054.0,3.0,,,,,,2.0,,,,,,,,,,,
295,carla,carla-simulator/carla,others,,{},203.0,,11,False,carla,,,,,1127.0,1127.0,https://pypi.org/project/carla,23517.0,23517.0,,,,,,,,,,,,2.0,,,,,,,,,,,
296,minisom,JustGlowing/minisom,others,,{},32.0,,11,False,minisom,,,,,940.0,940.0,https://pypi.org/project/minisom,37867.0,37867.0,,,,,,,,,,,,2.0,CC-BY-3.0,,,,,,,,,,
297,Geomstats,geomstats/geomstats,ml-frameworks,,{},100.0,Geometric statistics on manifolds.,10,False,geomstats,conda-forge/geomstats,,https://geomstats.github.io/,,164.0,164.0,https://pypi.org/project/geomstats,15727.0,15956.0,https://anaconda.org/conda-forge/geomstats,2022-06-01 11:18:15.215,2025-04-22 14:58:18.165,2025-04-22 14:58:18.165000,11463.0,4.0,,,,,,3.0,,,,,,,,,,,
298,Vowpal Wabbit,VowpalWabbit/vowpal_wabbit,ml-frameworks,,{},342.0,Vowpal Wabbit Python package.,10,False,vowpalwabbit,conda-forge/vowpalwabbit,,,,2.0,2.0,https://pypi.org/project/vowpalwabbit,36321.0,43792.0,https://anaconda.org/conda-forge/vowpalwabbit,2020-10-06 12:47:15.817,2025-04-22 14:57:07.942,2025-04-22 14:57:07.942000,523020.0,15.0,,,,,,3.0,BSD-3-Clause,,,,,,,,,,
299,PyFlink,apache/flink,ml-frameworks,,{},2131.0,Apache Flink Python API.,10,False,apache-flink,,,,,24.0,24.0,https://pypi.org/project/apache-flink,222458.0,222458.0,,,,,,,,,,,,3.0,,,,,,,,,,,
300,SciSpacy,allenai/scispacy,nlp,,{},40.0,,10,False,scispacy,,,,,1380.0,1380.0,https://pypi.org/project/scispacy,50309.0,50309.0,,,,,,,,,,,,3.0,,,,,,,,,,,
301,scattertext,JasonKessler/scattertext,nlp,,{},14.0,Beautiful visualizations of how language differs among document types.,10,False,scattertext,conda-forge/scattertext,,,,671.0,671.0,https://pypi.org/project/scattertext,7302.0,9537.0,https://anaconda.org/conda-forge/scattertext,2017-08-25 05:29:58.550,2025-04-22 14:56:39.793,2025-04-22 14:56:39.793000,241399.0,18.0,,,,,,3.0,,,,,,,,,,,
302,OpenNMT,OpenNMT/OpenNMT-py,nlp,,{},191.0,,10,False,OpenNMT-py,,,,['pytorch'],357.0,357.0,https://pypi.org/project/OpenNMT-py,11538.0,11538.0,,,,,,,,,,,,3.0,,,,,,,,,,,
303,YouTokenToMe,vkcom/youtokentome,nlp,,{},8.0,Unsupervised text tokenizer focused on computational efficiency.,10,False,youtokentome,conda-forge/youtokentome,,,,840.0,840.0,https://pypi.org/project/youtokentome,14682.0,17167.0,https://anaconda.org/conda-forge/youtokentome,2021-09-07 10:34:42.701,2025-10-27 19:11:49.313,2025-10-27 19:11:49.313000,146657.0,4.0,,,,,,3.0,,,,,,,,,,,
304,NeMo,NVIDIA/NeMo,nlp,,{},499.0,,10,False,nemo-toolkit,,,,['pytorch'],24.0,24.0,https://pypi.org/project/nemo-toolkit,1338589.0,1338589.0,,,,,,,,,,,,3.0,,,,,,,,,,,
305,PyTextRank,DerwenAI/pytextrank,nlp,,{},19.0,,10,False,pytextrank,,,,,918.0,918.0,https://pypi.org/project/pytextrank,121777.0,121777.0,,,,,,,,,,,,3.0,,,,,,,,,,,
306,imageai,OlafenwaMoses/ImageAI,image,,{},19.0,A python library built to empower developers to build applications and systems with self-contained Computer Vision..,10,False,imageai,conda-forge/imageai,,,,1807.0,1807.0,https://pypi.org/project/imageai,3290.0,3452.0,https://anaconda.org/conda-forge/imageai,2020-07-24 17:05:55.052,2025-04-22 14:57:32.711,2025-04-22 14:57:32.711000,11873.0,2.0,,,,,,3.0,,,,,,,,,,,
307,Norfair,tryolabs/norfair,image,,{},32.0,,10,False,norfair,,,,,369.0,369.0,https://pypi.org/project/norfair,116821.0,116821.0,,,,,,,,,,,,3.0,,,,,,,,,,,
308,lightly,lightly-ai/lightly,image,,{},93.0,,10,False,lightly,,,,['pytorch'],647.0,647.0,https://pypi.org/project/lightly,167782.0,167782.0,,,,,,,,,,,,3.0,,,,,,,,,,,
309,Tesseract,madmaze/pytesseract,ocr,,{},47.0,Python-tesseract is an optical character recognition (OCR) tool for python.,10,False,pytesseract,conda-forge/pytesseract,,,,,,https://pypi.org/project/pytesseract,23987433.0,23998255.0,https://anaconda.org/conda-forge/pytesseract,2020-07-25 19:44:39.224,2025-04-22 14:57:07.821,2025-04-22 14:57:07.821000,790013.0,17.0,,,,,,3.0,,,,,,,,,,,
310,UMAP,lmcinnes/umap,data-viz,,{},148.0,Uniform Manifold Approximation and Projection.,10,False,umap-learn,conda-forge/umap-learn,,,,1.0,1.0,https://pypi.org/project/umap-learn,6972681.0,7025642.0,https://anaconda.org/conda-forge/umap-learn,2020-06-05 04:42:03.905,2026-04-09 00:32:16.119,2026-04-09 00:32:16.119000,3919115.0,31.0,,,,,,3.0,,,,,,,,,,,
311,PyWaffle,gyli/PyWaffle,data-viz,,{},6.0,A FigureClass of Matplotlib to make waffle chart.,10,False,pywaffle,conda-forge/pywaffle,,,,562.0,562.0,https://pypi.org/project/pywaffle,19532.0,19839.0,https://anaconda.org/conda-forge/pywaffle,2020-10-03 02:41:37.247,2025-04-22 14:56:58.537,2025-04-22 14:56:58.537000,21526.0,5.0,,,,,,3.0,,,,,,,,,,,
312,causalml,uber/causalml,interpretability,,{},84.0,,10,False,causalml,,,,,335.0,335.0,https://pypi.org/project/causalml,105376.0,105376.0,,,,,,,,,,,,2.0,,,,,,,,,,,
313,fairlearn,fairlearn/fairlearn,interpretability,,{},123.0,Simple and easy fairness assessment and unfairness mitigation.,10,False,fairlearn,conda-forge/fairlearn,,,['sklearn'],3.0,3.0,https://pypi.org/project/fairlearn,207434.0,208432.0,https://anaconda.org/conda-forge/fairlearn,2020-11-11 16:56:32.994,2026-06-08 10:56:38.371,2026-06-08 10:56:38.371000,68898.0,16.0,,,,,,2.0,,,,,,,,,,,
314,Alibi,SeldonIO/alibi,interpretability,,{},25.0,,10,False,alibi,,,,,860.0,860.0,https://pypi.org/project/alibi,17160.0,17160.0,,,,,,,,,,,,2.0,,,,,,,,,,,
315,Alphalens,quantopian/alphalens,financial-data,,{},26.0,Performance analysis of predictive (alpha) stock factors.,10,False,alphalens,conda-forge/alphalens,,,,761.0,761.0,https://pypi.org/project/alphalens,1439.0,1780.0,https://anaconda.org/conda-forge/alphalens,2018-02-16 18:31:40.483,2025-04-22 14:56:47.205,2025-04-22 14:56:47.205000,34864.0,3.0,,,,,,3.0,,,,,,,,,,,
316,stockstats,jealous/stockstats,financial-data,,{},12.0,,10,False,stockstats,,,,,1441.0,1441.0,https://pypi.org/project/stockstats,208280.0,208280.0,,,,,,,,,,,,3.0,,,,,,,,,,,
317,AutoKeras,keras-team/autokeras,hyperopt,,{},148.0,,10,False,autokeras,,,,['tensorflow'],946.0,946.0,https://pypi.org/project/autokeras,9869.0,9869.0,,,,,,,,,,,,3.0,,,,,,,,,,,
318,mljar-supervised,mljar/mljar-supervised,hyperopt,,{},30.0,Automated Machine Learning Pipeline with Feature Engineering and Hyper-Parameters Tuning.,10,False,mljar-supervised,conda-forge/mljar-supervised,,,,176.0,176.0,https://pypi.org/project/mljar-supervised,8211.0,9397.0,https://anaconda.org/conda-forge/mljar-supervised,2021-06-09 11:24:39.196,2026-05-29 16:26:31.878,2026-05-29 16:26:31.878000,73537.0,29.0,,,,,,3.0,,,,,,,,,,,
319,auto-sklearn,automl/auto-sklearn,hyperopt,,{},89.0,Automated machine learning.,10,False,auto-sklearn,conda-forge/auto-sklearn,,,['sklearn'],769.0,769.0,https://pypi.org/project/auto-sklearn,6290.0,6965.0,https://anaconda.org/conda-forge/auto-sklearn,2021-04-05 18:05:48.879,2025-04-22 14:57:49.654,2025-04-22 14:57:49.654000,43210.0,11.0,,,,,,3.0,,,,,,,,,,,
320,Catalyst,catalyst-team/catalyst,ml-experiments,,{},104.0,,10,False,catalyst,,,,['pytorch'],1300.0,1300.0,https://pypi.org/project/catalyst,16976.0,16976.0,,,,,,,,,,,,3.0,,,,,,,,,,,
321,RLax,deepmind/rlax,reinforcement-learning,,{},24.0,,10,False,rlax,,,,['jax'],446.0,446.0,https://pypi.org/project/rlax,62781.0,62781.0,,,,,,,,,,,,2.0,,,,,,,,,,,
322,Acme,deepmind/acme,reinforcement-learning,,{},91.0,A Python library for Reinforcement Learning.,10,False,dm-acme,conda-forge/dm-acme,,,['tensorflow'],320.0,320.0,https://pypi.org/project/dm-acme,1718.0,1972.0,https://anaconda.org/conda-forge/dm-acme,2020-11-19 20:50:22.810,2025-04-22 14:57:40.447,2025-04-22 14:57:40.447000,17570.0,5.0,,,,,,2.0,,,,,,,,,,,
323,petastorm,uber/petastorm,distributed-ml,,{},52.0,,10,False,petastorm,,,,,420.0,420.0,https://pypi.org/project/petastorm,185793.0,185793.0,,,,,,,,,,,,2.0,,,,,,,,,,,
324,Darts,unit8co/darts,time-series-data,,{},164.0,A python library for user-friendly forecasting and anomaly detection on time series.,10,False,u8darts,conda-forge/u8darts-all,unit8/darts,,,,,https://pypi.org/project/u8darts,97044.0,99102.0,https://anaconda.org/conda-forge/u8darts-all,2021-07-30 09:48:56.369,2026-07-20 14:21:54.140,2026-07-20 14:21:54.140000,121856.0,47.0,https://hub.docker.com/r/unit8/darts,2026-07-20 10:26:36.528437,,,3778.0,2.0,,,,,,,,,,,
325,skforecast,JoaquinAmatRodrigo/skforecast,time-series-data,,{},32.0,,10,False,skforecast,,,,['sklearn'],505.0,505.0,https://pypi.org/project/skforecast,161616.0,161616.0,,,,,,,,,,,,2.0,,,,,,5.0,,,,,
326,chroma,chroma-core/chroma,nn-search,,{},194.0,,10,False,chromadb,,,,,4.0,4.0,https://pypi.org/project/chromadb,13244966.0,13244966.0,,,,,,,,,,,,3.0,,,,,,,,,,,
327,torchrec,pytorch/torchrec,recommender-systems,,{},497.0,,10,False,torchrec,,,,,279.0,279.0,https://pypi.org/project/torchrec,20578.0,20578.0,,,,,,,,,,,,2.0,,,,,,,,,,,
328,espnet,espnet/espnet,audio,,{},559.0,,10,False,espnet,,,,,504.0,504.0,https://pypi.org/project/espnet,29396.0,29396.0,,,,,,,,,,,,3.0,,,,,,,,,,,
329,python_speech_features,jameslyons/python_speech_features,audio,,{},19.0,,10,False,python_speech_features,,,,,1124.0,1124.0,https://pypi.org/project/python_speech_features,99666.0,99666.0,,,,,,,,,,,,3.0,,,,,,,,,,,
330,DeepSpeech,mozilla/DeepSpeech,audio,,{},163.0,A library for running inference on a DeepSpeech model.,10,False,deepspeech,conda-forge/deepspeech,,,['tensorflow'],547.0,547.0,https://pypi.org/project/deepspeech,1687.0,1765.0,https://anaconda.org/conda-forge/deepspeech,2021-07-29 19:26:01.146,2025-04-22 14:57:58.207,2025-04-22 14:57:58.207000,4767.0,1.0,,,,,,3.0,,,,,,,,,,,
331,Porcupine,Picovoice/Porcupine,audio,,{},45.0,,10,False,pvporcupine,,,,,56.0,56.0,https://pypi.org/project/pvporcupine,955791.0,955791.0,,,,,,,,,,,,3.0,,,,,,,,,,,
332,Pyro,pyro-ppl/pyro,probabilistics,,{},163.0,A Python library for probabilistic modeling and inference.,10,False,pyro-ppl,conda-forge/pyro-ppl,,,['pytorch'],,,https://pypi.org/project/pyro-ppl,1435040.0,1440567.0,https://anaconda.org/conda-forge/pyro-ppl,2021-03-05 15:30:58.525,2025-04-22 14:57:47.967,2025-04-22 14:57:47.967000,359308.0,11.0,,,,,,3.0,,,,,,,,,,,
333,CleverHans,cleverhans-lab/cleverhans,adversarial,,{},131.0,"This repository contains the source code for CleverHans, a Python library to benchmark machine learning systems..",10,False,cleverhans,conda-forge/cleverhans,,,['tensorflow'],844.0,844.0,https://pypi.org/project/cleverhans,1052.0,1243.0,https://anaconda.org/conda-forge/cleverhans,2020-06-24 23:14:07.928,2025-04-22 14:57:28.932,2025-04-22 14:57:28.932000,14155.0,3.0,,,,,,3.0,,,,,,,,,,,
334,lightning-flash,Lightning-AI/lightning-flash,pytorch-utils,,{},87.0,Your PyTorch AI Factory - Flash enables you to easily configure and run complex AI recipes.,10,False,lightning-flash,conda-forge/lightning-flash,,,['pytorch'],323.0,323.0,https://pypi.org/project/lightning-flash,1570.0,2261.0,https://anaconda.org/conda-forge/lightning-flash,2021-08-24 20:02:16.116,2025-04-22 14:57:59.303,2025-04-22 14:57:59.303000,41501.0,14.0,,,,,,2.0,,,,,,,,,,,
335,detecto,alankbi/detecto,pytorch-utils,,{},12.0,Build fully-functioning computer vision models with PyTorch.,10,False,detecto,conda-forge/detecto,,,['pytorch'],196.0,196.0,https://pypi.org/project/detecto,11496.0,11656.0,https://anaconda.org/conda-forge/detecto,2021-06-09 14:10:48.390,2025-04-22 14:57:54.494,2025-04-22 14:57:54.494000,9969.0,2.0,,,,,,2.0,,,,,,,,,,,
336,scikit-multilearn,scikit-multilearn/scikit-multilearn,sklearn-utils,,{},28.0,,10,False,scikit-multilearn,,,,['sklearn'],2214.0,2214.0,https://pypi.org/project/scikit-multilearn,51310.0,51310.0,,,,,,,,,,,,3.0,,,,,,,,,,,
337,metric-learn,scikit-learn-contrib/metric-learn,sklearn-utils,,{},25.0,Python implementations of metric learning algorithms.,10,False,metric-learn,conda-forge/metric-learn,,,['sklearn'],506.0,506.0,https://pypi.org/project/metric-learn,5380.0,5671.0,https://anaconda.org/conda-forge/metric-learn,2020-07-01 11:28:55.023,2025-04-22 14:57:23.763,2025-04-22 14:57:23.763000,21266.0,4.0,,,,,,3.0,,,,,,,,,,,
338,alibi-detect,SeldonIO/alibi-detect,others,,{},28.0,,10,False,alibi-detect,,,,,650.0,650.0,https://pypi.org/project/alibi-detect,76524.0,76524.0,,,,,,,,,,,,3.0,,,,,,,,,,,
339,BioPandas,rasbt/biopandas,others,,{},18.0,Molecular Structures in Pandas DataFrames.,10,False,biopandas,conda-forge/biopandas,,,['pandas'],414.0,414.0,https://pypi.org/project/biopandas,38126.0,43504.0,https://anaconda.org/conda-forge/biopandas,2020-08-04 11:39:32.572,2025-04-22 14:56:30.745,2025-04-22 14:56:30.745000,387274.0,12.0,,,,,,3.0,,,,,,,,,,,
340,anomalib,openvinotoolkit/anomalib,ml-frameworks,,{},121.0,,9,False,anomalib,,,,,221.0,221.0,https://pypi.org/project/anomalib,41141.0,41141.0,,,,,,,,,,,,3.0,,,,,,,,,,,
341,Aesara,aesara-devs/aesara,ml-frameworks,,{},595.0,An optimizing compiler for evaluating mathematical expressions.,9,False,aesara,conda-forge/aesara,,,,,,https://pypi.org/project/aesara,43667.0,75980.0,https://anaconda.org/conda-forge/aesara,2021-02-13 08:34:03.335,2025-04-22 14:57:46.430,2025-04-22 14:57:46.430000,2132712.0,72.0,,,,,,3.0,,,,,,,,,,,
342,mlpack,mlpack/mlpack,ml-frameworks,,{},341.0,"mlpack: a fast, header-only machine learning library.",9,False,mlpack,conda-forge/mlpack,,,,,,https://pypi.org/project/mlpack,2212.0,9135.0,https://anaconda.org/conda-forge/mlpack,2020-06-19 07:49:40.555,2026-06-20 14:06:36.438,2026-06-20 14:06:36.438000,512334.0,17.0,,,,,,3.0,,,,,,,,,,,
343,sense2vec,explosion/sense2vec,nlp,,{},20.0,word2vec with NLP-specific tokens.,9,False,sense2vec,conda-forge/sense2vec,,,,474.0,474.0,https://pypi.org/project/sense2vec,2164.0,3494.0,https://anaconda.org/conda-forge/sense2vec,2021-07-14 13:11:50.060,2025-04-22 14:57:12.924,2025-04-22 14:57:12.924000,81183.0,3.0,,,,,,3.0,,,,,,,,,,,
344,adapters,Adapter-Hub/adapters,nlp,,{},18.0,,9,False,adapters,,,,['huggingface'],288.0,288.0,https://pypi.org/project/adapters,70589.0,70589.0,,,,,,,,,,,,3.0,,,,,,,,,,,
345,Augmentor,mdbloice/Augmentor,image,,{},23.0,,9,False,Augmentor,,,,,969.0,969.0,https://pypi.org/project/Augmentor,7959.0,7959.0,,,,,,,,,,,,3.0,,,,,,,,,,,
346,PaddleSeg,PaddlePaddle/PaddleSeg,image,,{},131.0,,9,False,paddleseg,,,,['paddle'],1496.0,1496.0,https://pypi.org/project/paddleseg,1845.0,1845.0,,,,,,,,,,,,3.0,,,,,,,,,,,
347,opencv-python,opencv/opencv-python,image,,{},62.0,,9,False,opencv-python,,,,,,,https://pypi.org/project/opencv-python,55343460.0,55343460.0,,,,,,,,,,,,3.0,,,,,,,,,,,
348,Image Deduplicator,idealo/imagededup,image,,{},19.0,,9,False,imagededup,,,,['tensorflow'],218.0,218.0,https://pypi.org/project/imagededup,72213.0,72213.0,,,,,,,,,,,,3.0,,,,,,,,,,,
349,keras-ocr,faustomorales/keras-ocr,ocr,,{},19.0,A packaged and flexible version of the CRAFT text detector and Keras CRNN recognition model.,9,False,keras-ocr,anaconda/keras-ocr,,,['tensorflow'],720.0,720.0,https://pypi.org/project/keras-ocr,32743.0,32750.0,https://anaconda.org/anaconda/keras-ocr,2020-11-13 22:43:29.643,2025-04-22 15:32:32.089,2025-04-22 15:32:32.089000,508.0,1.0,,,,,,3.0,,,,,,,,,,,
350,Chartify,spotify/chartify,data-viz,,{},27.0,Python library to make plotting simpler for data scientists.,9,False,chartify,conda-forge/chartify,,,,86.0,86.0,https://pypi.org/project/chartify,2255.0,2748.0,https://anaconda.org/conda-forge/chartify,2018-11-26 21:34:46.186,2025-04-22 14:56:57.373,2025-04-22 14:56:57.373000,45891.0,10.0,,,,,,3.0,,,,,,,,,,,
351,lets-plot,JetBrains/lets-plot,data-viz,,{},23.0,,9,False,lets-plot,,,,,215.0,215.0,https://pypi.org/project/lets-plot,59335.0,59335.0,,,,,,,,,,,,3.0,,,,,,,,,,,
352,PandasGUI,adamerose/pandasgui,data-viz,,{},15.0,A GUI for Pandas DataFrames.,9,False,pandasgui,conda-forge/pandasgui,,,['pandas'],534.0,534.0,https://pypi.org/project/pandasgui,2771.0,3466.0,https://anaconda.org/conda-forge/pandasgui,2021-01-27 21:17:12.748,2025-04-22 14:57:45.598,2025-04-22 14:57:45.598000,46567.0,2.0,,,,,,3.0,,,,,,,,,,,
353,yellowbrick,DistrictDataLabs/yellowbrick,interpretability,,{},113.0,A suite of visual analysis and diagnostic tools for machine learning.,9,False,yellowbrick,conda-forge/yellowbrick,,,['sklearn'],,,https://pypi.org/project/yellowbrick,552676.0,554262.0,https://anaconda.org/conda-forge/yellowbrick,2020-08-07 07:09:40.588,2025-04-22 14:57:33.497,2025-04-22 14:57:33.497000,114199.0,6.0,,,,,,2.0,,,,,,,,,,,
354,shapash,MAIF/shapash,interpretability,,{},49.0,,9,False,shapash,,,,['jupyter'],202.0,202.0,https://pypi.org/project/shapash,9130.0,9130.0,,,,,,,,,,,,2.0,,,,,,,,,,,
355,Deep Checks,deepchecks/deepchecks,interpretability,,{},56.0,,9,False,deepchecks,,,,,556.0,556.0,https://pypi.org/project/deepchecks,28483.0,28483.0,,,,,,,,,,,,2.0,,,,,,,,,,,
356,checklist,marcotcr/checklist,interpretability,,{},15.0,Beyond Accuracy: Behavioral Testing of NLP Models with CheckList.,9,False,checklist,conda-forge/checklist,,,['jupyter'],384.0,384.0,https://pypi.org/project/checklist,7274.0,7454.0,https://anaconda.org/conda-forge/checklist,2021-01-12 20:24:37.883,2025-04-22 14:57:44.390,2025-04-22 14:57:44.390000,12112.0,2.0,,,,,,2.0,,,,,,,,,,,
357,aequitas,dssg/aequitas,interpretability,,{},23.0,,9,False,aequitas,,,,,210.0,210.0,https://pypi.org/project/aequitas,18411.0,18411.0,,,,,,,,,,,,2.0,,,,,,,,,,,
358,Karate Club,benedekrozemberczki/karateclub,graph,,{},20.0,"A general purpose library for community detection, network embedding, and graph mining research.",9,False,karateclub,conda-forge/karateclub,,,,336.0,336.0,https://pypi.org/project/karateclub,6870.0,7454.0,https://anaconda.org/conda-forge/karateclub,2020-07-28 15:27:56.544,2025-04-22 14:57:32.844,2025-04-22 14:57:32.844000,42672.0,12.0,,,,,,2.0,,,,,,,,,,,
359,PyKEEN,pykeen/pykeen,graph,,{},45.0,,9,False,pykeen,,,,,376.0,376.0,https://pypi.org/project/pykeen,11525.0,11525.0,,,,,,,,,,,,2.0,,,,,,,,,,,
360,prettymaps,marceloprates/prettymaps,geospatial-data,,{},23.0,A simple python library to draw pretty maps from OpenStreetMap data.,9,False,prettymaps,conda-forge/prettymaps,,,,74.0,74.0,https://pypi.org/project/prettymaps,1226.0,1435.0,https://anaconda.org/conda-forge/prettymaps,2022-01-08 18:08:24.113,2025-06-11 22:55:39.146,2025-06-11 22:55:39.146000,11500.0,7.0,,,,,,3.0,,,,,,,,,,,
361,TensorTrade,tensortrade-org/tensortrade,financial-data,,{},62.0,"TensorTrade: A reinforcement learning library for training, evaluating, and deploying robust trading agents.",9,False,tensortrade,conda-forge/tensortrade,,,,74.0,74.0,https://pypi.org/project/tensortrade,1127.0,1236.0,https://anaconda.org/conda-forge/tensortrade,2021-04-21 17:04:20.505,2026-02-09 18:23:25.158,2026-02-09 18:23:25.158000,7018.0,3.0,,,,,,3.0,,,,,,,,,,,
362,IB-insync,erdewit/ib_insync,financial-data,,{},36.0,Python sync/async framework for Interactive Brokers API.,9,False,ib_insync,conda-forge/ib-insync,,,,,,https://pypi.org/project/ib_insync,969035.0,969965.0,https://anaconda.org/conda-forge/ib-insync,2019-07-23 15:47:08.281,2025-04-22 14:57:08.534,2025-04-22 14:57:08.534000,79091.0,22.0,,,,,,3.0,,,,,,,,,,,
363,ta-lib-python,TA-Lib/ta-lib-python,financial-data,,{},41.0,Python wrapper for TA-Lib.,9,False,TA-Lib,conda-forge/ta-lib,,,,,,https://pypi.org/project/TA-Lib,940092.0,953543.0,https://anaconda.org/conda-forge/ta-lib,2020-09-29 19:30:19.177,2025-10-26 02:08:50.502,2025-10-26 02:08:50.502000,955059.0,7.0,,,,,,3.0,,,,,,,,,,,
364,Qlib,microsoft/qlib,financial-data,,{},152.0,,9,False,pyqlib,,,,['pytorch'],24.0,24.0,https://pypi.org/project/pyqlib,61476.0,61476.0,,,,,,,,,,,,3.0,,,,,,,,,,,
365,NNI,microsoft/nni,hyperopt,,{},191.0,,9,False,nni,,,,,24.0,24.0,https://pypi.org/project/nni,59999.0,59999.0,,,,,,,,,,,,3.0,,,,,,,,,,,
366,ml-metadata,google/ml-metadata,ml-experiments,,{},24.0,,9,False,ml-metadata,,,,,742.0,742.0,https://pypi.org/project/ml-metadata,45952.0,45952.0,,,,,,,,,,,,3.0,,,,,,,,,,,
367,livelossplot,stared/livelossplot,ml-experiments,,{},20.0,,9,False,livelossplot,,,,['jupyter'],1892.0,1892.0,https://pypi.org/project/livelossplot,8464.0,8464.0,,,,,,,,,,,,3.0,,,,,,,,,,,
368,SKLL,EducationalTestingService/skll,ml-experiments,,{},39.0,SciKit-Learn Laboratory makes it easier to run machine learning experiments with scikit-learn.,9,False,skll,conda-forge/skll,,,['sklearn'],50.0,50.0,https://pypi.org/project/skll,1147.0,1689.0,https://anaconda.org/conda-forge/skll,2021-11-29 23:26:59.283,2025-04-22 14:58:06.094,2025-04-22 14:58:06.094000,30900.0,9.0,,,,,,3.0,,,,,,,,,,,
369,trl,huggingface/trl,reinforcement-learning,,{},521.0,,9,False,trl,,,,,1.0,1.0,https://pypi.org/project/trl,4064534.0,4064534.0,,,,,,,,,,,,2.0,,,,,,,,,,,
370,ViZDoom,mwydmuch/ViZDoom,reinforcement-learning,,{},59.0,,9,False,vizdoom,,,,,358.0,358.0,https://pypi.org/project/vizdoom,12473.0,12473.0,,,,,,,,,,,,2.0,,,,,,,,,,,
371,MNE,mne-tools/mne-python,medical-data,,{},456.0,MNE-Python is a software for MEG and EEG data analysis.,9,False,mne,conda-forge/mne,,,,,,https://pypi.org/project/mne,421616.0,433057.0,https://anaconda.org/conda-forge/mne,2020-05-19 23:08:48.350,2026-04-20 20:38:15.777,2026-04-20 20:38:15.777000,858096.0,69.0,,,,,,3.0,,,,,,,,,,,
372,Elephas,danielenricocahall/elephas,distributed-ml,,{},30.0,Deep learning on Spark with Keras.,9,False,elephas,conda-forge/elephas,,,"['keras', 'spark']",79.0,79.0,https://pypi.org/project/elephas,1598.0,1854.0,https://anaconda.org/conda-forge/elephas,2019-08-19 17:33:26.070,2025-04-22 14:57:10.644,2025-04-22 14:57:10.644000,21551.0,4.0,,,,,,3.0,,,,,,,,,,,
373,tsai,timeseriesAI/tsai,time-series-data,,{},25.0,,9,False,tsai,conda-forge/tsai,,,,288.0,288.0,https://pypi.org/project/tsai,16213.0,16213.0,https://anaconda.org/conda-forge/tsai,,,,,,,,,,,3.0,,,,,,,,,,,
374,NeuralForecast,Nixtla/neuralforecast,time-series-data,,{},69.0,Deep Learning for Time Series Forecasting.,9,False,neuralforecast,conda-forge/neuralforecast,,,,,,https://pypi.org/project/neuralforecast,287896.0,289230.0,https://anaconda.org/conda-forge/neuralforecast,2022-03-23 16:16:31.657,2026-08-04 22:37:00.328,2026-08-04 22:37:00.328000,70721.0,39.0,,,,,,3.0,,,,,,,,,,,
375,TSFEL,fraunhoferportugal/tsfel,time-series-data,,{},21.0,,9,False,tsfel,,,,,226.0,226.0,https://pypi.org/project/tsfel,27284.0,27284.0,,,,,,,,,,,,3.0,,,,,,,,,,,
376,voyager,spotify/voyager,nn-search,,{},8.0,,9,False,voyager,,,,,243.0,243.0,https://pypi.org/project/voyager,125737.0,125737.0,,,,,,,,,,,,3.0,,,,,,,,,,,
377,Recommenders,microsoft/recommenders,recommender-systems,,{},154.0,,9,False,recommenders,,,,,181.0,181.0,https://pypi.org/project/recommenders,16464.0,16464.0,,,,,,,,,,,,2.0,,,,,,,,,,,
378,Madmom,CPJKU/madmom,audio,,{},24.0,,9,False,madmom,,,,,538.0,538.0,https://pypi.org/project/madmom,11730.0,11730.0,,,,,,,,,,,,3.0,,,,,,,,,,,
379,nnAudio,KinWaiCheuk/nnAudio,audio,,{},17.0,,9,False,nnAudio,,,,,463.0,463.0,https://pypi.org/project/nnAudio,135181.0,135181.0,,,,,,,,,,,,3.0,,,,,,,,,,,
380,torchaudio,pytorch/audio,audio,,{},251.0,,9,False,torchaudio,,,,['pytorch'],,,https://pypi.org/project/torchaudio,8630412.0,8630412.0,,,,,,,,,,,,3.0,,,,,,,,,,,
381,python-soundfile,bastibe/python-soundfile,audio,,{},44.0,"SoundFile is an audio library based on libsndfile, CFFI, and NumPy.",9,False,soundfile,anaconda/pysoundfile,,,,,,https://pypi.org/project/soundfile,34672943.0,34673007.0,https://anaconda.org/anaconda/pysoundfile,2026-03-03 08:12:51.546,2026-03-23 19:15:41.390,2026-03-23 19:15:41.390000,320.0,1.0,,,,,,3.0,,,,,,,,,,,
382,DDSP,magenta/ddsp,audio,,{},36.0,Differentiable Digital Signal Processing.,9,False,ddsp,conda-forge/ddsp,,,['tensorflow'],74.0,74.0,https://pypi.org/project/ddsp,1991.0,2380.0,https://anaconda.org/conda-forge/ddsp,2020-06-03 13:14:40.638,2025-04-22 14:57:27.526,2025-04-22 14:57:27.526000,28792.0,3.0,,,,,,3.0,,,,,,,,,,,
383,hls4ml,fastmachinelearning/hls4ml,model-serialisation,,{},93.0,Machine learning in FPGAs using HLS.,9,False,hls4ml,conda-forge/hls4ml,,,"['tensorflow', 'pytorch']",59.0,59.0,https://pypi.org/project/hls4ml,2668.0,2865.0,https://anaconda.org/conda-forge/hls4ml,2020-09-29 21:06:25.423,2025-04-22 14:57:36.962,2025-04-22 14:57:36.962000,14015.0,4.0,,,,,,3.0,,,,,,,,,,,
384,Baal,baal-org/baal,probabilistics,,{},25.0,Library for bayesian active learning.,9,False,baal,conda-forge/baal,,,,76.0,76.0,https://pypi.org/project/baal,1373.0,1639.0,https://anaconda.org/conda-forge/baal,2021-01-20 20:35:22.269,2025-04-22 14:57:44.821,2025-04-22 14:57:44.821000,17833.0,5.0,,,,,,3.0,,,,,,,,,,,
385,torch-scatter,rusty1s/pytorch_scatter,pytorch-utils,,{},35.0,PyTorch Extension Library of Optimized Scatter Operations.,9,False,torch-scatter,conda-forge/pytorch_scatter,,,['pytorch'],,,https://pypi.org/project/torch-scatter,51248.0,70181.0,https://anaconda.org/conda-forge/pytorch_scatter,2020-06-01 16:15:18.085,2026-07-29 06:46:10.545,2026-07-29 06:46:10.545000,1401044.0,8.0,,,,,,2.0,,,,,,,,,,,
386,tensorflow-hub,tensorflow/hub,tensorflow-utils,,{},108.0,A library for transfer learning by reusing parts of TensorFlow models.,9,False,tensorflow-hub,conda-forge/tensorflow-hub,,,['tensorflow'],,,https://pypi.org/project/tensorflow-hub,2069329.0,2071280.0,https://anaconda.org/conda-forge/tensorflow-hub,2020-08-24 16:43:33.174,2025-04-22 14:56:51.855,2025-04-22 14:56:51.855000,140489.0,15.0,,,,,,2.0,,,,,,,,,,,
387,iterative-stratification,trent-b/iterative-stratification,sklearn-utils,,{},7.0,,9,False,iterative-stratification,,,,['sklearn'],648.0,648.0,https://pypi.org/project/iterative-stratification,157284.0,157284.0,,,,,,,,,,,,3.0,,,,,,,,,,,
388,modAL,modAL-python/modAL,others,,{},21.0,,9,False,modAL,,,,['sklearn'],,,https://pypi.org/project/modAL,80279446.0,80279446.0,,,,,,,,,,,,3.0,,,,,,,,,,,
389,pysc2,deepmind/pysc2,others,,{},39.0,,9,False,pysc2,,,,,985.0,985.0,https://pypi.org/project/pysc2,3853.0,3853.0,,,,,,,,,,,,3.0,,,,,,,,,,,
390,TabPy,tableau/TabPy,others,,{},55.0,,9,False,tabpy,anaconda/tabpy-client,,,,215.0,215.0,https://pypi.org/project/tabpy,3236.0,3293.0,https://anaconda.org/anaconda/tabpy-client,2017-04-06 20:14:02.493,2025-04-22 15:32:21.921,2025-04-22 15:32:21.921000,6491.0,1.0,,,,,,3.0,,,,,,,,,,,
391,Jina,jina-ai/jina,ml-frameworks,,{},185.0,Build cross-modal and multi-modal applications on the cloud.,8,False,jina,conda-forge/jina-core,jinaai/jina,,,,,https://pypi.org/project/jina,21914.0,57530.0,https://anaconda.org/conda-forge/jina-core,2021-09-02 15:10:14.675,2025-04-22 14:57:59.713,2025-04-22 14:57:59.713000,132093.0,45.0,https://hub.docker.com/r/jinaai/jina,2025-03-24 14:11:41.059929,9.0,9.0,1969312.0,3.0,,,,,,,,,,,
392,mlx,ml-explore/mlx,ml-frameworks,,{},323.0,,8,False,mlx,,,,,,,https://pypi.org/project/mlx,1476279.0,1476279.0,,,,,,,,,,,,3.0,,,,,,,,,,,
393,unsloth,unslothai/unsloth,nlp,,{},281.0,,8,False,unsloth,,,,,,,https://pypi.org/project/unsloth,2432326.0,2432326.0,,,,,,,,,,,,3.0,,,,,,,,,,,
394,DeepPavlov,deepmipt/DeepPavlov,nlp,,{},78.0,,8,False,deeppavlov,,,,['tensorflow'],440.0,440.0,https://pypi.org/project/deeppavlov,1120.0,1120.0,,,,,,,,,,,,3.0,,,,,,,,,,,
395,TensorFlow Text,tensorflow/text,nlp,,{},123.0,,8,False,tensorflow-text,,,,['tensorflow'],,,https://pypi.org/project/tensorflow-text,5095252.0,5095252.0,,,,,,,,,,,,3.0,,,,,,,,,,,
396,CLTK,cltk/cltk,nlp,,{},124.0,,8,False,cltk,,,,,311.0,311.0,https://pypi.org/project/cltk,4343.0,4343.0,,,,,,,,,,,,3.0,,,,,,,,,,,
397,Face Alignment,1adrianb/face-alignment,image,,{},26.0,,8,False,face-alignment,,,,['pytorch'],24.0,24.0,https://pypi.org/project/face-alignment,103992.0,103992.0,,,,,,,,,,,,3.0,,,,,,,,,,,
398,vidgear,abhiTronix/vidgear,image,,{},17.0,,8,False,vidgear,,,,,765.0,765.0,https://pypi.org/project/vidgear,24607.0,24607.0,,,,,,,,,,,,3.0,,,,,,,,,,,
399,vit-pytorch,lucidrains/vit-pytorch,image,,{},28.0,,8,False,vit-pytorch,,,,['pytorch'],24.0,24.0,https://pypi.org/project/vit-pytorch,238551.0,238551.0,,,,,,,,,,,,3.0,,,,,,,,,,,
400,MMOCR,open-mmlab/mmocr,ocr,,{},87.0,,8,False,mmocr,,,,['pytorch'],241.0,241.0,https://pypi.org/project/mmocr,3153.0,3153.0,,,,,,,,,,,,3.0,,,,,,,,,,,
401,vega,vega/ipyvega,data-viz,,{},15.0,A Jupyter widget for Vega 5 and Vega-Lite 4.,8,False,vega,conda-forge/vega,,,['jupyter'],4.0,4.0,https://pypi.org/project/vega,62769.0,84824.0,https://anaconda.org/conda-forge/vega,2020-05-13 21:13:44.886,2025-10-04 13:28:21.601,2025-10-04 13:28:21.601000,1654182.0,29.0,,,,,,3.0,,,,,,,,,,,
402,Pandas-Bokeh,PatrikHlobil/Pandas-Bokeh,data-viz,,{},15.0,,8,False,pandas-bokeh,,,,['pandas'],788.0,788.0,https://pypi.org/project/pandas-bokeh,11911.0,11911.0,,,,,,,,,,,,3.0,,,,,,,,,,,
403,pythreejs,jupyter-widgets/pythreejs,data-viz,,{},30.0,A Python / ThreeJS bridge utilizing the Jupyter widget infrastructure.,8,False,pythreejs,conda-forge/pythreejs,,,['jupyter'],,,https://pypi.org/project/pythreejs,113848.0,133852.0,https://anaconda.org/conda-forge/pythreejs,2020-10-12 12:24:06.816,2025-04-22 14:56:22.872,2025-04-22 14:56:22.872000,1327463.0,18.0,,,,,,3.0,,jupyter-threejs,https://www.npmjs.com/package/jupyter-threejs,1041.0,,,,,,,
404,HiPlot,facebookresearch/hiplot,data-viz,,{},9.0,High dimensional Interactive Plotting tool.,8,False,hiplot,conda-forge/hiplot,,,,12.0,12.0,https://pypi.org/project/hiplot,14858.0,19117.0,https://anaconda.org/conda-forge/hiplot,2020-02-25 21:59:48.328,2025-04-22 14:57:21.906,2025-04-22 14:57:21.906000,332214.0,35.0,,,,,,3.0,,,,,,,,,,,
405,imodels,csinva/imodels,interpretability,,{},30.0,,8,False,imodels,,,,,156.0,156.0,https://pypi.org/project/imodels,54359.0,54359.0,,,,,,,,,,,,3.0,,,,,,,,,,,
406,keract,philipperemy/keract,interpretability,,{},17.0,,8,False,keract,,,,['tensorflow'],265.0,265.0,https://pypi.org/project/keract,9325.0,9325.0,,,,,,,,,,,,3.0,,,,,,,,,,,
407,iNNvestigate,albermax/innvestigate,interpretability,,{},22.0,,8,False,innvestigate,,,,['tensorflow'],151.0,151.0,https://pypi.org/project/innvestigate,425.0,425.0,,,,,,,,,,,,3.0,BSD-2-Clause,,,,,,,,,,
408,pygod,pygod-team/pygod,graph,,{},17.0,A Python Library for Graph Outlier Detection (Anomaly Detection).,8,False,pygod,conda-forge/pygod,,,,55.0,55.0,https://pypi.org/project/pygod,1291.0,1592.0,https://anaconda.org/conda-forge/pygod,2022-04-19 10:09:06.849,2025-04-22 14:58:15.321,2025-04-22 14:58:15.321000,15692.0,6.0,,,,,,2.0,,,,,,,,,,,
409,torch-cluster,rusty1s/pytorch_cluster,graph,,{},40.0,PyTorch Extension Library of Optimized Graph Cluster Algorithms.,8,False,torch-cluster,conda-forge/pytorch_cluster,,,['pytorch'],,,https://pypi.org/project/torch-cluster,20886.0,29204.0,https://anaconda.org/conda-forge/pytorch_cluster,2020-05-31 21:25:54.413,2026-08-01 09:16:13.195,2026-08-01 09:16:13.195000,623900.0,5.0,,,,,,2.0,,,,,,,,,,,
410,Spektral,danielegrattarola/spektral,graph,,{},27.0,,8,False,spektral,,,,['tensorflow'],434.0,434.0,https://pypi.org/project/spektral,6062.0,6062.0,,,,,,,,,,,,2.0,,,,,,,,,,,
411,GeoViews,holoviz/geoviews,geospatial-data,,{},34.0,"GeoViews is a Python library that makes it easy to explore and visualize geographical, meteorological, and..",8,False,geoviews,conda-forge/geoviews,,,,5.0,5.0,https://pypi.org/project/geoviews,30772.0,36896.0,https://anaconda.org/conda-forge/geoviews,2020-09-23 20:06:45.056,2026-01-14 07:26:40.378,2026-01-14 07:26:40.378000,434832.0,29.0,,,,,,3.0,,,,,,,,,,,
412,Alpha Vantage,RomelTorres/alpha_vantage,financial-data,,{},44.0,Python module to get stock data from the Alpha Vantage Api.,8,False,alpha_vantage,conda-forge/alpha_vantage,,,,,,https://pypi.org/project/alpha_vantage,210504.0,210679.0,https://anaconda.org/conda-forge/alpha_vantage,2021-01-14 18:10:26.343,2025-04-22 14:57:44.470,2025-04-22 14:57:44.470000,11766.0,2.0,,,,,,3.0,,,,,,,,,,,
413,lightwood,mindsdb/lightwood,hyperopt,,{},50.0,,8,False,lightwood,,,,['pytorch'],139.0,139.0,https://pypi.org/project/lightwood,8343.0,8343.0,,,,,,,,,,,,3.0,,,,,,,,,,,
414,gokart,m3dev/gokart,ml-experiments,,{},49.0,,8,False,gokart,,,,,85.0,85.0,https://pypi.org/project/gokart,13274.0,13274.0,,,,,,,,,,,,3.0,,,,,,,,,,,
415,Labml,labmlai/labml,ml-experiments,,{},9.0,,8,False,labml,,,,,250.0,250.0,https://pypi.org/project/labml,9691.0,9691.0,,,,,,,,,,,,3.0,,,,,,,,,,,
416,Hail,hail-is/hail,medical-data,,{},103.0,,8,False,hail,,,,['spark'],189.0,189.0,https://pypi.org/project/hail,59765.0,59765.0,,,,,,,,,,,,3.0,,,,,,,,,,,
417,ipyparallel,ipython/ipyparallel,distributed-ml,,{},116.0,Interactive Parallel Computing with IPython.,8,False,ipyparallel,conda-forge/ipyparallel,,,['jupyter'],,,https://pypi.org/project/ipyparallel,185672.0,219124.0,https://anaconda.org/conda-forge/ipyparallel,2020-10-15 04:18:35.774,2026-05-13 14:00:27.278,2026-05-13 14:00:27.278000,2341697.0,35.0,,,,,,3.0,,,,,,,,,,,
418,tsflex,predict-idlab/tsflex,time-series-data,,{},6.0,Toolkit for flexible processing & feature extraction on time-series data.,8,False,tsflex,conda-forge/tsflex,,,,23.0,23.0,https://pypi.org/project/tsflex,14673.0,15416.0,https://anaconda.org/conda-forge/tsflex,2021-07-06 15:16:45.577,2025-04-22 14:57:56.438,2025-04-22 14:57:56.438000,45376.0,16.0,,,,,,3.0,,,,,,,,,,,
419,ADTK,arundo/adtk,time-series-data,,{},11.0,A package for unsupervised time series anomaly detection.,8,False,adtk,conda-forge/adtk,,,,,,https://pypi.org/project/adtk,499678.0,499843.0,https://anaconda.org/conda-forge/adtk,2020-03-04 17:10:14.111,2025-04-22 14:57:22.632,2025-04-22 14:57:22.632000,12756.0,3.0,,,,,,3.0,,,,,,,,,,,
420,pyAudioAnalysis,tyiannak/pyAudioAnalysis,audio,,{},28.0,,8,False,pyAudioAnalysis,,,,,685.0,685.0,https://pypi.org/project/pyAudioAnalysis,6521.0,6521.0,,,,,,,,,,,,3.0,,,,,,,,,,,
421,m2cgen,BayesWitnesses/m2cgen,model-serialisation,,{},14.0,,8,False,m2cgen,,,,,353.0,353.0,https://pypi.org/project/m2cgen,24329.0,24329.0,,,,,,,,,,,,3.0,,,,,,,,,,,
422,cuDF,rapidsai/cudf,gpu-utilities,,{},353.0,,8,False,cudf,,,,,71.0,71.0,https://pypi.org/project/cudf,2323.0,2323.0,,,,,,,,,,,,3.0,,,,,,,,,,,
423,pytorch-optimizer,jettify/pytorch-optimizer,pytorch-utils,,{},26.0,A collection of optimizers for PyTorch compatible with optim module.,8,False,torch_optimizer,conda-forge/torch-optimizer,,,['pytorch'],,,https://pypi.org/project/torch_optimizer,139665.0,139961.0,https://anaconda.org/conda-forge/torch-optimizer,2021-04-21 17:27:11.637,2025-04-22 14:57:50.627,2025-04-22 14:57:50.627000,18992.0,3.0,,,,,,2.0,,,,,,,,,,,
424,Antialiased CNNs,adobe/antialiased-cnns,pytorch-utils,,{},6.0,,8,False,antialiased-cnns,,,,['pytorch'],83.0,83.0,https://pypi.org/project/antialiased-cnns,25809.0,25809.0,,,,,,,,,,,,2.0,CC BY-NC-SA 4.0,,,,,,,,,,
425,PyTorch Sparse,rusty1s/pytorch_sparse,pytorch-utils,,{},48.0,PyTorch Extension Library of Optimized Autograd Sparse Matrix Operations.,8,False,torch-sparse,conda-forge/pytorch_sparse,,,['pytorch'],,,https://pypi.org/project/torch-sparse,26501.0,43348.0,https://anaconda.org/conda-forge/pytorch_sparse,2020-06-01 16:10:56.330,2026-07-30 22:28:12.416,2026-07-30 22:28:12.416000,1246750.0,11.0,,,,,,2.0,,,,,,,,,,,
426,torchsde,google-research/torchsde,pytorch-utils,,{},10.0,SDE solvers and stochastic adjoint sensitivity analysis in PyTorch.,8,False,torchsde,conda-forge/torchsde,,,['pytorch'],,,https://pypi.org/project/torchsde,1896679.0,1897540.0,https://anaconda.org/conda-forge/torchsde,2021-01-11 10:31:24.791,2025-04-22 14:57:44.362,2025-04-22 14:57:44.362000,57722.0,2.0,,,,,,2.0,,,,,,,,,,,
427,Neural Structured Learning,tensorflow/neural-structured-learning,tensorflow-utils,,{},44.0,,8,False,neural-structured-learning,,,,['tensorflow'],528.0,528.0,https://pypi.org/project/neural-structured-learning,1389.0,1389.0,,,,,,,,,,,,2.0,,,,,,,,,,,
428,scikit-opt,guofei9987/scikit-opt,sklearn-utils,,{},24.0,,8,False,scikit-opt,,,,['sklearn'],291.0,291.0,https://pypi.org/project/scikit-opt,6660.0,6660.0,,,,,,,,,,,,3.0,,,,,,,,,,,
429,apricot,jmschrei/apricot,others,,{},5.0,,8,False,apricot-select,,,,,221.0,221.0,https://pypi.org/project/apricot-select,22425.0,22425.0,,,,,,,,,,,,3.0,,,,,,,,,,,
430,pycm,sepandhaghighi/pycm,others,,{},19.0,,8,False,pycm,,,,,423.0,423.0,https://pypi.org/project/pycm,17345.0,17345.0,,,,,,,,,,,,3.0,,,,,,,,,,,
431,dstack,dstackai/dstack,others,,{},72.0,,8,False,dstack,,,,,26.0,26.0,https://pypi.org/project/dstack,83185.0,83185.0,,,,,,,,,,,,3.0,,,,,,,,,,,
432,AugLy,facebookresearch/AugLy,others,,{},47.0,,8,False,augly,,,,,193.0,193.0,https://pypi.org/project/augly,2798.0,2798.0,,,,,,,,,,,,3.0,,,,,,,,,,,
433,ivy,unifyai/ivy,ml-frameworks,,{},1486.0,,7,False,ivy,,,,,,,https://pypi.org/project/ivy,21234.0,21234.0,,,,,,,,,,,,3.0,,,,,,,,,,,
434,ktrain,amaiya/ktrain,ml-frameworks,,{},17.0,,7,False,ktrain,,,,['tensorflow'],579.0,579.0,https://pypi.org/project/ktrain,2842.0,2842.0,,,,,,,,,,,,3.0,,,,,,,,,,,
435,Determined,determined-ai/determined,ml-frameworks,,{},130.0,,7,False,determined,,,https://docs.determined.ai,"['pytorch', 'tensorflow']",,,https://pypi.org/project/determined,20984.0,20984.0,,,,,,,,,,,,3.0,Apache-2.0,,,,,,,,,,
436,torchtext,pytorch/text,nlp,,{},156.0,,7,False,torchtext,,,,['pytorch'],,,https://pypi.org/project/torchtext,215125.0,215125.0,,,,,,,,,,,,3.0,,,,,,,,,,,
437,ParlAI,facebookresearch/ParlAI,nlp,,{},219.0,,7,False,parlai,,,,['pytorch'],24.0,24.0,https://pypi.org/project/parlai,1800.0,1800.0,,,,,,,,,,,,3.0,,,,,,,,,,,
438,Rasa,RasaHQ/rasa,nlp,,{},600.0,,7,False,rasa,,,,['tensorflow'],,,https://pypi.org/project/rasa,265975.0,265975.0,,,,,,,,,,,,3.0,,,,,,,,,,,
439,torch-points3d,torch-points3d/torch-points3d,image,,{},36.0,,7,False,torch-points3d,,,,['pytorch'],36.0,36.0,https://pypi.org/project/torch-points3d,219.0,219.0,,,,,,,,,,,,3.0,BSD-3-Clause,,,,,,,,,,
440,Pillow-SIMD,uploadcare/pillow-simd,image,,{},435.0,,7,False,pillow-simd,,,,,,,https://pypi.org/project/pillow-simd,45198.0,45198.0,,,,,,,,,,,,3.0,PIL,,,,,,,,,,
441,MMF,facebookresearch/mmf,image,,{},131.0,,7,False,mmf,,,,['pytorch'],23.0,23.0,https://pypi.org/project/mmf,164.0,164.0,,,,,,,,,,,,3.0,BSD-3-Clause,,,,,,,,,,
442,HyperTools,ContextLab/hypertools,data-viz,,{},23.0,,7,False,hypertools,,,,,508.0,508.0,https://pypi.org/project/hypertools,1044.0,1044.0,,,,,,,,,,,,3.0,,,,,,,,,,,
443,What-If Tool,PAIR-code/what-if-tool,interpretability,,{},21.0,An easy-to-use interface for expanding understanding of a black-box classification or regression ML model.,7,False,witwidget,conda-forge/tensorboard-plugin-wit,,,,2.0,2.0,https://pypi.org/project/witwidget,16314.0,52406.0,https://anaconda.org/conda-forge/tensorboard-plugin-wit,2020-06-22 09:11:25.867,2025-04-22 14:57:28.709,2025-04-22 14:57:28.709000,2658827.0,4.0,,,,,,3.0,,wit-widget,https://www.npmjs.com/package/wit-widget,162.0,,,,,,,
444,LIT,PAIR-code/lit,interpretability,,{},38.0,"The Language Interpretability Tool (LIT) is a visual, interactive model-understanding tool for NLP models.",7,False,lit-nlp,conda-forge/lit-nlp,,,,,,https://pypi.org/project/lit-nlp,14594.0,16836.0,https://anaconda.org/conda-forge/lit-nlp,2020-09-15 18:01:28.584,2025-04-22 14:57:35.818,2025-04-22 14:57:35.818000,159214.0,6.0,,,,,,3.0,,,,,,,,,,,
445,Netron,lutzroeder/netron,interpretability,,{},,,7,False,netron,,,,"['pytorch', 'tensorflow']",13.0,13.0,https://pypi.org/project/netron,93404.0,93404.0,,,,,,,,,,,,3.0,,,,,,,,,,,
446,eli5,TeamHG-Memex/eli5,interpretability,,{},17.0,Debug machine learning classifiers and explain their predictions.,7,False,eli5,conda-forge/eli5,,,,,,https://pypi.org/project/eli5,123809.0,129269.0,https://anaconda.org/conda-forge/eli5,2020-06-15 13:11:09.444,2025-04-30 05:40:51.091,2025-04-30 05:40:51.091000,404104.0,12.0,,,,,,3.0,,,,,,,,,,,
447,Quantus,understandable-machine-intelligence-lab/quantus,interpretability,,{},27.0,,7,False,quantus,,,,,75.0,75.0,https://pypi.org/project/quantus,1580.0,1580.0,,,,,,,,,,,,3.0,,,,,,,,,,,
448,tf-explain,sicara/tf-explain,interpretability,,{},18.0,,7,False,tf-explain,,,,['tensorflow'],300.0,300.0,https://pypi.org/project/tf-explain,1748.0,1748.0,,,,,,,,,,,,3.0,,,,,,,,,,,
449,tf-keras-vis,keisen/tf-keras-vis,interpretability,,{},3.0,,7,False,tf-keras-vis,,,,['tensorflow'],234.0,234.0,https://pypi.org/project/tf-keras-vis,3635.0,3635.0,,,,,,,,,,,,3.0,,,,,,,,,,,
450,Explainability 360,Trusted-AI/AIX360,interpretability,,{},42.0,,7,False,aix360,,,,,175.0,175.0,https://pypi.org/project/aix360,1748.0,1748.0,,,,,,,,,,,,3.0,,,,,,,,,,,
451,jraph,deepmind/jraph,graph,,{},17.0,A Graph Neural Network Library in Jax.,7,False,jraph,conda-forge/jraph,,,['jax'],,,https://pypi.org/project/jraph,96901.0,97178.0,https://anaconda.org/conda-forge/jraph,2021-10-31 19:30:25.290,2025-04-22 14:58:03.890,2025-04-22 14:58:03.890000,16114.0,4.0,,,,,,3.0,,,,,,,,,,,
452,StellarGraph,stellargraph/stellargraph,graph,,{},42.0,,7,False,stellargraph,,,,['tensorflow'],311.0,311.0,https://pypi.org/project/stellargraph,638.0,638.0,,,,,,,,,,,,3.0,,,,,,,,,,,
453,Sentinelsat,sentinelsat/sentinelsat,geospatial-data,,{},44.0,Search and download Copernicus Sentinel satellite images.,7,False,sentinelsat,conda-forge/sentinelsat,,,,,,https://pypi.org/project/sentinelsat,17391.0,18086.0,https://anaconda.org/conda-forge/sentinelsat,2020-10-04 14:33:56.496,2025-04-22 14:57:37.199,2025-04-22 14:57:37.199000,48667.0,6.0,,,,,,3.0,,,,,,,,,,,
454,Talos,autonomio/talos,hyperopt,,{},23.0,,7,False,talos,,,,['tensorflow'],208.0,208.0,https://pypi.org/project/talos,525.0,525.0,,,,,,,,,,,,3.0,,,,,,,,,,,
455,Sklearn-genetic-opt,rodrigo-arenas/Sklearn-genetic-opt,hyperopt,,{},50.0,,7,False,sklearn-genetic-opt,,,,,75.0,75.0,https://pypi.org/project/sklearn-genetic-opt,3008.0,3008.0,,,,,,,,,,,,3.0,,,,,,,,,,,
456,SMAC3,automl/SMAC3,hyperopt,,{},81.0,Sequential Model-based Algorithm Configuration.,7,False,smac,conda-forge/smac,,,,,,https://pypi.org/project/smac,43876.0,44611.0,https://anaconda.org/conda-forge/smac,2021-03-19 15:08:39.735,2025-04-22 14:57:48.900,2025-04-22 14:57:48.900000,47788.0,16.0,,,,,,3.0,,,,,,,,,,,
457,FEDOT,nccr-itmo/FEDOT,hyperopt,,{},43.0,,7,False,fedot,,,,,66.0,66.0,https://pypi.org/project/fedot,1443.0,1443.0,,,,,,,,,,,,3.0,,,,,,,,,,,
458,Dopamine,google/dopamine,reinforcement-learning,,{},15.0,,7,False,dopamine-rl,,,,['tensorflow'],24.0,24.0,https://pypi.org/project/dopamine-rl,99580.0,99580.0,,,,,,,,,,,,2.0,,,,,,,,,,,
459,FinRL,AI4Finance-Foundation/FinRL,reinforcement-learning,,{},130.0,,7,False,finrl,,,,,115.0,115.0,https://pypi.org/project/finrl,3261.0,3261.0,,,,,,,,,,,,2.0,,,,,,,,,,,
460,keras-rl,keras-rl/keras-rl,reinforcement-learning,,{},41.0,,7,False,keras-rl,,,,['tensorflow'],836.0,836.0,https://pypi.org/project/keras-rl,819.0,819.0,,,,,,,,,,,,2.0,,,,,,,,,,,
461,garage,rlworkgroup/garage,reinforcement-learning,,{},80.0,,7,False,garage,,,,['tensorflow'],124.0,124.0,https://pypi.org/project/garage,1130.0,1130.0,,,,,,,,,,,,2.0,,,,,,,,,,,
462,Glow,projectglow/glow,medical-data,,{},29.0,An open-source toolkit for large-scale genomic analysis.,7,False,glow.py,conda-forge/glow,,,,,,https://pypi.org/project/glow.py,40909.0,41053.0,https://anaconda.org/conda-forge/glow,2021-02-25 05:34:28.952,2025-04-22 14:57:47.356,2025-04-22 14:57:47.356000,9522.0,3.0,,,,,,3.0,,,,,,,,,,,
463,SynapseML,microsoft/SynapseML,distributed-ml,,{},133.0,,7,False,synapseml,,,,,,,https://pypi.org/project/synapseml,1550948.0,1550948.0,,,,,,,,,,,,3.0,,,,,,,,,,,
464,Hivemind,learning-at-home/hivemind,distributed-ml,,{},34.0,,7,False,hivemind,,,,,135.0,135.0,https://pypi.org/project/hivemind,5207.0,5207.0,,,,,,,,,,,,3.0,,,,,,,,,,,
465,TensorFlowOnSpark,yahoo/TensorFlowOnSpark,distributed-ml,,{},34.0,Deep learning with TensorFlow on Apache Spark clusters.,7,False,tensorflowonspark,conda-forge/tensorflowonspark,,,"['tensorflow', 'spark']",,,https://pypi.org/project/tensorflowonspark,11223.0,11682.0,https://anaconda.org/conda-forge/tensorflowonspark,2019-12-05 16:17:47.431,2025-04-22 14:57:18.376,2025-04-22 14:57:18.376000,36735.0,10.0,,,,,,3.0,,,,,,,,,,,
466,orbit,uber/orbit,time-series-data,,{},23.0,Orbit is a package for bayesian time series modeling and inference.,7,False,orbit-ml,conda-forge/orbit-ml,,,,,,https://pypi.org/project/orbit-ml,21302.0,22108.0,https://anaconda.org/conda-forge/orbit-ml,2022-01-18 22:39:37.059,2026-03-06 03:11:30.016,2026-03-06 03:11:30.016000,44343.0,9.0,,,,,,3.0,,,,,,,,,,,
467,greykite,linkedin/greykite,time-series-data,,{},10.0,,7,False,greykite,,,,,50.0,50.0,https://pypi.org/project/greykite,10284.0,10284.0,,,,,,,,,,,,3.0,,,,,,,,,,,
468,RecBole,RUCAIBox/RecBole,recommender-systems,,{},79.0,"A unified, comprehensive and efficient recommendation library.",7,False,recbole,aibox/recbole,,,['pytorch'],,,https://pypi.org/project/recbole,59715.0,59865.0,https://anaconda.org/aibox/recbole,2020-11-03 11:40:53.137,2025-03-25 16:28:44.170,2025-03-25 16:28:44.170000,10401.0,11.0,,,,,,3.0,,,,,,,,,,,
469,Magenta,magenta/magenta,audio,,{},155.0,,7,False,magenta,,,,['tensorflow'],18.0,18.0,https://pypi.org/project/magenta,2201.0,2201.0,,,,,,,,,,,,3.0,,,,,,,,,,,
470,OMLT,cog-imperial/omlt,model-serialisation,,{},22.0,,7,False,omlt,,,,,36.0,36.0,https://pypi.org/project/omlt,12943.0,12943.0,,,,,,,,,,,,3.0,,,,,,,,,,,
471,Hummingbird,microsoft/hummingbird,model-serialisation,,{},40.0,Convert trained traditional machine learning models into tensor computations.,7,False,hummingbird-ml,conda-forge/hummingbird-ml,,,,,,https://pypi.org/project/hummingbird-ml,18089.0,19224.0,https://anaconda.org/conda-forge/hummingbird-ml,2021-03-13 14:12:18.710,2025-04-22 14:57:48.691,2025-04-22 14:57:48.691000,73791.0,15.0,,,,,,3.0,,,,,,,,,,,
472,TFEncrypted,tf-encrypted/tf-encrypted,privacy-ml,,{},29.0,,7,False,tf-encrypted,,,,['tensorflow'],68.0,68.0,https://pypi.org/project/tf-encrypted,3439.0,3439.0,,,,,,,,,,,,2.0,,,,,,,,,,,
473,Funsor,pyro-ppl/funsor,probabilistics,,{},14.0,,7,False,funsor,,,,['pytorch'],110.0,110.0,https://pypi.org/project/funsor,58279.0,58279.0,,,,,,,,,,,,3.0,,,,,,,,,,,
474,pomegranate,jmschrei/pomegranate,probabilistics,,{},75.0,"Pomegranate is a graphical models library for Python. Fast, flexible and easy to use probabilistic modelling in Python.",7,False,pomegranate,conda-forge/pomegranate,,,,,,https://pypi.org/project/pomegranate,33496.0,37275.0,https://anaconda.org/conda-forge/pomegranate,2020-05-18 06:13:08.914,2025-04-22 14:57:07.761,2025-04-22 14:57:07.761000,283474.0,9.0,,,,,,3.0,,,,,,,,,,,
475,formulaic,matthewwardrop/formulaic,probabilistics,,{},15.0,,7,False,formulaic,,,,,,,https://pypi.org/project/formulaic,3787162.0,3787162.0,,,,,,,,,,,,3.0,,,,,,,,,,,
476,tnt,pytorch/tnt,pytorch-utils,,{},164.0,,7,False,torchtnt,,,,['pytorch'],,,https://pypi.org/project/torchtnt,141277.0,141277.0,,,,,,,,,,,,3.0,,,,,,,,,,,
477,TabNet,dreamquark-ai/tabnet,pytorch-utils,,{},21.0,PyTorch implementation of TabNet.,7,False,pytorch-tabnet,conda-forge/pytorch-tabnet,,,['pytorch'],,,https://pypi.org/project/pytorch-tabnet,53554.0,53812.0,https://anaconda.org/conda-forge/pytorch-tabnet,2021-12-18 12:18:01.185,2025-04-22 14:58:07.520,2025-04-22 14:58:07.520000,14477.0,3.0,,,,,,3.0,,,,,,,,,,,
478,Saliency,PAIR-code/saliency,tensorflow-utils,,{},18.0,,7,False,saliency,,,,['tensorflow'],157.0,157.0,https://pypi.org/project/saliency,13728.0,13728.0,,,,,,,,,,,,3.0,,,,,,,,,,,
479,combo,yzhao062/combo,sklearn-utils,,{},2.0,,7,False,combo,,,,"['sklearn', 'xgboost']",732.0,732.0,https://pypi.org/project/combo,53102.0,53102.0,,,,,,,,,,,,3.0,,,,,,,,,,,
480,avalanche,ContinualAI/avalanche,others,,{},87.0,,7,False,avalanche-lib,,,,,151.0,151.0,https://pypi.org/project/avalanche-lib,2066.0,2066.0,,,,,,,,,,,,3.0,,,,,,,,,,,
481,rrcf,kLabUM/rrcf,others,,{},7.0,,7,False,rrcf,,,,,107.0,107.0,https://pypi.org/project/rrcf,23999.0,23999.0,,,,,,,,,,,,3.0,,,,,,,,,,,
482,Apache Singa,apache/singa,distributed-ml,,{},102.0,SINGA is an Apache project for distributed deep learning.,6,False,,nusdbsystem/singa,apache/singa,,,6.0,6.0,,,292.0,https://anaconda.org/nusdbsystem/singa,2017-02-20 13:59:42.077,2025-03-25 16:26:36.714,2025-03-25 16:26:36.714000,1387.0,16.0,https://hub.docker.com/r/apache/singa,2022-05-31 15:24:19.649658,3.0,3.0,31982.0,3.0,,,,,,,,,,,
483,small-text,webis-de/small-text,nlp,,{},10.0,Active Learning for Text Classification in Python.,6,False,small-text,conda-forge/small-text,,,"['sklearn', 'pytorch']",35.0,35.0,https://pypi.org/project/small-text,407.0,949.0,https://anaconda.org/conda-forge/small-text,2022-07-04 12:50:35.173,2026-05-23 20:05:20.701,2026-05-23 20:05:20.701000,26580.0,15.0,,,,,,3.0,,,,,,,,,,,
484,happy-transformer,EricFillion/happy-transformer,nlp,,{},14.0,,6,False,happytransformer,,,,['huggingface'],336.0,336.0,https://pypi.org/project/happytransformer,973.0,973.0,,,,,,,,,,,,3.0,,,,,,,,,,,
485,english-words,dwyl/english-words,nlp,,{},34.0,,6,False,english-words,,,,,,,https://pypi.org/project/english-words,139074.0,139074.0,,,,,,,,,,,,3.0,,,,,,,,,,,
486,textaugment,dsfsi/textaugment,nlp,,{},10.0,,6,False,textaugment,,,,,185.0,185.0,https://pypi.org/project/textaugment,1571.0,1571.0,,,,,,,,,,,,3.0,,,,,,,,,,,
487,promptsource,bigscience-workshop/promptsource,nlp,,{},65.0,,6,False,promptsource,,,,,130.0,130.0,https://pypi.org/project/promptsource,247.0,247.0,,,,,,,,,,,,3.0,,,,,,,,,,,
488,Ciphey,Ciphey/Ciphey,nlp,,{},60.0,,6,False,ciphey,,remnux/ciphey,,,,,https://pypi.org/project/ciphey,125856.0,125856.0,,,,,,,https://hub.docker.com/r/remnux/ciphey,,,,,3.0,,,,,,,,,,,
489,icevision,airctic/icevision,image,,{},41.0,,6,False,icevision,,,,,,,https://pypi.org/project/icevision,308897.0,308897.0,,,,,,,,,,,,3.0,,,,,,,,,,,
490,ffcv,libffcv/ffcv,image,,{},31.0,,6,False,ffcv,,,,,78.0,78.0,https://pypi.org/project/ffcv,420.0,420.0,,,,,,,,,,,,3.0,,,,,,,,,,,
491,CellProfiler,CellProfiler/CellProfiler,image,,{},147.0,,6,False,cellprofiler,,,,,28.0,28.0,https://pypi.org/project/cellprofiler,7344.0,7344.0,,,,,,,,,,,,3.0,,,,,,,,,,,
492,tensorflow-graphics,tensorflow/graphics,image,,{},41.0,,6,False,tensorflow-graphics,,,,['tensorflow'],,,https://pypi.org/project/tensorflow-graphics,92092.0,92092.0,,,,,,,,,,,,3.0,,,,,,,,,,,
493,doc2text,jlsutherland/doc2text,ocr,,{},5.0,,6,False,doc2text,,,,,185.0,185.0,https://pypi.org/project/doc2text,4429.0,4429.0,,,,,,,,,,,,3.0,,,,,,,,,,,
494,vegafusion,vegafusion/vegafusion,data-viz,,{},7.0,Server-side acceleration for the Vega visualization grammar.,6,False,vegafusion-jupyter,conda-forge/vegafusion-python-embed,,,,,,https://pypi.org/project/vegafusion-jupyter,740.0,14214.0,https://anaconda.org/conda-forge/vegafusion-python-embed,2022-03-05 16:45:20.250,2025-10-27 16:33:07.200,2025-10-27 16:33:07.200000,700580.0,46.0,,,,,,3.0,,vegafusion-jupyter,https://www.npmjs.com/package/vegafusion-jupyter,256.0,,,,,,,
495,data-validation,tensorflow/data-validation,data-viz,,{},32.0,,6,False,tensorflow-data-validation,,,,"['tensorflow', 'jupyter']",,,https://pypi.org/project/tensorflow-data-validation,90113.0,90113.0,,,,,,,,,,,,3.0,,,,,,,,,,,
496,Facets Overview,pair-code/facets,data-viz,,{},31.0,,6,False,facets-overview,,,,['jupyter'],,,https://pypi.org/project/facets-overview,223536.0,223536.0,,,,,,,,,,,,3.0,,,,,,,,,,,
497,PDPbox,SauceCat/PDPbox,interpretability,,{},7.0,Python partial dependence plot toolbox.,6,False,pdpbox,conda-forge/pdpbox,,,,,,https://pypi.org/project/pdpbox,8370.0,8797.0,https://anaconda.org/conda-forge/pdpbox,2021-03-14 19:37:47.253,2025-04-22 14:57:08.147,2025-04-22 14:57:08.147000,27773.0,3.0,,,,,,3.0,,,,,,,,,,,
498,Paddle Graph Learning,PaddlePaddle/PGL,graph,,{},31.0,,6,False,pgl,,,,['paddle'],69.0,69.0,https://pypi.org/project/pgl,894.0,894.0,,,,,,,,,,,,3.0,,,,,,,,,,,
499,AmpliGraph,Accenture/AmpliGraph,graph,,{},21.0,,6,False,ampligraph,,,,['tensorflow'],70.0,70.0,https://pypi.org/project/ampligraph,342.0,342.0,,,,,,,,,,,,3.0,,,,,,,,,,,
500,DeepGraph,deepgraph/deepgraph,graph,,{},3.0,Analyze Data with Pandas-based Networks.,6,False,deepgraph,conda-forge/deepgraph,,,['pandas'],,,https://pypi.org/project/deepgraph,278.0,8305.0,https://anaconda.org/conda-forge/deepgraph,2020-10-01 14:55:54.354,2025-11-09 00:27:39.440,2025-11-09 00:27:39.440000,561919.0,7.0,,,,,,3.0,,,,,,,,,,,
501,Backtesting.py,kernc/backtesting.py,financial-data,,{},46.0,,6,False,backtesting,,,,,,,https://pypi.org/project/backtesting,216537.0,216537.0,,,,,,,,,,,,3.0,,,,,,,,,,,
502,Hyperactive,SimonBlanke/Hyperactive,hyperopt,,{},16.0,,6,False,hyperactive,,,,,52.0,52.0,https://pypi.org/project/hyperactive,3362.0,3362.0,,,,,,,,,,,,3.0,,,,,,,,,,,
503,orion,Epistimio/orion,hyperopt,,{},34.0,,6,False,orion,,,,,127.0,127.0,https://pypi.org/project/orion,769.0,769.0,,,,,,,,,,,,3.0,,,,,,,,,,,
504,Sherpa,sherpa-ai/sherpa,hyperopt,,{},43.0,,6,False,parameter-sherpa,,,,,43.0,43.0,https://pypi.org/project/parameter-sherpa,167.0,167.0,,,,,,,,,,,,3.0,,,,,,,,,,,
505,Guild AI,guildai/guildai,ml-experiments,,{},30.0,,6,False,guildai,,,,,107.0,107.0,https://pypi.org/project/guildai,549.0,549.0,,,,,,,,,,,,3.0,,,,,,,,,,,
506,PFRL,pfnet/pfrl,reinforcement-learning,,{},21.0,,6,False,pfrl,,,,,128.0,128.0,https://pypi.org/project/pfrl,207.0,207.0,,,,,,,,,,,,3.0,,,,,,,,,,,
507,PARL,PaddlePaddle/PARL,reinforcement-learning,,{},46.0,,6,False,parl,,,,['paddle'],140.0,140.0,https://pypi.org/project/parl,234.0,234.0,,,,,,,,,,,,3.0,,,,,,,,,,,
508,DeepVariant,google/deepvariant,medical-data,,{},44.0,DeepVariant is an analysis pipeline that uses a deep neural network to call genetic variants from next-generation DNA..,6,False,,bioconda/deepvariant,,,['tensorflow'],4.0,4.0,,,845.0,https://anaconda.org/bioconda/deepvariant,2018-01-02 11:31:01.469,2026-03-06 20:45:38.817,2026-03-06 20:45:38.817000,87130.0,18.0,,,,,,3.0,,,,,,,,,,,
509,ColossalAI,hpcaitech/colossalai,distributed-ml,,{},199.0,,6,False,,,,,,558.0,558.0,,,,,,,,,,,,,,,3.0,,,,,,,,,,,
510,horovod,horovod/horovod,distributed-ml,,{},178.0,,6,False,horovod,,,,,,,https://pypi.org/project/horovod,36633.0,36633.0,,,,,,,,,,,,3.0,,,,,stable/horovod,,,,,,
511,miceforest,AnotherSamWilson/miceforest,tabular,,{},9.0,Fast multiple imputation with random forests.,6,False,miceforest,conda-forge/miceforest,,,,,,https://pypi.org/project/miceforest,43963.0,44392.0,https://anaconda.org/conda-forge/miceforest,2021-07-23 19:20:49.403,2025-04-22 14:57:57.911,2025-04-22 14:57:57.911000,26188.0,8.0,,,,,,2.0,,,,,,,,,,,
512,upgini,upgini/upgini,tabular,,{},13.0,,6,False,upgini,,,,,11.0,11.0,https://pypi.org/project/upgini,8111.0,8111.0,,,,,,,,,,,,2.0,,,,,,,,,,,
513,ydata-synthetic,ydataai/ydata-synthetic,tabular,,{},24.0,Synthetic data generation methods with different synthetization methods.,6,False,ydata-synthetic,conda-forge/ydata-synthetic,,,,,,https://pypi.org/project/ydata-synthetic,6046.0,6494.0,https://anaconda.org/conda-forge/ydata-synthetic,2023-02-27 12:24:34.185,2025-04-22 14:58:36.339,2025-04-22 14:58:36.339000,18818.0,8.0,,,,,,2.0,,,,,,,,,,,
514,NeuralProphet,ourownstory/neural_prophet,time-series-data,,{},57.0,,6,False,neuralprophet,,,,['pytorch'],,,https://pypi.org/project/neuralprophet,97667.0,97667.0,,,,,,,,,,,,3.0,,,,,,,,,,,
515,pydlm,wwrechard/pydlm,time-series-data,,{},7.0,,6,False,pydlm,,,,,41.0,41.0,https://pypi.org/project/pydlm,54034.0,54034.0,,,,,,,,,,,,3.0,,,,,,,,,,,
516,tick,X-DataInitiative/tick,time-series-data,,{},22.0,,6,False,tick,,,,,97.0,97.0,https://pypi.org/project/tick,954.0,954.0,,,,,,,,,,,,3.0,,,,,,,,,,,
517,luminol,linkedin/luminol,time-series-data,,{},9.0,,6,False,luminol,,,,,88.0,88.0,https://pypi.org/project/luminol,2110.0,2110.0,,,,,,,,,,,,3.0,,,,,,,,,,,
518,TF Recommenders,tensorflow/recommenders,recommender-systems,,{},47.0,,6,False,tensorflow-recommenders,,,,['tensorflow'],,,https://pypi.org/project/tensorflow-recommenders,188748.0,188748.0,,,,,,,,,,,,3.0,,,,,,,,,,,
519,PySyft,OpenMined/PySyft,privacy-ml,,{},523.0,,6,False,syft,,,,['pytorch'],1.0,1.0,https://pypi.org/project/syft,11362.0,11362.0,,,,,,,,,,,,2.0,,,,,,,,,,,
520,cuGraph,rapidsai/cugraph,gpu-utilities,,{},134.0,GPU accelerated graph algorithms.,6,False,cugraph,conda-forge/libcugraph,,,,,,https://pypi.org/project/cugraph,1996.0,3178.0,https://anaconda.org/conda-forge/libcugraph,2021-04-21 14:35:45.489,2025-04-22 14:57:50.593,2025-04-22 14:57:50.593000,75650.0,2.0,,,,,,3.0,,,,,,,,,,,
521,madgrad,facebookresearch/madgrad,pytorch-utils,,{},3.0,,6,False,madgrad,,,,['pytorch'],111.0,111.0,https://pypi.org/project/madgrad,3061.0,3061.0,,,,,,,,,,,,3.0,,,,,,,,,,,
522,TensorFlow I/O,tensorflow/io,tensorflow-utils,,{},116.0,,6,False,tensorflow-io,,,,['tensorflow'],,,https://pypi.org/project/tensorflow-io,340056.0,340056.0,,,,,,,,,,,,3.0,,,,,,,,,,,
523,TensorFlow Transform,tensorflow/transform,tensorflow-utils,,{},32.0,,6,False,tensorflow-transform,,,,['tensorflow'],,,https://pypi.org/project/tensorflow-transform,142489.0,142489.0,,,,,,,,,,,,3.0,,,,,,,,,,,
524,TF Model Optimization,tensorflow/model-optimization,tensorflow-utils,,{},90.0,,6,False,tensorflow-model-optimization,,,,['tensorflow'],,,https://pypi.org/project/tensorflow-model-optimization,106001.0,106001.0,,,,,,,,,,,,3.0,,,,,,,,,,,
525,sklearn-contrib-lightning,scikit-learn-contrib/lightning,sklearn-utils,,{},17.0,"lightning is a library for large-scale linear classification, regression and ranking in Python.",6,False,sklearn-contrib-lightning,conda-forge/sklearn-contrib-lightning,,,['sklearn'],,,https://pypi.org/project/sklearn-contrib-lightning,1004.0,8404.0,https://anaconda.org/conda-forge/sklearn-contrib-lightning,2016-07-03 15:38:42.846,2025-04-22 14:56:24.858,2025-04-22 14:56:24.858000,895441.0,4.0,,,,,,3.0,,,,,,,,,,,
526,scikit-tda,scikit-tda/scikit-tda,sklearn-utils,,{},7.0,,6,False,scikit-tda,,,,['sklearn'],99.0,99.0,https://pypi.org/project/scikit-tda,1126.0,1126.0,,,,,,,,,,,,3.0,,,,,,,,,,,
527,AstroML,astroML/astroML,others,,{},31.0,Tools for machine learning and data mining in Astronomy.,6,False,astroML,conda-forge/astroml,,,['sklearn'],,,https://pypi.org/project/astroML,2099.0,4652.0,https://anaconda.org/conda-forge/astroml,2022-01-26 16:44:05.669,2025-04-22 14:56:39.232,2025-04-22 14:56:39.232000,140456.0,6.0,,,,,,3.0,,,,,,,,,,,
528,Ludwig,ludwig-ai/ludwig,ml-frameworks,,{},159.0,,5,False,ludwig,,,,['tensorflow'],,,https://pypi.org/project/ludwig,2683.0,2683.0,,,,,,,,,,,,3.0,,,,,,-4.0,,,,,
529,puncc,deel-ai/puncc,ml-frameworks,,{},7.0,,5,False,puncc,,,,,12.0,12.0,https://pypi.org/project/puncc,6715.0,6715.0,,,,,,,,,,,,3.0,,,,,,,,,,,
530,MindsDB,mindsdb/mindsdb,ml-frameworks,,{},907.0,,5,False,mindsdb,,,,['pytorch'],,,https://pypi.org/project/mindsdb,4725.0,4725.0,,,,,,,,,,,,3.0,,,,,,,,,,,
531,Neural Tangents,google/neural-tangents,ml-frameworks,,{},30.0,,5,False,neural-tangents,,,,,,,https://pypi.org/project/neural-tangents,955.0,955.0,,,,,,,,,,,,3.0,Apache-2.0,,,,,,,,,,
532,NeoML,neoml-lib/neoml,ml-frameworks,,{},41.0,,5,False,neoml,,,,,2.0,2.0,https://pypi.org/project/neoml,250.0,250.0,,,,,,,,,,,,3.0,Apache-2.0,,,,,,,,,,
533,DeepKE,zjunlp/deepke,nlp,,{},34.0,,5,False,deepke,,,,['pytorch'],25.0,25.0,https://pypi.org/project/deepke,185.0,185.0,,,,,,,,,,,,3.0,,,,,,,,,,,
534,ollama,jmorganca/ollama,agents,,{},613.0,,5,False,,,,,,71.0,71.0,,,,,,,,,,,,,,,3.0,,,,,,,,,,,
535,pytorchvideo,facebookresearch/pytorchvideo,image,,{},62.0,,5,False,pytorchvideo,,,,['pytorch'],,,https://pypi.org/project/pytorchvideo,32360.0,32360.0,,,,,,,,,,,,3.0,,,,,,,,,,,
536,kubric,google-research/kubric,image,,{},34.0,,5,False,kubric-nightly,,,,,8.0,8.0,https://pypi.org/project/kubric-nightly,1107.0,1107.0,,,,,,,,,,,,3.0,,,,,,,,,,,
537,layout-parser,Layout-Parser/layout-parser,image,,{},9.0,,5,False,layoutparser,,,,,,,https://pypi.org/project/layoutparser,223638.0,223638.0,,,,,,,,,,,,3.0,,,,,,,,,,,
538,Popmon,ing-bank/popmon,data-viz,,{},20.0,,5,False,popmon,,,,"['pandas', 'spark']",22.0,22.0,https://pypi.org/project/popmon,1977.0,1977.0,,,,,,,,,,,,3.0,,,,,,,,,,,
539,CausalNex,quantumblacklabs/causalnex,interpretability,,{},,,5,False,causalnex,,,,"['pytorch', 'sklearn']",,,https://pypi.org/project/causalnex,1625.0,1625.0,,,,,,,,,,,,3.0,Apache-2.0,,,,,,,,,,
540,Model Analysis,tensorflow/model-analysis,interpretability,,{},61.0,,5,False,tensorflow-model-analysis,,,,"['tensorflow', 'jupyter']",,,https://pypi.org/project/tensorflow-model-analysis,31172.0,31172.0,,,,,,,,,,,,3.0,,,,,,,,,,,
541,LOFO,aerdem4/lofo-importance,interpretability,,{},6.0,,5,False,lofo-importance,,,,,43.0,43.0,https://pypi.org/project/lofo-importance,1057.0,1057.0,,,,,,,,,,,,3.0,,,,,,,,,,,
542,Skater,oracle/Skater,interpretability,,{},,Python Library for Model Agnostic Interpretation.,5,False,skater,conda-forge/skater,,,,,,https://pypi.org/project/skater,232.0,3830.0,https://anaconda.org/conda-forge/skater,2020-07-05 18:35:27.012,2025-11-03 16:10:36.918,2025-11-03 16:10:36.918000,262717.0,2.0,,,,,,3.0,,,,,,,,,,,
543,XAI,EthicalML/xai,interpretability,,{},3.0,,5,False,xai,,,,,45.0,45.0,https://pypi.org/project/xai,830.0,830.0,,,,,,,,,,,,3.0,,,,,,,,,,,
544,DiCE,interpretml/DiCE,interpretability,,{},23.0,,5,False,dice-ml,,,,"['tensorflow', 'pytorch']",,,https://pypi.org/project/dice-ml,40395.0,40395.0,,,,,,,,,,,,3.0,,,,,,,,,,,
545,deepsnap,snap-stanford/deepsnap,graph,,{},18.0,,5,False,deepsnap,,,,,134.0,134.0,https://pypi.org/project/deepsnap,376.0,376.0,,,,,,,,,,,,3.0,,,,,,,,,,,
546,pygraphistry,graphistry/pygraphistry,graph,,{},53.0,,5,False,graphistry,,,,['jupyter'],,,https://pypi.org/project/graphistry,8971.0,8971.0,,,,,,,,,,,,3.0,,,,,,,,,,,
547,FinQuant,fmilthaler/FinQuant,financial-data,,{},7.0,,5,False,FinQuant,,,,,100.0,100.0,https://pypi.org/project/FinQuant,593.0,593.0,,,,,,,,,,,,3.0,,,,,,,,,,,
548,Neuraxle,Neuraxio/Neuraxle,hyperopt,,{},9.0,,5,False,neuraxle,,,,,69.0,69.0,https://pypi.org/project/neuraxle,152.0,152.0,,,,,,,,,,,,3.0,,,,,,,,,,,
549,TF-Agents,tensorflow/agents,reinforcement-learning,,{},155.0,,5,False,tf-agents,,,,['tensorflow'],,,https://pypi.org/project/tf-agents,7533.0,7533.0,,,,,,,,,,,,3.0,,,,,,,,,,,
550,Fiber,uber/fiber,distributed-ml,,{},5.0,,5,False,fiber,,,,,96.0,96.0,https://pypi.org/project/fiber,183.0,183.0,,,,,,,,,,,,3.0,,,,,,,,,,,
551,N2,kakao/n2,nn-search,,{},22.0,,5,False,n2,,,,,40.0,40.0,https://pypi.org/project/n2,171.0,171.0,,,,,,,,,,,,3.0,,,,,,,,,,,
552,TF Ranking,tensorflow/ranking,recommender-systems,,{},36.0,,5,False,tensorflow_ranking,,,,['tensorflow'],,,https://pypi.org/project/tensorflow_ranking,56199.0,56199.0,,,,,,,,,,,,3.0,,,,,,,,,,,
553,recmetrics,statisticianinstilettos/recmetrics,recommender-systems,,{},20.0,,5,False,recmetrics,,,,,64.0,64.0,https://pypi.org/project/recmetrics,365.0,365.0,,,,,,,,,,,,3.0,,,,,,,,,,,
554,TimeSide,Parisson/TimeSide,audio,,{},23.0,,5,False,TimeSide,,,,,20.0,20.0,https://pypi.org/project/TimeSide,414.0,414.0,,,,,,,,,,,,3.0,,,,,,,,,,,
555,PipelineDP,OpenMined/PipelineDP,privacy-ml,,{},35.0,,5,False,pipeline-dp,,,,,17.0,17.0,https://pypi.org/project/pipeline-dp,255.0,255.0,,,,,,,,,,,,3.0,,,,,,,,,,,
556,TensorFlow Privacy,tensorflow/privacy,privacy-ml,,{},62.0,,5,False,tensorflow-privacy,,,,['tensorflow'],,,https://pypi.org/project/tensorflow-privacy,14462.0,14462.0,,,,,,,,,,,,3.0,,,,,,,,,,,
557,Merlin,NVIDIA-Merlin/Merlin,gpu-utilities,,{},32.0,,5,False,merlin-core,,,,,,,https://pypi.org/project/merlin-core,36633.0,36633.0,,,,,,,,,,,,3.0,,,,,,,,,,,
558,AdaBound,Luolc/AdaBound,pytorch-utils,,{},2.0,,5,False,adabound,,,,['pytorch'],233.0,233.0,https://pypi.org/project/adabound,977.0,977.0,,,,,,,,,,,,3.0,,,,,,,,,,,
559,Poutyne,GRAAL-Research/poutyne,pytorch-utils,,{},23.0,,5,False,poutyne,,,,['pytorch'],,,https://pypi.org/project/poutyne,34890.0,34890.0,,,,,,,,,,,,3.0,,,,,,,,,,,
560,facenet-pytorch,timesler/facenet-pytorch,pytorch-utils,,{},18.0,,5,False,facenet-pytorch,,,,['pytorch'],,,https://pypi.org/project/facenet-pytorch,144777.0,144777.0,,,,,,,,,,,,3.0,,,,,,,,,,,
561,TensorFlow Cloud,tensorflow/cloud,tensorflow-utils,,{},30.0,,5,False,tensorflow-cloud,,,,['tensorflow'],,,https://pypi.org/project/tensorflow-cloud,29675.0,29675.0,,,,,,,,,,,,3.0,,,,,,,,,,,
562,evojax,google/evojax,jax-utils,,{},14.0,EvoJAX: Hardware-accelerated Neuroevolution.,5,False,evojax,conda-forge/evojax,,,['jax'],,,https://pypi.org/project/evojax,649.0,1667.0,https://anaconda.org/conda-forge/evojax,2022-02-14 16:32:21.864,2025-04-22 14:58:11.525,2025-04-22 14:58:11.525000,55014.0,20.0,,,,,,3.0,,,,,,,,,,,
563,pymdp,infer-actively/pymdp,others,,{},37.0,,5,False,inferactively-pymdp,,,,,,,https://pypi.org/project/inferactively-pymdp,21307.0,21307.0,,,,,,,,,,,,3.0,,,,,,,,,,,
564,awesome-machine-learning,josephmisiti/awesome-machine-learning,data-science,,{},736.0,,4,False,,,,,,23.0,23.0,,,,,,,,,,,,,,,1.0,,,,,,,,,,,
565,awesome-quant,wilsonfreitas/awesome-quant,data-science,,{},304.0,,4,False,,,,,,24.0,24.0,,,,,,,,,,,,,,,1.0,,,,,,,,,,,
566,Neural Network Libraries,sony/nnabla,ml-frameworks,,{},76.0,,4,False,nnabla,,,,,,,https://pypi.org/project/nnabla,1616.0,1616.0,,,,,,,,,,,,3.0,,,,,,,,,,,
567,ivis,beringresearch/ivis,ml-frameworks,,{},10.0,,4,False,ivis,,,,,41.0,41.0,https://pypi.org/project/ivis,376.0,376.0,,,,,,,,,,,,3.0,,,,,,,,,,,
568,finetune,IndicoDataSolutions/finetune,nlp,,{},25.0,,4,False,finetune,,,,"['tensorflow', 'sklearn']",16.0,16.0,https://pypi.org/project/finetune,82.0,82.0,,,,,,,,,,,,3.0,,,,,,,,,,,
569,deep-daze,lucidrains/deep-daze,image,,{},14.0,,4,False,deep-daze,,,,,56.0,56.0,https://pypi.org/project/deep-daze,132.0,132.0,,,,,,,,,,,,3.0,,,,,,,,,,,
570,PaddleDetection,PaddlePaddle/PaddleDetection,image,,{},188.0,,4,False,paddledet,,,,['paddle'],,,https://pypi.org/project/paddledet,698.0,698.0,,,,,,,,,,,,3.0,,,,,,,,,,,
571,attention-ocr,emedvedev/attention-ocr,ocr,,{},28.0,,4,False,aocr,,,,['tensorflow'],32.0,32.0,https://pypi.org/project/aocr,57.0,57.0,,,,,,,,,,,,3.0,,,,,,,,,,,
572,calamari,Calamari-OCR/calamari,ocr,,{},23.0,,4,False,calamari_ocr,,,,,,,https://pypi.org/project/calamari_ocr,2357.0,2357.0,,,,,,,,,,,,3.0,,,,,,,,,,,
573,responsible-ai-toolbox,microsoft/responsible-ai-toolbox,interpretability,,{},46.0,,4,False,raiwidgets,,,,"['pytorch', 'tensorflow', 'jupyter']",,,https://pypi.org/project/raiwidgets,5140.0,5140.0,,,,,,,,,,,,3.0,,,,,,,,,,,
574,ecco,jalammar/ecco,interpretability,,{},12.0,Visualization tools for NLP machine learning models.,4,False,ecco,conda-forge/ecco,,,['pytorch'],,,https://pypi.org/project/ecco,246.0,412.0,https://anaconda.org/conda-forge/ecco,2021-12-30 22:13:55.932,2025-04-22 14:58:08.015,2025-04-22 14:58:08.015000,9311.0,3.0,,,,,,3.0,,,,,,,,,,,
575,pytorch_geometric_temporal,benedekrozemberczki/pytorch_geometric_temporal,graph,,{},40.0,,4,False,torch-geometric-temporal,,,,['pytorch'],,,https://pypi.org/project/torch-geometric-temporal,2796.0,2796.0,,,,,,,,,,,,3.0,,,,,,,,,,,
576,Test Tube,williamFalcon/test-tube,hyperopt,,{},16.0,,4,False,test_tube,,,,,,,https://pypi.org/project/test_tube,20595.0,20595.0,,,,,,,,,,,,3.0,,,,,,,,,,,
577,rliable,google-research/rliable,reinforcement-learning,,{},9.0,,4,False,rliable,,,,,,,https://pypi.org/project/rliable,9210.0,9210.0,,,,,,,,,,,,3.0,,,,,,,,,,,
578,TensorLayerx,tensorlayer/tensorlayerx,reinforcement-learning,,{},13.0,,4,False,tensorlayerx,,,,['tensorflow'],31.0,31.0,https://pypi.org/project/tensorlayerx,355.0,355.0,,,,,,,,,,,,3.0,,,,,,,,,,,
579,BigDL,intel-analytics/BigDL,distributed-ml,,{},125.0,,4,False,bigdl,,,,,,,https://pypi.org/project/bigdl,1544.0,1544.0,,,,,,,,,,,,3.0,,,,,,,,,,com.intel.analytics.bigdl:bigdl-SPARK_2.4,https://search.maven.org/artifact/com.intel.analytics.bigdl/bigdl-SPARK_2.4
580,BytePS,bytedance/byteps,distributed-ml,,{},21.0,,4,False,byteps,,bytepsimage/tensorflow,,,,,https://pypi.org/project/byteps,83.0,83.0,,,,2020-03-03 02:33:23.358610,,,https://hub.docker.com/r/bytepsimage/tensorflow,2020-03-03 02:33:23.358610,,,2166.0,3.0,Apache-2.0,,,,,,,,,,
581,parallelformers,tunib-ai/parallelformers,distributed-ml,,{},5.0,,4,False,parallelformers,,,,,75.0,75.0,https://pypi.org/project/parallelformers,60.0,60.0,,,,,,,,,,,,3.0,,,,,,,,,,,
582,launchpad,deepmind/launchpad,distributed-ml,,{},28.0,,4,False,dm-launchpad,,,,['tensorflow'],,,https://pypi.org/project/dm-launchpad,1206.0,1206.0,,,,,,,,,,,,3.0,,,,,,,,,,,
583,pytorch_tabular,manujosephv/pytorch_tabular,tabular,,{},29.0,,4,False,pytorch_tabular,,,,['pytorch'],,,https://pypi.org/project/pytorch_tabular,7404.0,7404.0,,,,,,,,,,,,3.0,,,,,,,,,,,
584,NGT,yahoojapan/NGT,nn-search,,{},22.0,,4,False,ngt,,,,,,,https://pypi.org/project/ngt,4327.0,4327.0,,,,,,,,,,,,3.0,,,,,,,,,,,
585,ArrayFire,arrayfire/arrayfire,gpu-utilities,,{},97.0,,4,False,arrayfire,,,,,,,https://pypi.org/project/arrayfire,3709.0,3709.0,,,,,,,,,,,,3.0,,,,,,,,,,,
586,cuML,rapidsai/cuml,gpu-utilities,,{},205.0,,4,False,cuml,,,,,,,https://pypi.org/project/cuml,853.0,853.0,,,,,,,,,,,,3.0,,,,,,,,,,,
587,textflint,textflint/textflint,adversarial,,{},18.0,,4,False,textflint,,,,,21.0,21.0,https://pypi.org/project/textflint,248.0,248.0,,,,,,,,,,,,3.0,,,,,,,,,,,
588,tinygrad,geohot/tinygrad,pytorch-utils,,{},495.0,,4,False,,,,,['pytorch'],23.0,23.0,,,,,,,,,,,,,,,3.0,,,,,,,,,,,
589,Higher,facebookresearch/higher,pytorch-utils,,{},8.0,,4,False,higher,,,,['pytorch'],,,https://pypi.org/project/higher,12036.0,12036.0,,,,,,,,,,,,3.0,,,,,,,,,,,
590,TF Compression,tensorflow/compression,tensorflow-utils,,{},26.0,,4,False,tensorflow-compression,,,,['tensorflow'],,,https://pypi.org/project/tensorflow-compression,1536.0,1536.0,,,,,,,,,,,,3.0,,,,,,,,,,,
591,dabl,dabl/dabl,sklearn-utils,,{},24.0,,4,False,dabl,,,,['sklearn'],,,https://pypi.org/project/dabl,1615.0,1615.0,,,,,,,,,,,,3.0,,,,,,,,,,,
592,Mars,mars-project/mars,others,,{},53.0,,4,False,pymars,,,,,,,https://pypi.org/project/pymars,6312.0,6312.0,,,,,,,,,,,,3.0,,,,,,,,,,,
593,PaddleHub,PaddlePaddle/PaddleHub,others,,{},70.0,,4,False,paddlehub,,,,['paddle'],,,https://pypi.org/project/paddlehub,2405.0,2405.0,,,,,,,,,,,,3.0,,,,,,,,,,,
594,Towhee,towhee-io/towhee,others,,{},38.0,,4,False,towhee,,,,,,,https://pypi.org/project/towhee,1147.0,1147.0,,,,,,,,,,,,3.0,,,,,,,,,,,
595,pykale,pykale/pykale,others,,{},31.0,,4,False,pykale,,,,['pytorch'],7.0,7.0,https://pypi.org/project/pykale,259.0,259.0,,,,,,,,,,,,3.0,,,,,,,,,,,
596,awesome-python-data-science,krzjoa/awesome-python-data-science,data-science,,{},39.0,,3,False,,,,,,10.0,10.0,,,,,,,,,,,,,,,2.0,,,,,,,,,,,
597,Machine-Learning-Tutorials,ujjwalkarn/Machine-Learning-Tutorials,data-science,,{},34.0,,3,False,,,,,,23.0,23.0,,,,,,,,,,,,,,,2.0,,,,,,,,,,,
598,ML in production,eugeneyan/applied-ml,data-science,,{},53.0,,3,False,,,,,,24.0,24.0,,,,,,,,,,,,,,,2.0,,,,,,,,,,,
599,VizSeq,facebookresearch/vizseq,nlp,,{},5.0,,3,False,vizseq,,,,,13.0,13.0,https://pypi.org/project/vizseq,119.0,119.0,,,,,,,,,,,,3.0,,,,,,,,,,,
600,Texthero,jbesomi/texthero,nlp,,{},21.0,,3,False,texthero,,,,,,,https://pypi.org/project/texthero,1016.0,1016.0,,,,,,,,,,,,3.0,,,,,,,,,,,
601,fast-bert,utterworks/fast-bert,nlp,,{},37.0,,3,False,fast-bert,,,,,,,https://pypi.org/project/fast-bert,157.0,157.0,,,,,,,,,,,,3.0,,,,,,,,,,,
602,Sockeye,awslabs/sockeye,nlp,,{},61.0,,3,False,sockeye,,,,['pytorch'],,,https://pypi.org/project/sockeye,314.0,314.0,,,,,,,,,,,,3.0,,,,,,,,,,,
603,Caer,jasmcaus/caer,image,,{},8.0,"A lightweight Computer Vision library. Scale your models, not boilerplate.",3,False,caer,,,https://caer.rtfd.io,,,,https://pypi.org/project/caer,2116.0,2116.0,,,,,,,,,,,,3.0,,,,,,,,,,,
604,vissl,facebookresearch/vissl,image,,{},38.0,,3,False,vissl,,,,['pytorch'],,,https://pypi.org/project/vissl,321.0,321.0,,,,,,,,,,,,3.0,,,,,,,,,,,
605,PySlowFast,facebookresearch/SlowFast,image,,{},39.0,,3,False,pyslowfast,,,,['pytorch'],23.0,23.0,https://pypi.org/project/pyslowfast,19.0,19.0,,,,,,,,,,,,3.0,,,,,,,,,,,
606,DE⫶TR,facebookresearch/detr,image,,{},27.0,,3,False,,,,,['pytorch'],24.0,24.0,,,,,,,,,,,,,,,3.0,,,,,,,,,,,
607,sklearn-evaluation,edublancas/sklearn-evaluation,interpretability,,{},19.0,,3,False,sklearn-evaluation,,,,['sklearn'],,,https://pypi.org/project/sklearn-evaluation,1797.0,1797.0,,,,,,,,,,,,3.0,,,,,,,,,,,
608,fairness-indicators,tensorflow/fairness-indicators,interpretability,,{},39.0,,3,False,fairness-indicators,,,,"['tensorflow', 'jupyter']",,,https://pypi.org/project/fairness-indicators,755.0,755.0,,,,,,,,,,,,3.0,,,,,,,,,,,
609,model-card-toolkit,tensorflow/model-card-toolkit,interpretability,,{},22.0,,3,False,model-card-toolkit,,,,,,,https://pypi.org/project/model-card-toolkit,375.0,375.0,,,,,,,,,,,,3.0,,,,,,,,,,,
610,Anchor,marcotcr/anchor,interpretability,,{},10.0,,3,False,anchor_exp,,,,,,,https://pypi.org/project/anchor_exp,1214.0,1214.0,,,,,,,,,,,,3.0,,,,,,,,,,,
611,GraphVite,DeepGraphLearning/graphvite,graph,,{},,A general and high-performance graph embedding system for various applications.,3,False,,milagraph/graphvite,,,,,,,,66.0,https://anaconda.org/milagraph/graphvite,2019-08-05 06:16:49.612,2025-03-25 16:27:49.968,2025-03-25 16:27:49.968000,5601.0,4.0,,,,,,3.0,,,,,,,,,,,
612,PyTorch-BigGraph,facebookresearch/PyTorch-BigGraph,graph,,{},32.0,,3,False,torchbiggraph,,,,['pytorch'],,,https://pypi.org/project/torchbiggraph,911.0,911.0,,,,,,,,,,,,3.0,,,,,,,,,,,
613,DIG,divelab/DIG,graph,,{},50.0,,3,False,dig,,,,,,,https://pypi.org/project/dig,383.0,383.0,,,,,,,,,,,,3.0,,,,,,,,,,,
614,tf-quant-finance,google/tf-quant-finance,financial-data,,{},49.0,,3,False,tf-quant-finance,,,,['tensorflow'],,,https://pypi.org/project/tf-quant-finance,1033.0,1033.0,,,,,,,,,,,,3.0,,,,,,,,,,,
615,AdaNet,tensorflow/adanet,hyperopt,,{},27.0,,3,False,adanet,,,,['tensorflow'],,,https://pypi.org/project/adanet,419.0,419.0,,,,,,,,,,,,3.0,,,,,,,,,,,
616,Auto Tune Models,HDI-Project/ATM,hyperopt,,{},17.0,,3,False,atm,,,,,26.0,26.0,https://pypi.org/project/atm,117.0,117.0,,,,,,,,,,,,3.0,,,,,,,,,,,
617,AlphaPy,ScottfreeLLC/AlphaPy,hyperopt,,{},5.0,,3,False,alphapy,,,,,11.0,11.0,https://pypi.org/project/alphapy,90.0,90.0,,,,,,,,,,,,3.0,,,,,,,,,,,
618,chitra,gradsflow/chitra,ml-experiments,,{},14.0,A multi functional library for full stack Deep Learning.,3,False,chitra,conda-forge/chitra,,,,,,https://pypi.org/project/chitra,90.0,223.0,https://anaconda.org/conda-forge/chitra,2022-01-13 13:30:34.982,2025-04-22 14:58:08.672,2025-04-22 14:58:08.672000,7361.0,1.0,,,,,,3.0,,,,,,,,,,,
619,Studio.ml,studioml/studio,ml-experiments,,{},24.0,,3,False,studioml,,,,,8.0,8.0,https://pypi.org/project/studioml,137.0,137.0,,,,,,,,,,,,3.0,,,,,,,,,,,
620,MONAILabel,Project-MONAI/MONAILabel,medical-data,,{},73.0,,3,False,monailabel-weekly,,,,,,,https://pypi.org/project/monailabel-weekly,195.0,195.0,,,,,,,,,,,,3.0,,,,,,,,,,,
621,mesh-transformer-jax,kingoflolz/mesh-transformer-jax,distributed-ml,,{},23.0,,3,False,,,,,['jax'],23.0,23.0,,,,,,,,,,,,,,,3.0,,,,,,,,,,,
622,Spotlight,maciejkula/spotlight,recommender-systems,,{},11.0,,3,False,,maciejkula/spotlight,,,['pytorch'],,,,,88.0,https://anaconda.org/maciejkula/spotlight,2017-06-28 21:27:28.858,2025-03-25 16:28:52.378,2025-03-25 16:28:52.378000,9707.0,6.0,,,,,,3.0,,,,,,,,,,,
623,Case Recommender,caserec/CaseRecommender,recommender-systems,,{},11.0,,3,False,caserecommender,,,,['sklearn'],15.0,15.0,https://pypi.org/project/caserecommender,78.0,78.0,,,,,,,,,,,,3.0,,,,,,,,,,,
624,TTS,mozilla/TTS,audio,,{},56.0,,3,False,,,,,,24.0,24.0,,,,,,,,,,,,,,,3.0,,,,,,,,,,,
625,Larq Compute Engine,larq/compute-engine,model-serialisation,,{},19.0,,3,False,larq-compute-engine,,,,,11.0,11.0,https://pypi.org/project/larq-compute-engine,126.0,126.0,,,,,,,,,,,,3.0,,,,,,,,,,,
626,ml-ane-transformers,apple/ml-ane-transformers,model-serialisation,,{},,,3,False,ane-transformers,,,,['pytorch'],,,https://pypi.org/project/ane-transformers,2104.0,2104.0,,,,,,,,,,,,3.0,,,,,,,,,,,
627,CrypTen,facebookresearch/CrypTen,privacy-ml,,{},40.0,,3,False,crypten,,,,['pytorch'],,,https://pypi.org/project/crypten,342.0,342.0,,,,,,,,,,,,3.0,,,,,,,,,,,
628,DALI,NVIDIA/DALI,gpu-utilities,,{},104.0,,3,False,,,,,,,,,,,,,,,,,,,,,,3.0,Apache-2.0,,,,,,,,,,
629,BlazingSQL,BlazingDB/blazingsql,gpu-utilities,,{},50.0,,3,False,,blazingsql/blazingsql-protocol,,,,,,,,14.0,https://anaconda.org/blazingsql/blazingsql-protocol,2019-09-13 21:17:37.888,2025-03-25 16:26:10.601,2025-03-25 16:26:10.601000,1168.0,5.0,,,,,,3.0,,,,,,,,,,,
630,torch-uncertainty,ENSTA-U2IS-AI/torch-uncertainty,probabilistics,,{},20.0,,3,False,torch-uncertainty,,,,,,,https://pypi.org/project/torch-uncertainty,1972.0,1972.0,,,,,,,,,,,,3.0,,,,,,,,,,,
631,Performer Pytorch,lucidrains/performer-pytorch,pytorch-utils,,{},6.0,,3,False,performer-pytorch,,,,['pytorch'],,,https://pypi.org/project/performer-pytorch,5331.0,5331.0,,,,,,,,,,,,3.0,,,,,,,,,,,
632,Pytorch Toolbelt,BloodAxe/pytorch-toolbelt,pytorch-utils,,{},9.0,,3,False,pytorch_toolbelt,,,,['pytorch'],,,https://pypi.org/project/pytorch_toolbelt,6328.0,6328.0,,,,,,,,,,,,3.0,,,,,,,,,,,
633,Torch-Struct,harvardnlp/pytorch-struct,pytorch-utils,,{},16.0,,3,False,torch-struct,,,,['pytorch'],,,https://pypi.org/project/torch-struct,5239.0,5239.0,,,,,,,,,,,,3.0,,,,,,,,,,,
634,DESlib,scikit-learn-contrib/DESlib,sklearn-utils,,{},18.0,,3,False,deslib,,,,['sklearn'],,,https://pypi.org/project/deslib,1600.0,1600.0,,,,,,,,,,,,3.0,,,,,,,,,,,
635,Image Super-Resolution,idealo/image-super-resolution,image,,{},11.0,Implementation of RDN for image super resolution.,2,False,ISR,,idealo/image-super-resolution-gpu,,['tensorflow'],,,https://pypi.org/project/ISR,1528.0,1528.0,,,,2019-04-01 13:48:45.697251,,,https://hub.docker.com/r/idealo/image-super-resolution-gpu,2019-04-01 13:48:45.697251,1.0,1.0,1136.0,3.0,,,,,,,,,,,
636,Brainiak,brainiak/brainiak,medical-data,,{},37.0,,2,False,brainiak,,brainiak/brainiak,,,,,https://pypi.org/project/brainiak,743.0,743.0,,,,2025-01-07 00:51:13.258034,,,https://hub.docker.com/r/brainiak/brainiak,2025-01-07 00:51:13.258034,1.0,1.0,2880.0,3.0,,,,,,,,,,,
637,awesome-datascience,academic/awesome-datascience,data-science,,{},334.0,,2,False,,,,,,,,,,,,,,,,,,,,,,2.0,,,,,,,,,,,
638,awesome-semantic-segmentation,mrgloom/awesome-semantic-segmentation,data-science,,{},16.0,,2,False,,,,,,23.0,23.0,,,,,,,,,,,,,,,2.0,,,,,,,,,,,
639,Awesome-LLMOps,tensorchord/Awesome-LLMOps,data-science,,{},150.0,,2,False,,,,,,,,,,,,,,,,,,,,,,2.0,,,,,,,,,,,
640,awesome-public-datasets,awesomedata/awesome-public-datasets,data-science,,{},167.0,,2,False,,,,,,,,,,,,,,,,,,,,,,2.0,,,,,,,,,,,
641,larq,larq/larq,ml-frameworks,,{},20.0,,2,False,larq,,,,['tensorflow'],,,https://pypi.org/project/larq,982.0,982.0,,,,,,,,,,,,3.0,,,,,,,,,,,
642,EvaDB,georgia-tech-db/eva,ml-frameworks,,{},72.0,,2,False,evadb,,,,['pytorch'],,,https://pypi.org/project/evadb,144.0,144.0,,,,,,,,,,,,3.0,,,,,,,,,,,
643,runhouse,run-house/runhouse,ml-frameworks,,{},20.0,,2,False,runhouse,,,,,,,https://pypi.org/project/runhouse,435.0,435.0,,,,,,,,,,,,3.0,,,,,,,,,,,
644,nebuly,nebuly-ai/nebuly,nlp,,{},,,2,False,nebuly,,,,,,,https://pypi.org/project/nebuly,274.0,274.0,,,,,,,,,,,,3.0,,,,,,,,,,,
645,lightseq,bytedance/lightseq,nlp,,{},19.0,,2,False,lightseq,,,,,,,https://pypi.org/project/lightseq,464.0,464.0,,,,,,,,,,,,3.0,,,,,,,,,,,
646,NeuralCompression,facebookresearch/NeuralCompression,image,,{},10.0,,2,False,neuralcompression,,,,,,,https://pypi.org/project/neuralcompression,177.0,177.0,,,,,,,,,,,,3.0,,,,,,,,,,,
647,nude.py,hhatto/nude.py,image,,{},12.0,,2,False,nudepy,,,,,,,https://pypi.org/project/nudepy,291.0,291.0,,,,,,,,,,,,3.0,,,,,,,,,,,
648,FlashTorch,MisaOgura/flashtorch,interpretability,,{},2.0,,2,False,flashtorch,,,,['pytorch'],23.0,23.0,https://pypi.org/project/flashtorch,49.0,49.0,,,,,,,,,,,,3.0,,,,,,,,,,,
649,bias-detector,intuit/bias-detector,interpretability,,{},4.0,,2,False,bias-detector,,,,,4.0,4.0,https://pypi.org/project/bias-detector,46.0,46.0,,,,,,,,,,,,3.0,,,,,,,,,,,
650,ExplainX.ai,explainX/explainx,interpretability,,{},6.0,,2,False,explainx,,,,,7.0,7.0,https://pypi.org/project/explainx,34.0,34.0,,,,,,,,,,,,3.0,,,,,,,,,,,
651,pyRDF2Vec,IBCNServices/pyRDF2Vec,graph,,{},7.0,Python Implementation and Extension of RDF2Vec.,2,False,pyrdf2vec,,,,,,,https://pypi.org/project/pyrdf2vec,175.0,175.0,,,,,,,,,,,,3.0,,,,,,,,,,,
652,graph4nlp,graph4ai/graph4nlp,graph,,{},29.0,,2,False,graph4nlp,,,,['pytorch'],,,https://pypi.org/project/graph4nlp,82.0,82.0,,,,,,,,,,,,3.0,,,,,,,,,,,
653,finmarketpy,cuemacro/finmarketpy,financial-data,,{},19.0,,2,False,finmarketpy,,,,,,,https://pypi.org/project/finmarketpy,505.0,505.0,,,,,,,,,,,,3.0,,,,,,,,,,,
654,opytimizer,gugarosa/opytimizer,hyperopt,,{},4.0,,2,False,opytimizer,,,,,,,https://pypi.org/project/opytimizer,711.0,711.0,,,,,,,,,,,,3.0,,,,,,,,,,,
655,datmo,datmo/datmo,ml-experiments,,{},6.0,,2,False,datmo,,,,,7.0,7.0,https://pypi.org/project/datmo,25.0,25.0,,,,,,,,,,,,3.0,,,,,,,,,,,
656,azureml-examples,Azure/azureml-examples,ml-experiments,,{},285.0,,2,False,,,,,,,,,,,,,,,,,,,,,,3.0,,,,,,,,,,,
657,Pearl,facebookresearch/Pearl,reinforcement-learning,,{},54.0,,2,False,pearl,,,,,,,https://pypi.org/project/pearl,66.0,66.0,,,,,,,,,,,,3.0,,,,,,,,,,,
658,Maze,enlite-ai/maze,reinforcement-learning,,{},3.0,Maze is an application-oriented deep reinforcement learning framework.,2,False,maze-rl,,enliteai/maze,,['pytorch'],,,https://pypi.org/project/maze-rl,48.0,48.0,,,,2025-11-21 11:11:16.871310,,,https://hub.docker.com/r/enliteai/maze,2025-11-21 11:11:16.871310,,,1374.0,3.0,Custom,,,,,,,,,,
659,DeepNeuro,QTIM-Lab/DeepNeuro,medical-data,,{},6.0,,2,False,deepneuro,,,,,3.0,3.0,https://pypi.org/project/deepneuro,33.0,33.0,,,,,,,,,,,,3.0,,,,,,,,,,,
660,MedicalNet,Tencent/MedicalNet,medical-data,,{},,,2,False,,,,,,,,,,,,,,,,,,,,,,3.0,MIT,,,,,,,,,,
661,bluefog,Bluefog-Lib/bluefog,distributed-ml,,{},9.0,,2,False,bluefog,,,,['pytorch'],5.0,5.0,https://pypi.org/project/bluefog,23.0,23.0,,,,,,,,,,,,3.0,,,,,,,,,,,
662,luminaire,zillow/luminaire,time-series-data,,{},11.0,,2,False,luminaire,,,,,5.0,5.0,https://pypi.org/project/luminaire,106.0,106.0,,,,,,,,,,,,3.0,,,,,,,,,,,
663,OpenRec,ylongqi/openrec,recommender-systems,,{},11.0,,2,False,openrec,,,,,5.0,5.0,https://pypi.org/project/openrec,35.0,35.0,,,,,,,,,,,,3.0,,,,,,,,,,,
664,tts-generation-webui,rsxdalv/tts-generation-webui,audio,,{},15.0,,2,False,,,,,,11.0,11.0,,,,,,,,,,,,,,,3.0,,,,,,,,,,,
665,modelkit,Cornerstone-OnDemand/modelkit,model-serialisation,,{},14.0,,2,False,modelkit,,,,,,,https://pypi.org/project/modelkit,464.0,464.0,,,,,,,,,,,,3.0,,,,,,,,,,,
666,benchmark_VAE,clementchadebec/benchmark_VAE,pytorch-utils,,{},18.0,,2,False,,,,,['pytorch'],41.0,41.0,,,,,,,,,,,,,,,3.0,,,,,,,,,,,
667,jaxdf,ucl-bug/jaxdf,jax-utils,,{},4.0,,2,False,,,,,['jax'],13.0,13.0,,,,,,,,,,,,,,,3.0,,,,,,,,,,,
668,best-of-ml-python,ml-tooling/best-of-ml-python,data-science,,{},57.0,,1,False,,,,,,,,,,,,,,,,,,,,,,3.0,,,,,,,,,,,
669,awesome-agents,kyrolabs/awesome-agents,data-science,,{},124.0,,1,False,,,,,,,,,,,,,,,,,,,,,,3.0,,,,,,,,,,,
670,awesome-ai-agents,e2b-dev/awesome-ai-agents,data-science,,{},59.0,,1,False,,,,,,,,,,,,,,,,,,,,,,3.0,,,,,,,,,,,
671,awesome_time_series_in_python,MaxBenChrist/awesome_time_series_in_python,data-science,,{},23.0,,1,False,,,,,,,,,,,,,,,,,,,,,,3.0,,,,,,,,,,,
672,Awesome-LLM,Hannibal046/Awesome-LLM,data-science,,{},134.0,,1,False,,,,,,,,,,,,,,,,,,,,,,3.0,,,,,,,,,,,
673,mace,XiaoMi/mace,ml-frameworks,,{},69.0,,1,False,,,,,,,,,,,,,,,,,,,,,,3.0,,,,,,,,,,,
674,scenic,google-research/scenic,image,,{},100.0,,1,False,,,,,['jax'],,,,,,,,,,,,,,,,,3.0,,,,,,,,,,,
675,interpret-text,interpretml/interpret-text,interpretability,,{},18.0,,1,False,interpret-text,,,,['jupyter'],,,https://pypi.org/project/interpret-text,66.0,66.0,,,,,,,,,,,,3.0,,,,,,,,,,,
676,Attribution Priors,suinleelab/attributionpriors,interpretability,,{},6.0,,1,False,attributionpriors,,,,"['tensorflow', 'pytorch']",7.0,7.0,https://pypi.org/project/attributionpriors,15.0,15.0,,,,,,,,,,,,3.0,,,,,,,,,,,
677,typedb-ml,vaticle/typedb-ml,graph,,{},13.0,,1,False,typedb-ml,,,,,,,https://pypi.org/project/typedb-ml,21.0,21.0,,,,,,,,,,,,3.0,,,,,,,,,,,
678,HyperparameterHunter,HunterMcGushion/hyperparameter_hunter,hyperopt,,{},4.0,,1,False,hyperparameter-hunter,,,,,,,https://pypi.org/project/hyperparameter-hunter,57.0,57.0,,,,,,,,,,,,3.0,,,,,,,,,,,
679,Auptimizer,LGE-ARC-AdvancedAI/auptimizer,hyperopt,,{},11.0,,1,False,auptimizer,,,,,,,https://pypi.org/project/auptimizer,69.0,69.0,,,,,,,,,,,,3.0,,,,,,,,,,,
680,MMLSpark,microsoft/SynapseML,distributed-ml,,{},133.0,,1,False,mmlspark,,,,['spark'],,,https://pypi.org/project/mmlspark,,,,,,,,,,,,,,3.0,,,,,,,,,,,
681,Collie,ShopRunner/collie,recommender-systems,,{},,,1,False,collie,,,,['pytorch'],,,https://pypi.org/project/collie,80.0,80.0,,,,,,,,,,,,3.0,,,,,,,,,,,
682,rs_metrics,Darel13712/rs_metrics,recommender-systems,,{},,,1,False,rs_metrics,,,,,,,https://pypi.org/project/rs_metrics,29.0,29.0,,,,,,,,,,,,3.0,,,,,,,,,,,
683,backprop,backprop-ai/backprop,model-serialisation,,{},8.0,,1,False,backprop,,,,,,,https://pypi.org/project/backprop,101.0,101.0,,,,,,,,,,,,3.0,,,,,,,,,,,
684,KD-Lib,SforAiDl/KD_Lib,pytorch-utils,,{},6.0,,1,False,KD-Lib,,,,['pytorch'],,,https://pypi.org/project/KD-Lib,62.0,62.0,,,,,,,,,,,,3.0,,,,,,,,,,,
685,pandas-ai,gventuri/pandas-ai,others,,{},112.0,,1,False,pandas-ai,,,,,,,https://pypi.org/project/pandas-ai,,,,,,,,,,,,,,3.0,,,,,,,,,,,
686,StreamAlert,airbnb/streamalert,others,,{},33.0,,1,False,,,,,,,,,,,,,,,,,,,,,,3.0,,,,,,,,,,,
687,awesome-time-series,lmmentel/awesome-time-series,data-science,,{},14.0,,0,False,,,,,,,,,,,,,,,,,,,,,,,,,,,,,,,,,
688,Data-science,khuyentran1401/Data-science,data-science,,{},8.0,,0,False,,,,,,,,,,,,,,,,,,,,,,,,,,,,,,,,,
689,datascience,r0f1/datascience,data-science,,{},20.0,,0,False,,,,,,,,,,,,,,,,,,,,,,,,,,,,,,,,,
690,Production-Level-Deep-Learning,alirezadir/Production-Level-Deep-Learning,data-science,,{},11.0,,0,False,,,,,,,,,,,,,,,,,,,,,,,,,,,,,,,,,
691,kaggle-solutions,faridrashidi/kaggle-solutions,data-science,,{},5.0,,0,False,,,,,,,,,,,,,,,,,,,,,,,,,,,,,,,,,
692,nupic.torch,numenta/nupic.torch,ml-frameworks,,{},14.0,,0,False,nupic.torch,,,,,,,https://pypi.org/project/nupic.torch,,,,,,,,,,,,,,,,,,,,,,,,,
693,AutoGL,THUMNLab/AutoGL,graph,,{},18.0,,0,False,auto-graph-learning,,,,['pytorch'],,,https://pypi.org/project/auto-graph-learning,,,,,,,,,,,,,,,,,,,,,,,,,
694,OpenKE,thunlp/OpenKE,graph,,{},14.0,,0,False,,,,,,,,,,,,,,,,,,,,,,,,,,,,,,,,,
695,OpenNE,thunlp/OpenNE,graph,,{},12.0,,0,False,,,,,['tensorflow'],,,,,,,,,,,,,,,,,,,,,,,,,,,,
696,GraphEmbedding,shenweichen/GraphEmbedding,graph,,{},9.0,,0,False,,,,,['sklearn'],,,,,,,,,,,,,,,,,,,,,,,,,,,,
697,surpriver,tradytics/surpriver,financial-data,,{},6.0,,0,False,,,,,,,,,,,,,,,,,,,,,,,,,,,,,,,,,
698,traintool,jrieke/traintool,ml-experiments,,{},,,0,False,traintool,,,,"['pytorch', 'tensorflow', 'sklearn']",,,https://pypi.org/project/traintool,12.0,12.0,,,,,,,,,,,,,,,,,,,,,,,
699,nnDetection,MIC-DKFZ/nnDetection,medical-data,,{},12.0,,0,False,,,,,['pytorch'],,,,,,,,,,,,,,,,,,,,,,,,,,,,
700,moolib,facebookresearch/moolib,distributed-ml,,{},6.0,,0,False,,,,,['pytorch'],,,,,,,,,,,,,,,,,,,,,,,,,,,,
701,rvc-tts-webui,litagin02/rvc-tts-webui,audio,,{},,,0,False,,,,,,,,,,,,,,,,,,,,,,,,,,,,,,,,,
702,Retrieval-based-Voice-Conversion-WebUI,RVC-Project/Retrieval-based-Voice-Conversion-WebUI,audio,,{},,,0,False,,,,,,,,,,,,,,,,,,,,,,,,,,,,,,,,,
703,audio-webui,gitmylo/audio-webui,audio,,{},10.0,,0,False,,,,,,,,,,,,,,,,,,,,,,,,,,,,,,,,,
704,ultimatevocalremovergui,Anjok07/ultimatevocalremovergui,audio,,{},8.0,,0,False,,,,,,,,,,,,,,,,,,,,,,,,,,,,,,,,,
705,textlesslib,facebookresearch/textlesslib,audio,,{},8.0,,0,False,,,,,['pytorch'],,,,,,,,,,,,,,,,,,,,,,,,,,,,
706,FATE,FederatedAI/FATE,privacy-ml,,{},102.0,,0,False,ETAF,,,,,1.0,1.0,https://pypi.org/project/ETAF,2.0,2.0,,,,,,,,,,,,,,,,,,,,,,,
707,traingenerator,jrieke/traingenerator,others,,{},3.0,,0,False,,,,,,,,,,,,,,,,,,,,,,,,,,,,,,,,,
708,awesome-RecSys,jihoo-kim/awesome-RecSys,data-science,,{},2.0,,-1,False,,,,,,,,,,,,,,,,,,,,,,3.0,,,,,,,,,,,
709,tslumen,hsbc/tslumen,time-series-data,,{},2.0,,-1,False,tslumen,conda-forge/tslumen,,,,,,https://pypi.org/project/tslumen,17.0,17.0,https://anaconda.org/conda-forge/tslumen,,,,,,,,,,,3.0,,,,,,,,,,,
