,name,github_id,category,resource,homepage,contributor_count,description,projectrank,show,pypi_id,conda_id,dockerhub_id,docs_url,labels,dependent_project_count,github_dependent_project_count,pypi_url,pypi_monthly_downloads,monthly_downloads,conda_url,created_at,conda_latest_release_published_at,updated_at,conda_total_downloads,release_count,dockerhub_url,dockerhub_latest_release_published_at,dockerhub_stars,star_count,dockerhub_pulls,projectrank_placing,license,npm_id,npm_url,npm_monthly_downloads,trending,helm_id,brew_id,apt_id,yum_id,maven_id,maven_url
0,ANN Benchmarks,erikbern/ann-benchmarks,nn-search,True,{},112.0,,0,True,,,,,,,,,,,,,,,,,,,,,,,,,,,,,,,,,
1,best-of-web-python - Web Scraping,ml-tooling/best-of-web-python,web-scraping,True,https://github.com/ml-tooling/best-of-web-python#web-scraping--crawling,17.0,Collection of web-scraping and crawling libraries.,0,True,,,,,,,,,,,,,,,,,,,,,,,,,,,,,,,,,
2,best-of-python - Data Extraction,ml-tooling/best-of-python,data-loading,True,https://github.com/ml-tooling/best-of-python#data-loading--extraction,18.0,Collection of data-loading and -extraction libraries.,0,True,,,,,,,,,,,,,,,,,,,,,,,,,,,,,,,,,
3,best-of-python - DB Clients,ml-tooling/best-of-python,db-clients,True,https://github.com/ml-tooling/best-of-python#database-clients,18.0,Collection of database clients for python.,0,True,,,,,,,,,,,,,,,,,,,,,,,,,,,,,,,,,
4,best-of-python - Data Containers,ml-tooling/best-of-python,data-containers,True,https://github.com/ml-tooling/best-of-python#data-containers--dataframes,18.0,"Collection of data-container, dataframe, and pandas-utility libraries.",0,True,,,,,,,,,,,,,,,,,,,,,,,,,,,,,,,,,
5,best-of-python - Data Pipelines,ml-tooling/best-of-python,data-pipelines,True,https://github.com/ml-tooling/best-of-python#data-pipelines--streaming,18.0,"Libraries for data batch- and stream-processing, workflow automation, job scheduling, and other data pipeline tasks.",0,True,,,,,,,,,,,,,,,,,,,,,,,,,,,,,,,,,
6,Tensorflow,tensorflow/tensorflow,ml-frameworks,,{},5199.0,TensorFlow is an end-to-end open source platform for machine learning.,25,False,tensorflow,conda-forge/tensorflow,tensorflow/tensorflow,https://www.tensorflow.org/overview,['tensorflow'],547252.0,547252.0,https://pypi.org/project/tensorflow,19384313.0,20629057.0,https://anaconda.org/conda-forge/tensorflow,2020-07-15 17:39:13.415,2026-05-07 01:46:13.942,2026-07-30 12:50:07.881761,7223277.0,46.0,https://hub.docker.com/r/tensorflow/tensorflow,2026-07-30 12:50:07.881761,2911.0,2911.0,82398357.0,1.0,,,,,,,,,,,
7,Pillow,python-pillow/Pillow,image,,{},515.0,Pillow is the friendly PIL fork by Alex Clark and Contributors.,25,True,Pillow,conda-forge/pillow,,,,2470235.0,2470235.0,https://pypi.org/project/Pillow,520325405.0,521439907.0,https://anaconda.org/conda-forge/pillow,2020-07-02 12:37:30.903,2026-07-01 14:19:14.756,2026-07-01 14:19:14.756000,80244211.0,60.0,,,,,,1.0,PIL,,,,,,,,,,
8,Matplotlib,matplotlib/matplotlib,data-viz,,{},1893.0,Publication quality figures in Python.,25,True,matplotlib,conda-forge/matplotlib,,,,1912120.0,1912120.0,https://pypi.org/project/matplotlib,219329740.0,219886999.0,https://anaconda.org/conda-forge/matplotlib,2020-06-19 14:20:14.311,2026-07-28 04:12:59.218,2026-07-28 04:12:59.218000,40679918.0,84.0,,,,,,1.0,,,,,,,,,,,
9,PyTorch,pytorch/pytorch,ml-frameworks,,{},6782.0,PyTorch is an optimized tensor library for deep learning using GPUs and CPUs.,24,False,torch,pytorch/pytorch,,https://pytorch.org/docs/stable/index.html,['pytorch'],870085.0,870085.0,https://pypi.org/project/torch,95209197.0,95756230.0,https://anaconda.org/pytorch/pytorch,2021-09-14 15:18:07.767,2025-03-25 16:24:31.802,2025-03-25 16:24:31.802000,31727934.0,32.0,,,,,,1.0,BSD-3-Clause,,,,,,,,,,
10,scikit-learn,scikit-learn/scikit-learn,ml-frameworks,,{},3545.0,A set of python modules for machine learning and data mining.,24,False,scikit-learn,conda-forge/scikit-learn,,,['sklearn'],1367911.0,1367911.0,https://pypi.org/project/scikit-learn,223072531.0,223739649.0,https://anaconda.org/conda-forge/scikit-learn,2020-05-13 13:26:05.862,2026-06-02 15:39:39.655,2026-06-02 15:39:39.655000,49366737.0,63.0,,,,,,1.0,,,,,,,,,,,
11,transformers,huggingface/transformers,nlp,,{},4054.0,State-of-the-art Natural Language Processing for TensorFlow 2.0 and PyTorch.,23,False,transformers,conda-forge/transformers,,,"['pytorch', 'tensorflow']",430550.0,430550.0,https://pypi.org/project/transformers,178306500.0,178372080.0,https://anaconda.org/conda-forge/transformers,2020-07-21 09:47:14.490,2026-07-16 16:57:17.780,2026-07-16 16:57:17.780000,4721760.0,194.0,,,,,,1.0,,,,,,,,,,,
12,nltk,nltk/nltk,nlp,,{},512.0,Suite of libraries and programs for symbolic and statistical natural language processing for English.,22,False,nltk,conda-forge/nltk,,,,421522.0,421522.0,https://pypi.org/project/nltk,67908044.0,67972030.0,https://anaconda.org/conda-forge/nltk,2021-03-23 13:25:58.880,2026-07-08 05:21:55.681,2026-07-08 05:21:55.681000,4095160.0,23.0,,,,,,1.0,,,,,,,,,,,
13,Tokenizers,huggingface/tokenizers,nlp,,{},150.0,Fast State-of-the-Art Tokenizers optimized for Research and Production.,22,False,tokenizers,conda-forge/tokenizers,,,,204578.0,204578.0,https://pypi.org/project/tokenizers,212814482.0,212885219.0,https://anaconda.org/conda-forge/tokenizers,2020-07-20 15:07:28.335,2026-06-29 18:15:09.757,2026-06-29 18:15:09.757000,5093065.0,39.0,,,,,,1.0,,,,,,,,,,,
14,Plotly,plotly/plotly.py,data-viz,,{},329.0,"An interactive, browser-based graphing library for Python.",22,False,plotly,conda-forge/plotly,,,,475363.0,475363.0,https://pypi.org/project/plotly,67560026.0,67770664.0,https://anaconda.org/conda-forge/plotly,2020-05-26 16:18:32.550,2026-07-09 19:32:48.385,2026-07-09 19:32:48.385000,15528530.0,119.0,,,,,,1.0,,plotlywidget,https://www.npmjs.com/package/plotlywidget,793.0,,,,,,,
15,networkx,networkx/networkx,graph,,{},847.0,Python package for creating and manipulating complex networks.,22,False,networkx,conda-forge/networkx,,,,457948.0,457948.0,https://pypi.org/project/networkx,275961741.0,276443659.0,https://anaconda.org/conda-forge/networkx,2020-08-23 19:28:59.969,2025-12-08 17:32:15.937,2025-12-08 17:32:15.937000,34216181.0,33.0,,,,,,1.0,,,,,,,,,,,
16,Keras,keras-team/keras,ml-frameworks,,{},1543.0,Deep Learning for Python.,21,False,keras,conda-forge/keras,,https://keras.io,['tensorflow'],308120.0,308120.0,https://pypi.org/project/keras,18643431.0,18716546.0,https://anaconda.org/conda-forge/keras,2020-06-25 19:13:32.150,2026-07-30 13:59:39.561,2026-07-30 13:59:39.561000,5337400.0,52.0,,,,,,1.0,,,,,,,,,,,
17,XGBoost,dmlc/xgboost,ml-frameworks,,{},694.0,"Scalable, Portable and Distributed Gradient Boosting (GBDT, GBRT or GBM) Library, for Python, R, Java, Scala, C++ and..",21,False,xgboost,conda-forge/xgboost,,https://xgboost.readthedocs.io/en/latest/,,172632.0,172632.0,https://pypi.org/project/xgboost,48128000.0,48238657.0,https://anaconda.org/conda-forge/xgboost,2020-07-02 21:36:28.150,2026-07-21 08:09:36.460,2026-07-21 08:09:36.460000,7967332.0,43.0,,,,,,1.0,,,,,,,,,,,
18,sentence-transformers,UKPLab/sentence-transformers,nlp,,{},281.0,Sentence Embeddings using BERT / RoBERTa / XLNet.,21,False,sentence-transformers,conda-forge/sentence-transformers,,,['pytorch'],138902.0,138902.0,https://pypi.org/project/sentence-transformers,29468757.0,29496840.0,https://anaconda.org/conda-forge/sentence-transformers,2020-09-18 19:41:05.496,2026-07-24 12:44:24.593,2026-07-24 12:44:24.593000,1965866.0,49.0,,,,,,1.0,,,,,,,,,,,
19,Seaborn,mwaskom/seaborn,data-viz,,{},217.0,Statistical data visualization.,21,False,seaborn,conda-forge/seaborn,,,,717426.0,717426.0,https://pypi.org/project/seaborn,39622983.0,39869305.0,https://anaconda.org/conda-forge/seaborn,2020-06-11 12:34:59.562,2025-04-22 14:56:26.328,2025-04-22 14:56:26.328000,17981531.0,15.0,,,,,,1.0,,,,,,,,,,,
20,Altair,altair-viz/altair,data-viz,,{},198.0,Altair: A declarative statistical visualization library for Python.,21,False,altair,conda-forge/altair,,,,249118.0,249118.0,https://pypi.org/project/altair,52504243.0,52570192.0,https://anaconda.org/conda-forge/altair,2021-12-29 16:43:13.728,2026-06-25 09:08:16.682,2026-06-25 09:08:16.682000,3627238.0,35.0,,,,,,1.0,,,,,,,,,,,
21,wandb client,wandb/client,ml-experiments,,{},249.0,"The AI developer platform. Use Weights & Biases to train and fine-tune models, and manage models from experimentation..",21,False,wandb,conda-forge/wandb,,,,89726.0,89726.0,https://pypi.org/project/wandb,25108371.0,25131631.0,https://anaconda.org/conda-forge/wandb,2020-07-28 19:00:23.555,2026-07-21 22:59:37.840,2026-07-21 22:59:37.840000,1674737.0,111.0,,,,,,1.0,,,,,,,,,,,
22,mlflow,mlflow/mlflow,ml-experiments,,{},1112.0,MLflow is an open source platform for the machine learning lifecycle.,21,False,mlflow,conda-forge/mlflow,,,,69035.0,69035.0,https://pypi.org/project/mlflow,40759778.0,40827300.0,https://anaconda.org/conda-forge/mlflow,2020-06-25 18:11:47.672,2026-07-29 09:58:59.532,2026-07-29 09:58:59.532000,4929161.0,121.0,,,,,,1.0,,,,,,,,,,,
23,Tensorboard,tensorflow/tensorboard,ml-experiments,,{},336.0,TensorFlows Visualization Toolkit.,21,False,tensorboard,conda-forge/tensorboard,,,['tensorflow'],339771.0,339771.0,https://pypi.org/project/tensorboard,27831507.0,27939803.0,https://anaconda.org/conda-forge/tensorboard,2020-06-22 10:06:52.606,2026-05-24 17:36:10.396,2026-05-24 17:36:10.396000,7905609.0,45.0,,,,,,1.0,,,,,,,,,,,
24,Gymnasium,Farama-Foundation/Gymnasium,reinforcement-learning,,{},594.0,A standard API for reinforcement learning and a diverse set of reference environments (formerly Gym).,21,False,gymnasium,conda-forge/gymnasium,,,,23120.0,23120.0,https://pypi.org/project/gymnasium,8198753.0,8208813.0,https://anaconda.org/conda-forge/gymnasium,2022-12-09 21:41:49.555,2026-05-28 18:13:39.730,2026-05-28 18:13:39.730000,432601.0,12.0,,,,,,1.0,MIT,,,,3.0,,,,,,
25,dask,dask/dask,distributed-ml,,{},655.0,Parallel PyData with Task Scheduling.,21,False,dask,conda-forge/dask,,,,80106.0,80106.0,https://pypi.org/project/dask,29035086.0,29268648.0,https://anaconda.org/conda-forge/dask,2020-05-27 04:42:11.739,2026-07-14 19:10:02.983,2026-07-14 19:10:02.983000,17283619.0,210.0,,,,,,1.0,,,,,8.0,stable/dask,,,,,
26,Ray,ray-project/ray,distributed-ml,,{},1667.0,Ray is a fast and simple framework for building and running distributed applications.,21,False,ray,conda-forge/ray-tune,,,,29250.0,29250.0,https://pypi.org/project/ray,60997178.0,61015198.0,https://anaconda.org/conda-forge/ray-tune,2020-12-10 16:27:52.723,2026-05-11 14:58:33.213,2026-05-11 14:58:33.213000,1207403.0,79.0,,,,,,1.0,,,,,,,,,,,
27,accelerate,huggingface/accelerate,pytorch-utils,,{},426.0,Training loop of PyTorch without boilerplate code.,21,False,accelerate,conda-forge/accelerate,,,['pytorch'],116795.0,116795.0,https://pypi.org/project/accelerate,26870535.0,26898643.0,https://anaconda.org/conda-forge/accelerate,2021-10-11 19:33:54.475,2026-06-12 15:26:42.843,2026-06-12 15:26:42.843000,1602211.0,64.0,,,,,,1.0,,,,,,,,,,,
28,SymPy,sympy/sympy,others,,{},1502.0,Python library for symbolic mathematics.,21,False,sympy,conda-forge/sympy,,,,307630.0,307630.0,https://pypi.org/project/sympy,161780234.0,161989598.0,https://anaconda.org/conda-forge/sympy,2020-05-24 15:55:07.810,2026-02-24 17:00:41.277,2026-02-24 17:00:41.277000,15492960.0,25.0,,,,,,1.0,,,,,,,,,,,
29,StatsModels,statsmodels/statsmodels,ml-frameworks,,{},526.0,Statistical computations and models for use with SciPy.,20,False,statsmodels,conda-forge/statsmodels,,,,185247.0,185247.0,https://pypi.org/project/statsmodels,40424231.0,40797718.0,https://anaconda.org/conda-forge/statsmodels,2020-06-12 12:09:15.928,2025-12-06 02:07:50.082,2025-12-06 02:07:50.082000,27264591.0,23.0,,,,,,2.0,,,,,,,,,,,
30,jax,google/jax,ml-frameworks,,{},1100.0,"Composable transformations of Python+NumPy programs: differentiate, vectorize, JIT to GPU/TPU, and more.",20,False,jax,conda-forge/jaxlib,,,,50602.0,50602.0,https://pypi.org/project/jax,18906750.0,18964953.0,https://anaconda.org/conda-forge/jaxlib,2020-06-16 01:44:03.567,2026-07-06 18:55:29.549,2026-07-06 18:55:29.549000,4248862.0,93.0,,,,,,2.0,,,,,,,,,,,
31,sentencepiece,google/sentencepiece,nlp,,{},116.0,Unsupervised text tokenizer for Neural Network-based text generation.,20,False,sentencepiece,conda-forge/sentencepiece,,,,129899.0,129899.0,https://pypi.org/project/sentencepiece,34148705.0,34179777.0,https://anaconda.org/conda-forge/sentencepiece,2020-07-09 18:30:01.986,2026-06-22 20:34:01.820,2026-06-22 20:34:01.820000,2237186.0,8.0,,,,,,1.0,,,,,,,,,,,
32,langchain,langchain-ai/langchain,agents,,{},3700.0,,20,False,langchain,,,,,289704.0,289704.0,https://pypi.org/project/langchain,308154376.0,308154376.0,,,,,,,,,,,,1.0,,,,,,,,,,,
33,scikit-image,scikit-image/scikit-image,image,,{},650.0,Image processing in Python.,20,False,scikit-image,conda-forge/scikit-image,,,,247107.0,247107.0,https://pypi.org/project/scikit-image,31303156.0,31453486.0,https://anaconda.org/conda-forge/scikit-image,2020-06-09 21:49:09.288,2025-12-25 22:03:47.378,2025-12-25 22:03:47.378000,10974157.0,29.0,,,,,,1.0,,,,,,,,,,,
34,Bokeh,bokeh/bokeh,data-viz,,{},734.0,Statistical and novel interactive HTML plots for Python.,20,False,bokeh,conda-forge/bokeh,,,,105860.0,105860.0,https://pypi.org/project/bokeh,8162544.0,8443050.0,https://anaconda.org/conda-forge/bokeh,2020-06-16 00:40:01.624,2026-07-28 14:45:56.979,2026-07-28 14:45:56.979000,20476957.0,77.0,,,,,,1.0,,,,,,,,,,,
35,dash,plotly/dash,data-viz,,{},217.0,A Python framework for building reactive web-apps. Developed by Plotly.,20,False,dash,conda-forge/dash,,,,90938.0,90938.0,https://pypi.org/project/dash,10991197.0,11025609.0,https://anaconda.org/conda-forge/dash,2020-06-21 21:47:00.236,2026-07-22 05:14:16.153,2026-07-22 05:14:16.153000,2512116.0,126.0,,,,,,1.0,,,,,,,,,,,
36,Shapely,shapely/shapely,geospatial-data,,{},176.0,Python package for manipulation and analysis of geometric objects in the Cartesian plane.,20,False,shapely,conda-forge/shapely,,,,122787.0,122787.0,https://pypi.org/project/shapely,79209132.0,79471574.0,https://anaconda.org/conda-forge/shapely,2020-08-21 06:18:37.778,2025-11-07 14:27:39.980,2025-11-07 14:27:39.980000,18633403.0,36.0,,,,,,1.0,,,,,,,,,,,
37,pyproj,pyproj4/pyproj,geospatial-data,,{},82.0,Python interface to PROJ library.,20,False,pyproj,conda-forge/pyproj,,,,49654.0,49654.0,https://pypi.org/project/pyproj,27028009.0,27229183.0,https://anaconda.org/conda-forge/pyproj,2020-07-28 04:30:26.055,2026-03-08 21:11:16.445,2026-03-08 21:11:16.445000,14484592.0,37.0,,,,,,1.0,MIT,,,,,,,,,,
38,yfinance,ranaroussi/yfinance,financial-data,,{},173.0,,20,False,yfinance,ranaroussi/yfinance,,,,90074.0,90074.0,https://pypi.org/project/yfinance,28326614.0,28328263.0,https://anaconda.org/ranaroussi/yfinance,2021-07-03 13:58:30.250,2025-03-25 16:27:42.706,2025-03-25 16:27:42.706000,98992.0,4.0,,,,,,1.0,,,,,,,,,,,
39,pytorch-lightning,Lightning-AI/lightning,ml-frameworks,,{},1069.0,PyTorch Lightning is the lightweight PyTorch wrapper for ML researchers. Scale your models. Write less boilerplate.,19,False,pytorch-lightning,conda-forge/pytorch-lightning,,,['pytorch'],50714.0,50714.0,https://pypi.org/project/pytorch-lightning,10761339.0,10790382.0,https://anaconda.org/conda-forge/pytorch-lightning,2020-06-03 07:36:42.521,2026-06-02 08:12:13.235,2026-06-02 08:12:13.235000,2120199.0,129.0,,,,,,2.0,,,,,,,,,,,
40,einops,arogozhnikov/einops,ml-frameworks,,{},38.0,A new flavour of deep learning operations.,19,False,einops,conda-forge/einops,,,,90342.0,90342.0,https://pypi.org/project/einops,25171100.0,25182436.0,https://anaconda.org/conda-forge/einops,2020-10-15 20:10:16.939,2026-01-26 11:30:26.666,2026-01-26 11:30:26.666000,782193.0,12.0,,,,,,2.0,,,,,,,,,,,
41,litellm,BerriAI/litellm,nlp,,{},1551.0,,19,False,litellm,,,,,27177.0,27177.0,https://pypi.org/project/litellm,657278469.0,657278469.0,,,,,,,,,,,,1.0,,,,,,,,,,,
42,spaCy,explosion/spaCy,nlp,,{},780.0,Industrial-strength Natural Language Processing.,19,False,spacy,conda-forge/spacy,,,,145924.0,145924.0,https://pypi.org/project/spacy,23210722.0,23335066.0,https://anaconda.org/conda-forge/spacy,2020-06-17 09:17:51.026,2026-03-29 21:12:40.594,2026-03-29 21:12:40.594000,9077129.0,92.0,,,,,,1.0,,,,,,,,,,,
43,gensim,RaRe-Technologies/gensim,nlp,,{},464.0,Topic Modelling for Humans.,19,False,gensim,conda-forge/gensim,,,,78792.0,78792.0,https://pypi.org/project/gensim,5044343.0,5078516.0,https://anaconda.org/conda-forge/gensim,2021-03-31 07:19:16.610,2026-03-18 20:01:38.726,2026-03-18 20:01:38.726000,2187085.0,23.0,,,,,,1.0,,,,,,,,,,,
44,PyTorch Image Models,rwightman/pytorch-image-models,image,,{},197.0,(Unofficial) PyTorch Image Models.,19,False,timm,conda-forge/timm,,,['pytorch'],65799.0,65799.0,https://pypi.org/project/timm,14785702.0,14795452.0,https://anaconda.org/conda-forge/timm,2020-07-18 18:44:49.142,2026-07-16 02:58:41.608,2026-07-16 02:58:41.608000,702064.0,47.0,,,,,,1.0,,,,,,,,,,,
45,imageio,imageio/imageio,image,,{},131.0,A Python library for reading and writing image data.,19,False,imageio,conda-forge/imageio,,,,189280.0,189280.0,https://pypi.org/project/imageio,42395248.0,42537960.0,https://anaconda.org/conda-forge/imageio,2020-07-06 14:13:23.772,2025-04-22 14:56:30.839,2025-04-22 14:56:30.839000,10275297.0,52.0,,,,,,1.0,,,,,,,,,,,
46,shap,slundberg/shap,interpretability,,{},322.0,A unified approach to explain the output of any machine learning model.,19,False,shap,conda-forge/shap,,,,37682.0,37682.0,https://pypi.org/project/shap,15579022.0,15723238.0,https://anaconda.org/conda-forge/shap,2020-12-16 18:34:09.024,2026-06-12 18:46:58.089,2026-06-12 18:46:58.089000,9662499.0,41.0,,,,,,1.0,,,,,,,,,,,
47,pydeck,visgl/deck.gl,geospatial-data,,{},320.0,Widget for deck.gl maps.,19,False,pydeck,conda-forge/pydeck,,,['jupyter'],9622.0,9622.0,https://pypi.org/project/pydeck,26182585.0,27239365.0,https://anaconda.org/conda-forge/pydeck,2020-07-24 06:30:33.668,2026-07-03 03:15:08.148,2026-07-03 03:15:08.148000,1096564.0,16.0,,,,,,2.0,,deck.gl,https://www.npmjs.com/package/deck.gl,1041550.0,,,,,,,
48,GeoPandas,geopandas/geopandas,geospatial-data,,{},262.0,Geographic pandas extensions.,19,False,geopandas,conda-forge/geopandas,,,['pandas'],63016.0,63016.0,https://pypi.org/project/geopandas,20596645.0,20700545.0,https://anaconda.org/conda-forge/geopandas,2020-06-24 14:59:24.383,2026-06-26 20:58:44.934,2026-06-26 20:58:44.934000,7584754.0,44.0,,,,,,2.0,,,,,,,,,,,
49,Optuna,optuna/optuna,hyperopt,,{},392.0,A hyperparameter optimization framework.,19,False,optuna,conda-forge/optuna,,,,33081.0,33081.0,https://pypi.org/project/optuna,16664554.0,16720806.0,https://anaconda.org/conda-forge/optuna,2020-06-01 09:17:12.717,2026-06-01 10:52:13.216,2026-06-01 10:52:13.216000,4106465.0,46.0,,,,,,1.0,,,,,,,,,,,
50,dask.distributed,dask/distributed,distributed-ml,,{},350.0,Distributed scheduler for Dask.,19,False,distributed,conda-forge/distributed,,,,42956.0,42956.0,https://pypi.org/project/distributed,8007590.0,8351390.0,https://anaconda.org/conda-forge/distributed,2020-05-27 03:49:13.707,2026-07-14 15:35:28.936,2026-07-14 15:35:28.936000,25441244.0,232.0,,,,,,1.0,,,,,,,,,,,
51,onnx,onnx/onnx,model-serialisation,,{},404.0,Open Neural Network Exchange library.,19,False,onnx,conda-forge/onnx,,,,53526.0,53526.0,https://pypi.org/project/onnx,19733946.0,19777880.0,https://anaconda.org/conda-forge/onnx,2020-06-03 11:32:32.173,2026-06-23 19:00:35.296,2026-06-23 19:00:35.296000,3207239.0,35.0,,,,,,1.0,,,,,,,,,,,
52,Streamlit,streamlit/streamlit,model-serialisation,,{},337.0,,19,False,streamlit,,,,,1014198.0,1014198.0,https://pypi.org/project/streamlit,28394256.0,28394256.0,,,,,,,,,,,,1.0,,,,,,,,,,,
53,Flax,google/flax,ml-frameworks,,{},306.0,Flax: A neural network library for JAX designed for flexibility.,18,False,flax,conda-forge/flax,,,['jax'],16685.0,16685.0,https://pypi.org/project/flax,4354167.0,4357412.0,https://anaconda.org/conda-forge/flax,2021-03-31 20:01:18.364,2026-07-21 05:36:54.150,2026-07-21 05:36:54.150000,207708.0,31.0,,,,,,2.0,,,,,,,,,,,
54,Wand,emcconville/wand,image,,{},113.0,"Wand is a ctypes-based simple ImageMagick binding for Python, supporting 2.7, 3.6+, and PyPy.",18,False,wand,conda-forge/wand,,,,21494.0,21494.0,https://pypi.org/project/wand,1431572.0,1434249.0,https://anaconda.org/conda-forge/wand,2019-08-27 18:03:26.696,2025-04-22 14:57:10.980,2025-04-22 14:57:10.980000,222208.0,6.0,,,,,,1.0,MIT,,,,,,,,,,
55,MoviePy,Zulko/moviepy,image,,{},191.0,Video editing with Python.,18,False,moviepy,conda-forge/moviepy,,,,68712.0,68712.0,https://pypi.org/project/moviepy,7940189.0,7950904.0,https://anaconda.org/conda-forge/moviepy,2022-04-16 23:09:16.118,2026-02-01 17:50:06.530,2026-02-01 17:50:06.530000,546471.0,8.0,,,,,,1.0,,,,,,,,,,,
56,arviz,arviz-devs/arviz,interpretability,,{},194.0,Exploratory analysis of Bayesian models with Python.,18,False,arviz,conda-forge/arviz,,,,11959.0,11959.0,https://pypi.org/project/arviz,3864336.0,3902296.0,https://anaconda.org/conda-forge/arviz,2020-05-23 03:05:32.458,2026-06-17 20:54:16.234,2026-06-17 20:54:16.234000,2809108.0,38.0,,,,,,1.0,,,,,,,,,,,
57,folium,python-visualization/folium,geospatial-data,,{},192.0,Make beautiful maps with Leaflet.js and Python.,18,False,folium,conda-forge/folium,,,,65960.0,65960.0,https://pypi.org/project/folium,3497496.0,3593410.0,https://anaconda.org/conda-forge/folium,2021-01-06 21:06:07.776,2025-06-16 22:46:07.761,2025-06-16 22:46:07.761000,6330365.0,31.0,,,,,,2.0,,,,,,,,,,,
58,geojson,jazzband/geojson,geospatial-data,,{},61.0,Python bindings and utilities for GeoJSON.,18,False,geojson,conda-forge/geojson,,,,21232.0,21232.0,https://pypi.org/project/geojson,4160841.0,4200914.0,https://anaconda.org/conda-forge/geojson,2023-02-16 15:57:16.750,2026-05-29 12:40:14.414,2026-05-29 12:40:14.414000,1642993.0,13.0,,,,,,2.0,,,,,,,,,,,
59,Rasterio,rasterio/rasterio,geospatial-data,,{},184.0,Rasterio reads and writes geospatial raster datasets.,18,False,rasterio,conda-forge/rasterio,,,,20382.0,20382.0,https://pypi.org/project/rasterio,5787162.0,5898270.0,https://anaconda.org/conda-forge/rasterio,2021-01-25 19:58:39.144,2026-01-05 17:15:30.142,2026-01-05 17:15:30.142000,7333156.0,87.0,,,,,,2.0,,,,,,,,,,,
60,NIPYPE,nipy/nipype,medical-data,,{},266.0,"Nipype, an open-source, community-developed initiative under the umbrella of NiPy, is a Python project that provides a..",18,False,nipype,conda-forge/nipype,,,,7315.0,7315.0,https://pypi.org/project/nipype,438166.0,460903.0,https://anaconda.org/conda-forge/nipype,2020-08-16 18:50:39.769,2025-05-05 13:43:30.848,2025-05-05 13:43:30.848000,1614340.0,49.0,,,,,,1.0,Apache-2.0,,,,,,,,,,
61,Pydub,jiaaro/pydub,audio,,{},96.0,Manipulate audio with a simple and easy high level interface.,18,False,pydub,conda-forge/pydub,,,,112211.0,112211.0,https://pypi.org/project/pydub,20266045.0,20270970.0,https://anaconda.org/conda-forge/pydub,2021-03-07 19:47:43.182,2025-04-22 14:56:58.184,2025-04-22 14:56:58.184000,315215.0,4.0,,,,,,1.0,,,,,,,,,,,
62,PyOD,yzhao062/pyod,ml-frameworks,,{},71.0,A Python Toolkit for Scalable Outlier Detection (Anomaly Detection).,17,False,pyod,conda-forge/pyod,,,,5700.0,5700.0,https://pypi.org/project/pyod,4944471.0,4947327.0,https://anaconda.org/conda-forge/pyod,2020-05-21 23:31:10.016,2026-07-20 07:08:54.878,2026-07-20 07:08:54.878000,211371.0,56.0,,,,,,2.0,,,,,,,,,,,
63,Thinc,explosion/thinc,ml-frameworks,,{},68.0,thinc: a lightweight deep learning library.,17,False,thinc,conda-forge/thinc,,,,72673.0,72673.0,https://pypi.org/project/thinc,22923502.0,22994896.0,https://anaconda.org/conda-forge/thinc,2020-05-25 09:58:57.636,2026-03-24 12:17:35.079,2026-03-24 12:17:35.079000,5283191.0,66.0,,,,,,2.0,,,,,,,,,,,
64,ftfy,rspeer/python-ftfy,nlp,,{},22.0,Fixes some problems with Unicode text after the fact.,17,False,ftfy,conda-forge/ftfy,,,,35761.0,35761.0,https://pypi.org/project/ftfy,13933136.0,13941791.0,https://anaconda.org/conda-forge/ftfy,2021-01-20 08:08:07.817,2025-04-22 14:56:35.312,2025-04-22 14:56:35.312000,571259.0,15.0,,,,,,2.0,,,,,,,,,,,
65,llama_index,run-llama/llama_index,agents,,{},1971.0,,17,False,llama_index,,,,,25261.0,25261.0,https://pypi.org/project/llama_index,7108082.0,7108082.0,,,,,,,,,,,,2.0,,,,,,,,,,,
66,langgraph,langchain-ai/langgraph,agents,,{},283.0,,17,False,langgraph,,,,,45317.0,45317.0,https://pypi.org/project/langgraph,69863802.0,69863802.0,,,,,,,,,,,,2.0,,,,,,,,,,,
67,ImageHash,JohannesBuchner/imagehash,image,,{},29.0,A Python Perceptual Image Hahsing Module.,17,False,ImageHash,conda-forge/imagehash,,,,18743.0,18743.0,https://pypi.org/project/ImageHash,5784875.0,5794260.0,https://anaconda.org/conda-forge/imagehash,2020-11-19 18:20:47.916,2025-04-22 14:56:29.803,2025-04-22 14:56:29.803000,638198.0,8.0,,,,,,2.0,,,,,,,,,,,
68,Kornia,kornia/kornia,image,,{},356.0,Kornia is a differentiable computer vision library for PyTorch.,17,False,kornia,conda-forge/kornia,,,['pytorch'],17786.0,17786.0,https://pypi.org/project/kornia,2992718.0,2997185.0,https://anaconda.org/conda-forge/kornia,2020-12-09 16:29:41.029,2025-11-08 13:20:35.488,2025-11-08 13:20:35.488000,299327.0,27.0,,,,,,2.0,,,,,,,,,,,
69,HoloViews,holoviz/holoviews,data-viz,,{},164.0,Stop plotting your data - annotate your data and let it visualize itself.,17,False,holoviews,conda-forge/holoviews,,,['jupyter'],16825.0,16825.0,https://pypi.org/project/holoviews,2019572.0,2068624.0,https://anaconda.org/conda-forge/holoviews,2020-06-23 16:07:32.048,2026-07-02 19:05:21.338,2026-07-02 19:05:21.338000,3574440.0,77.0,,,,,,2.0,,@pyviz/jupyterlab_pyviz,https://www.npmjs.com/package/@pyviz/jupyterlab_pyviz,88.0,,,,,,,
70,plotnine,has2k1/plotnine,data-viz,,{},120.0,A grammar of graphics for python.,17,False,plotnine,conda-forge/plotnine,,,,13027.0,13027.0,https://pypi.org/project/plotnine,3300638.0,3311288.0,https://anaconda.org/conda-forge/plotnine,2020-06-05 19:51:41.903,2026-06-13 11:00:50.180,2026-06-13 11:00:50.180000,777519.0,37.0,,,,,,2.0,,,,,,,,,,,
71,PyVista,pyvista/pyvista,data-viz,,{},207.0,3D plotting and mesh analysis through a streamlined interface for the Visualization Toolkit (VTK).,17,False,pyvista,conda-forge/pyvista,,,['jupyter'],5962.0,5962.0,https://pypi.org/project/pyvista,1304275.0,1319419.0,https://anaconda.org/conda-forge/pyvista,2020-06-02 20:15:44.310,2026-07-22 01:06:54.890,2026-07-22 01:06:54.890000,1105552.0,97.0,,,,,,2.0,,,,,,,,,,,
72,PyTorch Geometric,pyg-team/pytorch_geometric,graph,,{},568.0,Graph Neural Network Library for PyTorch.,17,False,torch-geometric,conda-forge/pytorch_geometric,,,['pytorch'],11412.0,11412.0,https://pypi.org/project/torch-geometric,1432742.0,1436079.0,https://anaconda.org/conda-forge/pytorch_geometric,2020-07-07 13:17:41.291,2026-07-21 06:53:45.431,2026-07-21 06:53:45.431000,240266.0,19.0,,,,,,1.0,,,,,,,,,,,
73,Fiona,Toblerity/Fiona,geospatial-data,,{},78.0,Fiona reads and writes spatial data files.,17,False,fiona,conda-forge/fiona,,,,27585.0,27585.0,https://pypi.org/project/fiona,6271202.0,6428820.0,https://anaconda.org/conda-forge/fiona,2020-07-27 18:07:57.882,2025-12-29 23:44:48.634,2025-12-29 23:44:48.634000,11348532.0,51.0,,,,,,3.0,,,,,,,,,,,
74,DVC,iterative/dvc,ml-experiments,,{},332.0,DVC tracks ML models and data sets.,17,False,dvc,conda-forge/dvc,,,,24712.0,24712.0,https://pypi.org/project/dvc,2512500.0,2563320.0,https://anaconda.org/conda-forge/dvc,2020-06-19 15:26:50.030,2026-03-31 06:31:23.617,2026-03-31 06:31:23.617000,3709871.0,340.0,,,,,,2.0,,,,,,,dvc,dvc,dvc,,
75,tensorboardX,lanpa/tensorboardX,ml-experiments,,{},86.0,tensorboard for pytorch.,17,False,tensorboardX,conda-forge/tensorboardx,,,,61704.0,61704.0,https://pypi.org/project/tensorboardX,5745841.0,5765739.0,https://anaconda.org/conda-forge/tensorboardx,2020-07-06 20:33:54.325,2025-04-22 14:56:45.200,2025-04-22 14:56:45.200000,1432694.0,17.0,,,,,,2.0,,,,,,,,,,,
76,NiBabel,nipy/nibabel,medical-data,,{},116.0,Python package to access a cacophony of neuro-imaging file formats.,17,False,nibabel,conda-forge/nibabel,,,,31179.0,31179.0,https://pypi.org/project/nibabel,1871308.0,1891571.0,https://anaconda.org/conda-forge/nibabel,2020-06-30 18:23:29.640,2026-06-09 01:40:14.470,2026-06-09 01:40:14.470000,1479256.0,33.0,,,,,,1.0,,,,,,,,,,,
77,Faiss,facebookresearch/faiss,nn-search,,{},333.0,A library for efficient similarity search and clustering of dense vectors.,17,False,pymilvus,conda-forge/faiss,,,,5022.0,5022.0,https://pypi.org/project/pymilvus,5415857.0,5469950.0,https://anaconda.org/conda-forge/faiss,2020-06-13 12:51:19.207,2026-03-19 20:40:19.980,2026-03-19 20:40:19.980000,3948828.0,11.0,,,,,,1.0,,,,,,,,,,,
78,Core ML Tools,apple/coremltools,model-serialisation,,{},234.0,Core ML is an Apple framework to integrate machine learning models into your app. Core ML provides a unified..,17,False,coremltools,conda-forge/coremltools,,,,5581.0,5581.0,https://pypi.org/project/coremltools,1828530.0,1830758.0,https://anaconda.org/conda-forge/coremltools,2020-10-16 19:48:15.220,2026-06-22 13:38:39.137,2026-06-22 13:38:39.137000,153772.0,5.0,,,,,,2.0,,,,,3.0,,,,,,
79,Gradio,gradio-app/gradio,model-serialisation,,{},506.0,,17,False,gradio,,,,,89152.0,89152.0,https://pypi.org/project/gradio,14111356.0,14111356.0,,,,,,,,,,,,2.0,,,,,,,,,,,
80,optimum,huggingface/optimum,gpu-utilities,,{},164.0,"Optimum Library is an extension of the Hugging Face Transformers library, providing a framework to integrate third-..",17,False,optimum,conda-forge/optimum,,,,7246.0,7246.0,https://pypi.org/project/optimum,1992254.0,1994492.0,https://anaconda.org/conda-forge/optimum,2022-04-01 08:22:36.713,2026-06-10 01:02:31.061,2026-06-10 01:02:31.061000,114175.0,32.0,,,,,,1.0,,,,,,,,,,,
81,pymc,pymc-devs/pymc,probabilistics,,{},566.0,Probabilistic Programming in Python.,17,False,pymc,conda-forge/pymc,,,,8058.0,8058.0,https://pypi.org/project/pymc,1854012.0,1867745.0,https://anaconda.org/conda-forge/pymc,2020-10-13 03:19:15.240,2026-07-23 16:45:33.490,2026-07-23 16:45:33.490000,947620.0,90.0,,,,,,1.0,,,,,,,,,,,
82,TensorFlow Datasets,tensorflow/datasets,tensorflow-utils,,{},329.0,tensorflow/datasets is a library of datasets ready to use with TensorFlow.,17,False,tensorflow-datasets,conda-forge/tensorflow-datasets,,,['tensorflow'],25546.0,25546.0,https://pypi.org/project/tensorflow-datasets,1662419.0,1663361.0,https://anaconda.org/conda-forge/tensorflow-datasets,2021-05-04 09:11:33.308,2025-04-22 14:57:51.541,2025-04-22 14:57:51.541000,58442.0,9.0,,,,,,1.0,,,,,,,,,,,
83,MLxtend,rasbt/mlxtend,sklearn-utils,,{},121.0,Machine Learning Library Extensions.,17,False,mlxtend,conda-forge/mlxtend,,,['sklearn'],21005.0,21005.0,https://pypi.org/project/mlxtend,1090474.0,1102286.0,https://anaconda.org/conda-forge/mlxtend,2020-07-28 03:34:49.886,2026-06-09 21:10:46.329,2026-06-09 21:10:46.329000,850534.0,25.0,,,,,,1.0,,,,,,,,,,,
84,agate,wireservice/agate,others,,{},62.0,A data analysis library that is optimized for humans instead of machines.,17,False,agate,conda-forge/agate,,,,5820.0,5820.0,https://pypi.org/project/agate,33701545.0,33712995.0,https://anaconda.org/conda-forge/agate,2021-05-30 20:16:52.450,2026-02-27 18:41:38.959,2026-02-27 18:41:38.959000,709915.0,19.0,,,,,,1.0,,,,,,,,,,,
85,CuPy,cupy/cupy,gpu-utilities,,{},461.0,CuPy: NumPy & SciPy for GPU.,16,False,cupy,conda-forge/cupy,cupy/cupy,,,7790.0,7790.0,https://pypi.org/project/cupy,36813.0,159581.0,https://anaconda.org/conda-forge/cupy,2020-05-23 18:55:49.350,2026-06-01 13:39:01.924,2026-06-01 13:39:01.924000,8974079.0,65.0,https://hub.docker.com/r/cupy/cupy,2026-06-01 08:44:25.955588,14.0,14.0,110836.0,1.0,,,,,,,,,,,
86,LightGBM,microsoft/LightGBM,ml-frameworks,,{},351.0,LightGBM is a gradient boosting framework that uses tree based learning algorithms.,16,False,lightgbm,conda-forge/lightgbm,,,,174.0,174.0,https://pypi.org/project/lightgbm,24835760.0,24912228.0,https://anaconda.org/conda-forge/lightgbm,2020-09-01 12:55:08.262,2026-07-20 03:34:31.957,2026-07-20 03:34:31.957000,5352775.0,32.0,,,,,,2.0,,,,,,,,,,,
87,Ignite,pytorch/ignite,ml-frameworks,,{},262.0,A lightweight library to help with training neural networks in PyTorch.,16,False,pytorch-ignite,pytorch/ignite,,,['pytorch'],4038.0,4038.0,https://pypi.org/project/pytorch-ignite,362974.0,365805.0,https://anaconda.org/pytorch/ignite,2018-06-20 15:36:52.783,2026-07-22 15:14:18.114,2026-07-22 15:14:18.114000,274643.0,28.0,,,,,,2.0,,,,,,,,,,,
88,jellyfish,jamesturk/jellyfish,nlp,,{},37.0,A library for doing approximate and phonetic matching of strings.,16,False,jellyfish,conda-forge/jellyfish,,,,15442.0,15442.0,https://pypi.org/project/jellyfish,11643590.0,11676153.0,https://anaconda.org/conda-forge/jellyfish,2020-06-10 16:23:01.195,2025-11-25 21:17:09.326,2025-11-25 21:17:09.326000,2377122.0,19.0,,,,,,2.0,,,,,,,,,,,
89,crewAI,crewAIInc/crewAI,agents,,{},301.0,,16,False,crewai,,,,,20250.0,20250.0,https://pypi.org/project/crewai,11204305.0,11204305.0,,,,,,,,,,,,2.0,,,,,,,,,,,
90,ultralytics,ultralytics/ultralytics,image,,{},414.0,,16,False,ultralytics,,,,,59414.0,59414.0,https://pypi.org/project/ultralytics,8627768.0,8627768.0,,,,,,,,,,,,2.0,,,,,,,,,,,
91,imgaug,aleju/imgaug,image,,{},36.0,Image augmentation for machine learning experiments.,16,False,imgaug,conda-forge/imgaug,,,,26542.0,26542.0,https://pypi.org/project/imgaug,1291079.0,1294201.0,https://anaconda.org/conda-forge/imgaug,2019-06-05 06:04:19.977,2025-04-22 14:57:06.395,2025-04-22 14:57:06.395000,265441.0,3.0,,,,,,2.0,,,,,,,,,,,
92,imutils,PyImageSearch/imutils,image,,{},21.0,"A series of convenience functions to make basic image processing functions such as translation, rotation, resizing,..",16,False,imutils,conda-forge/imutils,,,,54239.0,54239.0,https://pypi.org/project/imutils,671970.0,676084.0,https://anaconda.org/conda-forge/imutils,2020-07-07 12:49:26.774,2025-04-22 14:57:06.837,2025-04-22 14:57:06.837000,296249.0,3.0,,,,,,2.0,,,,,3.0,,,,,,
93,VisPy,vispy/vispy,data-viz,,{},210.0,High-performance interactive 2D/3D data visualization library.,16,False,vispy,conda-forge/vispy,,,['jupyter'],2313.0,2313.0,https://pypi.org/project/vispy,1602524.0,1622949.0,https://anaconda.org/conda-forge/vispy,2020-09-24 16:39:06.228,2026-05-20 16:45:50.072,2026-05-20 16:45:50.072000,1427148.0,38.0,,,,,,2.0,,vispy,https://www.npmjs.com/package/vispy,38.0,,,,,,,
94,PyQtGraph,pyqtgraph/pyqtgraph,data-viz,,{},317.0,Scientific Graphics and GUI Library for Python.,16,False,pyqtgraph,conda-forge/pyqtgraph,,,,13833.0,13833.0,https://pypi.org/project/pyqtgraph,974549.0,991746.0,https://anaconda.org/conda-forge/pyqtgraph,2020-06-09 00:20:24.502,2025-11-19 10:58:06.682,2025-11-19 10:58:06.682000,1255394.0,18.0,,,,,,2.0,,,,,,,,,,,
95,ipyleaflet,jupyter-widgets/ipyleaflet,geospatial-data,,{},98.0,A Jupyter widget for dynamic Leaflet maps.,16,False,ipyleaflet,conda-forge/ipyleaflet,,,['jupyter'],18304.0,18304.0,https://pypi.org/project/ipyleaflet,466728.0,510168.0,https://anaconda.org/conda-forge/ipyleaflet,2020-05-25 11:11:25.372,2025-06-13 19:35:58.799,2025-06-13 19:35:58.799000,3086734.0,74.0,,,,,,3.0,,jupyter-leaflet,https://www.npmjs.com/package/jupyter-leaflet,1728.0,,,,,,,
96,Hyperopt,hyperopt/hyperopt,hyperopt,,{},108.0,Distributed Asynchronous Hyper-parameter Optimization.,16,False,hyperopt,conda-forge/hyperopt,,,,22637.0,22637.0,https://pypi.org/project/hyperopt,2768489.0,2781698.0,https://anaconda.org/conda-forge/hyperopt,2020-10-14 07:57:11.589,2025-04-22 14:56:55.071,2025-04-22 14:56:55.071000,911426.0,7.0,,,,,,1.0,,,,,,,,,,,
97,BoTorch,pytorch/botorch,hyperopt,,{},163.0,Bayesian Optimization in PyTorch.,16,False,botorch,conda-forge/botorch,,,['pytorch'],1942.0,1942.0,https://pypi.org/project/botorch,682413.0,685546.0,https://anaconda.org/conda-forge/botorch,2020-08-01 11:16:39.122,2026-06-09 03:34:16.649,2026-06-09 03:34:16.649000,222452.0,43.0,,,,,,1.0,,,,,,,,,,,
98,Nilearn,nilearn/nilearn,medical-data,,{},282.0,Statistical learning for neuroimaging in Python.,16,False,nilearn,conda-forge/nilearn,,,['sklearn'],4597.0,4597.0,https://pypi.org/project/nilearn,271452.0,280430.0,https://anaconda.org/conda-forge/nilearn,2020-11-12 13:26:01.761,2026-07-02 10:30:48.603,2026-07-02 10:30:48.603000,610569.0,31.0,,,,,,2.0,,,,,,,,,,,
99,MONAI,Project-MONAI/MONAI,medical-data,,{},299.0,AI Toolkit for Healthcare Imaging.,16,False,monai,conda-forge/monai,,,['pytorch'],4725.0,4725.0,https://pypi.org/project/monai,508479.0,509827.0,https://anaconda.org/conda-forge/monai,2021-12-29 09:55:36.763,2026-01-28 07:31:46.743,2026-01-28 07:31:46.743000,74172.0,15.0,,,,,,2.0,,,,,,,,,,,
100,mpi4py,mpi4py/mpi4py,distributed-ml,,{},29.0,Python bindings for MPI.,16,False,mpi4py,conda-forge/mpi4py,,,,12499.0,12499.0,https://pypi.org/project/mpi4py,865898.0,952228.0,https://anaconda.org/conda-forge/mpi4py,2020-10-09 13:03:47.206,2026-05-16 11:28:40.096,2026-05-16 11:28:40.096000,5956800.0,19.0,,,,,,2.0,,,,,,,,,,,
101,DEAP,deap/deap,distributed-ml,,{},93.0,Distributed Evolutionary Algorithms in Python.,16,False,deap,conda-forge/deap,,,,7072.0,7072.0,https://pypi.org/project/deap,485690.0,497125.0,https://anaconda.org/conda-forge/deap,2020-10-12 23:47:32.551,2026-05-06 22:52:09.525,2026-05-06 22:52:09.525000,789050.0,9.0,,,,,,2.0,,,,,,,,,,,
102,sktime,alan-turing-institute/sktime,time-series-data,,{},616.0,A unified framework for machine learning with time series.,16,False,sktime,conda-forge/sktime-all-extras,,,['sklearn'],4870.0,4870.0,https://pypi.org/project/sktime,1141874.0,1163610.0,https://anaconda.org/conda-forge/sktime-all-extras,2021-07-28 06:16:34.545,2025-12-07 07:18:44.347,2025-12-07 07:18:44.347000,1304169.0,76.0,,,,,,1.0,,,,,,,,,,,
103,STUMPY,TDAmeritrade/stumpy,time-series-data,,{},45.0,"STUMPY is a powerful and scalable Python library that computes something called a matrix profile, which can then be..",16,False,stumpy,conda-forge/stumpy,,,,1664.0,1664.0,https://pypi.org/project/stumpy,463483.0,480777.0,https://anaconda.org/conda-forge/stumpy,2020-06-15 15:52:12.048,2026-02-08 02:09:16.381,2026-02-08 02:09:16.381000,1262492.0,29.0,,,,,,1.0,BSD-3-Clause,,,,,,,,,,
104,weaviate,weaviate/weaviate,nn-search,,{},182.0,,16,False,weaviate-client,,,,,1074.0,1074.0,https://pypi.org/project/weaviate-client,210136576.0,210136576.0,,,,,,,,,,,,1.0,,,,,,,,,,,
105,PyNNDescent,lmcinnes/pynndescent,nn-search,,{},32.0,Simple fast approximate nearest neighbor search.,16,False,pynndescent,conda-forge/pynndescent,,,,13964.0,13964.0,https://pypi.org/project/pynndescent,6666553.0,6706605.0,https://anaconda.org/conda-forge/pynndescent,2020-07-01 15:27:13.844,2025-04-22 14:57:06.248,2025-04-22 14:57:06.248000,2883801.0,25.0,,,,,,1.0,,,,,,,,,,,
106,metrics,Lightning-AI/metrics,pytorch-utils,,{},294.0,Collection of PyTorch native metrics for easy evaluating machine learning models.,16,False,metrics,conda-forge/torchmetrics,,,['pytorch'],47771.0,47771.0,https://pypi.org/project/metrics,22784.0,70456.0,https://anaconda.org/conda-forge/torchmetrics,2021-03-16 10:50:04.846,2026-03-18 09:56:39.711,2026-03-18 09:56:39.711000,3051031.0,61.0,,,,,,1.0,,,,,,,,,,,
107,category_encoders,scikit-learn-contrib/category_encoders,sklearn-utils,,{},75.0,A collection of sklearn transformers to encode categorical variables as numeric.,16,False,category_encoders,conda-forge/category_encoders,,,['sklearn'],4224.0,4224.0,https://pypi.org/project/category_encoders,3034333.0,3044202.0,https://anaconda.org/conda-forge/category_encoders,2021-10-13 18:33:31.261,2026-07-28 19:16:21.783,2026-07-28 19:16:21.783000,562537.0,26.0,,,,,,1.0,,,,,,,,,,,
108,TorchServe,pytorch/serve,model-serialisation,,{},222.0,Model serving on PyTorch.,15,False,torchserve,pytorch/torchserve,pytorch/torchserve,,['pytorch'],952.0,952.0,https://pypi.org/project/torchserve,39873.0,71405.0,https://anaconda.org/pytorch/torchserve,2020-04-21 03:52:57.365,2025-03-25 16:24:31.948,2025-03-25 16:24:31.948000,752497.0,25.0,https://hub.docker.com/r/pytorch/torchserve,2024-09-30 22:07:15.226668,33.0,33.0,1612467.0,2.0,,,,,,,,,,,
109,Fastai,fastai/fastai,ml-frameworks,,{},263.0,,15,False,fastai,,,,['pytorch'],23512.0,23512.0,https://pypi.org/project/fastai,659482.0,659482.0,,,,,,,,,,,,2.0,,,,,,,,,,,
110,PaddlePaddle,PaddlePaddle/Paddle,ml-frameworks,,{},1527.0,,15,False,paddlepaddle,,,,['paddle'],9583.0,9583.0,https://pypi.org/project/paddlepaddle,2300125.0,2300125.0,,,,,,,,,,,,2.0,,,,,,,,,,,
111,thefuzz,seatgeek/thefuzz,nlp,,{},13.0,Fuzzy string matching in python.,15,False,thefuzz,conda-forge/thefuzz,,,,6022.0,6022.0,https://pypi.org/project/thefuzz,9698545.0,9699854.0,https://anaconda.org/conda-forge/thefuzz,2022-01-13 22:10:32.583,2025-04-22 14:58:08.752,2025-04-22 14:58:08.752000,70709.0,2.0,,,,,,2.0,,,,,,,,,,,
112,flair,flairNLP/flair,nlp,,{},278.0,A very simple framework for state-of-the-art NLP.,15,False,flair,conda-forge/python-flair,,,['pytorch'],4176.0,4176.0,https://pypi.org/project/flair,230118.0,230944.0,https://anaconda.org/conda-forge/python-flair,2020-07-28 19:00:35.095,2025-04-22 14:57:32.879,2025-04-22 14:57:32.879000,59503.0,14.0,,,,,,2.0,,,,,3.0,,,,,,
113,stanza,stanfordnlp/stanza,nlp,,{},78.0,"Stanza: A Python NLP Library for Many Human Languages, by the Stanford NLP Group.",15,False,stanza,stanfordnlp/stanza,,,,4322.0,4322.0,https://pypi.org/project/stanza,1076322.0,1076449.0,https://anaconda.org/stanfordnlp/stanza,2020-03-14 02:34:20.643,2025-03-25 16:28:39.162,2025-03-25 16:28:39.162000,9655.0,13.0,,,,,,2.0,,,,,,,,,,,
114,torchvision,pytorch/vision,image,,{},691.0,Image and video datasets and models for torch deep learning.,15,False,torchvision,conda-forge/torchvision,,,['pytorch'],24.0,24.0,https://pypi.org/project/torchvision,39047954.0,39125895.0,https://anaconda.org/conda-forge/torchvision,2021-03-09 23:13:43.284,2026-07-14 05:24:16.594,2026-07-14 05:24:16.594000,4988265.0,32.0,,,,,,2.0,,,,,,,,,,,
115,pyvips,libvips/pyvips,image,,{},21.0,Binding for libvips.,15,False,pyvips,conda-forge/pyvips,,,,1418.0,1418.0,https://pypi.org/project/pyvips,669292.0,674550.0,https://anaconda.org/conda-forge/pyvips,2020-10-14 09:36:00.636,2026-06-01 08:56:11.218,2026-06-01 08:56:11.218000,362847.0,9.0,,,,,,2.0,,,,,,,,,,,
116,OCRmyPDF,ocrmypdf/OCRmyPDF,ocr,,{},123.0,"OCRmyPDF adds an OCR text layer to scanned PDF files, allowing them to be searched.",15,False,ocrmypdf,conda-forge/ocrmypdf,,,,1570.0,1570.0,https://pypi.org/project/ocrmypdf,1109939.0,1112153.0,https://anaconda.org/conda-forge/ocrmypdf,2021-02-25 13:52:39.515,2026-07-17 09:53:42.293,2026-07-17 09:53:42.293000,143912.0,54.0,,,,,,1.0,,,,,,,ocrmypdf,ocrmypdf,,,
117,EasyOCR,JaidedAI/EasyOCR,ocr,,{},129.0,,15,False,easyocr,,,,,18067.0,18067.0,https://pypi.org/project/easyocr,3642764.0,3642764.0,,,,,,,,,,,,1.0,,,,,,,,,,,
118,mpld3,mpld3/mpld3,data-viz,,{},55.0,D3 Viewer for Matplotlib.,15,False,mpld3,conda-forge/mpld3,,,,7744.0,7744.0,https://pypi.org/project/mpld3,537794.0,546546.0,https://anaconda.org/conda-forge/mpld3,2020-06-15 20:42:17.133,2025-11-05 19:20:00.823,2025-11-05 19:20:00.823000,443371.0,13.0,,,,,,2.0,,mpld3,https://www.npmjs.com/package/mpld3,2679.0,,,,,,,
119,cartopy,SciTools/cartopy,data-viz,,{},142.0,A library providing cartographic tools for python.,15,False,cartopy,conda-forge/cartopy,,,,8787.0,8787.0,https://pypi.org/project/cartopy,1589922.0,1696408.0,https://anaconda.org/conda-forge/cartopy,2020-05-18 16:23:27.911,2025-10-27 17:10:02.090,2025-10-27 17:10:02.090000,7879993.0,27.0,,,,,,2.0,,,,,,,,,,,
120,hvPlot,holoviz/hvplot,data-viz,,{},54.0,A high-level plotting API for the PyData ecosystem built on HoloViews.,15,False,hvplot,conda-forge/hvplot,,,,7519.0,7519.0,https://pypi.org/project/hvplot,1349360.0,1363604.0,https://anaconda.org/conda-forge/hvplot,2020-06-02 12:42:34.211,2025-12-18 15:35:41.427,2025-12-18 15:35:41.427000,1039841.0,26.0,,,,,,2.0,,,,,,,,,,,
121,datashader,holoviz/datashader,data-viz,,{},65.0,Data visualization toolchain based on aggregating into a grid.,15,False,datashader,conda-forge/datashader,,,,6451.0,6451.0,https://pypi.org/project/datashader,381078.0,406982.0,https://anaconda.org/conda-forge/datashader,2020-05-25 22:22:03.938,2026-05-19 13:17:28.903,2026-05-19 13:17:28.903000,1916960.0,33.0,,,,,,2.0,,,,,,,,,,,
122,missingno,ResidentMario/missingno,data-viz,,{},18.0,Missing data visualization module for Python.,15,False,missingno,conda-forge/missingno,,,,23618.0,23618.0,https://pypi.org/project/missingno,515981.0,536747.0,https://anaconda.org/conda-forge/missingno,2024-03-02 01:06:25.066,2025-09-17 20:28:20.219,2025-09-17 20:28:20.219000,581469.0,5.0,,,,,,2.0,,,,,,,,,,,
123,evaluate,huggingface/evaluate,interpretability,,{},139.0,,15,False,evaluate,,,,,25795.0,25795.0,https://pypi.org/project/evaluate,5713838.0,5713838.0,,,,,,,,,,,,1.0,,,,,,,,,,,
124,igraph,igraph/python-igraph,graph,,{},81.0,An open source and free collection of network analysis tool.,15,False,python-igraph,conda-forge/igraph,,,,4919.0,4919.0,https://pypi.org/project/python-igraph,571223.0,588425.0,https://anaconda.org/conda-forge/igraph,2020-08-20 13:08:22.426,2025-12-27 19:06:26.854,2025-12-27 19:06:26.854000,1221391.0,35.0,,,,,,1.0,,,,,,,,,,,
125,ta,bukosabino/ta,financial-data,,{},34.0,Technical Analysis Library in Python.,15,False,ta,conda-forge/ta,,,,10402.0,10402.0,https://pypi.org/project/ta,937493.0,938229.0,https://anaconda.org/conda-forge/ta,2021-02-08 22:42:23.078,2025-04-22 14:57:46.184,2025-04-22 14:57:46.184000,47883.0,7.0,,,,,,1.0,,,,,,,,,,,
126,scikit-optimize,scikit-optimize/scikit-optimize,hyperopt,,{},76.0,Sequential model-based optimization toolbox.,15,False,scikit-optimize,conda-forge/scikit-optimize,,,,9089.0,9089.0,https://pypi.org/project/scikit-optimize,777433.0,790914.0,https://anaconda.org/conda-forge/scikit-optimize,2020-08-07 15:12:33.756,2025-07-26 15:19:34.264,2025-07-26 15:19:34.264000,957164.0,14.0,,,,,,1.0,,,,,,,,,,,
127,PyCaret,pycaret/pycaret,hyperopt,,{},144.0,"PyCaret - An open source, low-code machine learning library in Python.",15,False,pycaret,conda-forge/pycaret,,,,7960.0,7960.0,https://pypi.org/project/pycaret,471550.0,472889.0,https://anaconda.org/conda-forge/pycaret,2020-08-12 05:38:21.683,2025-04-22 14:57:34.170,2025-04-22 14:57:34.170000,95069.0,19.0,,,,,,1.0,,,,,,,,,,,
128,Ax,facebook/Ax,hyperopt,,{},216.0,Adaptive Experimentation.,15,False,ax-platform,conda-forge/ax-platform,,,['pytorch'],1334.0,1334.0,https://pypi.org/project/ax-platform,207873.0,209027.0,https://anaconda.org/conda-forge/ax-platform,2021-06-22 17:59:01.165,2026-06-17 01:27:01.329,2026-06-17 01:27:01.329000,70405.0,29.0,,,,,,1.0,,,,,,,,,,,
129,snakemake,snakemake/snakemake,ml-experiments,,{},406.0,A popular workflow management system aiming at full in-silico reproducibility.,15,False,snakemake,bioconda/snakemake,,,,2688.0,2688.0,https://pypi.org/project/snakemake,231307.0,245607.0,https://anaconda.org/bioconda/snakemake,2015-10-17 15:43:54.867,2026-07-30 13:05:48.227,2026-07-30 13:05:48.227000,1844767.0,368.0,,,,,,2.0,,,,,,,,,,,
130,Metaflow,Netflix/metaflow,ml-experiments,,{},143.0,"Metaflow: More Data Science, Less Engineering.",15,False,metaflow,conda-forge/metaflow,,,,1027.0,1027.0,https://pypi.org/project/metaflow,893797.0,900012.0,https://anaconda.org/conda-forge/metaflow,2020-07-29 21:37:08.322,2026-06-25 07:02:40.856,2026-06-25 07:02:40.856000,447543.0,206.0,,,,,,2.0,,,,,,,,,,,
131,Lifelines,CamDavidsonPilon/lifelines,medical-data,,{},124.0,"Survival analysis in Python, including Kaplan Meier, Nelson Aalen and regression.",15,False,lifelines,conda-forge/lifelines,,,,4500.0,4500.0,https://pypi.org/project/lifelines,2428742.0,2438365.0,https://anaconda.org/conda-forge/lifelines,2020-05-25 23:39:09.984,2026-04-29 14:43:19.233,2026-04-29 14:43:19.233000,712152.0,65.0,,,,,,2.0,,,,,,,,,,,
132,Submit it,facebookincubator/submitit,distributed-ml,,{},29.0,Python 3.6+ toolbox for submitting jobs to Slurm.,15,False,submitit,conda-forge/submitit,,,,5126.0,5126.0,https://pypi.org/project/submitit,1614629.0,1615715.0,https://anaconda.org/conda-forge/submitit,2020-08-26 15:42:24.203,2025-12-18 14:08:10.664,2025-12-18 14:08:10.664000,77164.0,12.0,,,,,,2.0,,,,,,,,,,,
133,StatsForecast,Nixtla/statsforecast,time-series-data,,{},66.0,Time series forecasting suite using statistical models.,15,False,statsforecast,conda-forge/statsforecast,,,,2209.0,2209.0,https://pypi.org/project/statsforecast,1800706.0,1806523.0,https://anaconda.org/conda-forge/statsforecast,2022-03-04 23:51:03.641,2026-07-16 21:01:59.106,2026-07-16 21:01:59.106000,302521.0,37.0,,,,,,1.0,,,,,,,,,,,
134,GluonTS,awslabs/gluon-ts,time-series-data,,{},119.0,"GluonTS is a Python toolkit for probabilistic time series modeling, built around Apache MXNet (incubating).",15,False,gluonts,anaconda/gluonts,,,['pytorch'],1675.0,1675.0,https://pypi.org/project/gluonts,8482516.0,8482596.0,https://anaconda.org/anaconda/gluonts,2021-10-14 12:53:05.194,2025-12-17 11:42:34.161,2025-12-17 11:42:34.161000,4615.0,6.0,,,,,,1.0,,,,,,,,,,,
135,Annoy,spotify/annoy,nn-search,,{},90.0,Approximate Nearest Neighbors in C++/Python optimized for memory usage and loading/saving to disk.,15,False,annoy,conda-forge/python-annoy,,,,5607.0,5607.0,https://pypi.org/project/annoy,1166324.0,1189242.0,https://anaconda.org/conda-forge/python-annoy,2020-09-18 19:43:51.472,2025-09-01 16:14:20.560,2025-09-01 16:14:20.560000,1604278.0,22.0,,,,,,2.0,,,,,,,,,,,
136,hnswlib,nmslib/hnswlib,nn-search,,{},75.0,"Python bindings for Hnswlib, a fast approximate nearest neighbor search package.",15,False,hnswlib,conda-forge/hnswlib,,,,8833.0,8833.0,https://pypi.org/project/hnswlib,553904.0,561249.0,https://anaconda.org/conda-forge/hnswlib,2020-12-23 06:04:48.389,2025-08-30 15:22:17.304,2025-08-30 15:22:17.304000,492126.0,6.0,,,,,,2.0,,,,,,,,,,,
137,GPyTorch,cornellius-gp/gpytorch,probabilistics,,{},154.0,An implementation of Gaussian Processes in Pytorch.,15,False,gpytorch,conda-forge/gpytorch,,,['pytorch'],3447.0,3447.0,https://pypi.org/project/gpytorch,1007719.0,1011476.0,https://anaconda.org/conda-forge/gpytorch,2020-05-21 18:18:14.146,2026-02-28 20:41:43.640,2026-02-28 20:41:43.640000,278042.0,26.0,,,,,,1.0,,,,,,,,,,,
138,hmmlearn,hmmlearn/hmmlearn,probabilistics,,{},49.0,Hidden Markov Models in Python with scikit-learn like API.,15,False,hmmlearn,conda-forge/hmmlearn,,,['sklearn'],3964.0,3964.0,https://pypi.org/project/hmmlearn,1224118.0,1231615.0,https://anaconda.org/conda-forge/hmmlearn,2020-09-15 00:44:34.740,2025-09-10 16:53:48.310,2025-09-10 16:53:48.310000,524848.0,12.0,,,,,,1.0,,,,,,,,,,,
139,PML,KevinMusgrave/pytorch-metric-learning,pytorch-utils,,{},45.0,"The easiest way to use deep metric learning in your application. Modular, flexible, and extensible. Written in PyTorch.",15,False,pytorch-metric-learning,metric-learning/pytorch-metric-learning,,,['pytorch'],3220.0,3220.0,https://pypi.org/project/pytorch-metric-learning,3554061.0,3554238.0,https://anaconda.org/metric-learning/pytorch-metric-learning,2020-01-15 21:48:23.571,2025-03-25 16:28:35.582,2025-03-25 16:28:35.582000,13856.0,54.0,,,,,,1.0,,,,,,,,,,,
140,torchdiffeq,rtqichen/torchdiffeq,pytorch-utils,,{},23.0,ODE solvers and adjoint sensitivity analysis in PyTorch.,15,False,torchdiffeq,conda-forge/torchdiffeq,,,['pytorch'],5948.0,5948.0,https://pypi.org/project/torchdiffeq,1022484.0,1022876.0,https://anaconda.org/conda-forge/torchdiffeq,2020-05-06 16:34:48.157,2025-04-22 14:57:25.759,2025-04-22 14:57:25.759000,29037.0,4.0,,,,,,1.0,,,,,,,,,,,
141,scikit-learn-intelex,intel/scikit-learn-intelex,sklearn-utils,,{},88.0,Extension for Scikit-learn* (CPU runtime) is a seamless way to speed up your Scikit-learn application.,15,False,scikit-learn-intelex,conda-forge/scikit-learn-intelex,,,['sklearn'],13864.0,13864.0,https://pypi.org/project/scikit-learn-intelex,162991.0,175269.0,https://anaconda.org/conda-forge/scikit-learn-intelex,2021-04-08 23:29:40.051,2026-07-14 07:44:54.068,2026-07-14 07:44:54.068000,773548.0,31.0,,,,,,2.0,,,,,,,,,,,
142,DeepSpeed,microsoft/DeepSpeed,distributed-ml,,{},490.0,https://www.deepspeed.ai for more info.,14,False,deepspeed,,deepspeed/deepspeed,,['pytorch'],15974.0,15974.0,https://pypi.org/project/deepspeed,1224751.0,1224751.0,,,,2022-09-02 00:25:31.275782,,,https://hub.docker.com/r/deepspeed/deepspeed,2022-09-02 00:25:31.275782,5.0,5.0,26894.0,2.0,,,,,,,,,,,
143,Catboost,catboost/catboost,ml-frameworks,,{},1410.0,Gradient boosting on decision trees library.,14,False,catboost,conda-forge/catboost,,,,20.0,20.0,https://pypi.org/project/catboost,5931938.0,5971350.0,https://anaconda.org/conda-forge/catboost,2020-11-05 20:16:46.091,2026-02-23 23:23:44.774,2026-02-23 23:23:44.774000,2680037.0,71.0,,,,,,2.0,,,,,,,,,,,
144,PySpark,apache/spark,ml-frameworks,,{},3536.0,Apache Spark Python API.,14,False,pyspark,conda-forge/pyspark,,,['spark'],,,https://pypi.org/project/pyspark,49772546.0,49839503.0,https://anaconda.org/conda-forge/pyspark,2020-06-06 07:35:29.643,2026-07-16 15:46:27.659,2026-07-16 15:46:27.659000,4887898.0,43.0,,,,,,2.0,,,,,,stable/spark,,,,,
145,skorch,skorch-dev/skorch,ml-frameworks,,{},72.0,A scikit-learn compatible neural network library that wraps pytorch.,14,False,skorch,conda-forge/skorch,,,"['pytorch', 'sklearn']",1805.0,1805.0,https://pypi.org/project/skorch,137113.0,149159.0,https://anaconda.org/conda-forge/skorch,2020-09-19 04:12:05.913,2026-05-20 05:57:04.606,2026-05-20 05:57:04.606000,843242.0,18.0,,,,,,2.0,,,,,,,,,,,
146,Sumy,miso-belica/sumy,nlp,,{},33.0,Module for automatic summarization of text documents and HTML pages.,14,False,sumy,conda-forge/sumy,,,,4351.0,4351.0,https://pypi.org/project/sumy,167156.0,167438.0,https://anaconda.org/conda-forge/sumy,2021-06-22 09:34:48.682,2025-04-22 14:57:55.728,2025-04-22 14:57:55.728000,17228.0,4.0,,,,,,2.0,,,,,,,,,,,
147,TextDistance,life4/textdistance,nlp,,{},18.0,TextDistance python library for comparing distance between two or more sequences by many algorithms.,14,False,textdistance,conda-forge/textdistance,,,,8980.0,8980.0,https://pypi.org/project/textdistance,2480125.0,2497919.0,https://anaconda.org/conda-forge/textdistance,2020-11-09 13:54:55.292,2025-04-22 14:56:50.409,2025-04-22 14:56:50.409000,1210018.0,14.0,,,,,,2.0,,,,,,,,,,,
148,autogen,microsoft/autogen,agents,,{},534.0,,14,False,autogen-agentchat,,,,,4533.0,4533.0,https://pypi.org/project/autogen-agentchat,1022137.0,1022137.0,,,,,,,,,,,,3.0,,,,,,,,,,,
149,sahi,obss/sahi,image,,{},78.0,A vision library for performing sliced inference on large images/small objects.,14,False,sahi,conda-forge/sahi,,,,1978.0,1978.0,https://pypi.org/project/sahi,270617.0,273346.0,https://anaconda.org/conda-forge/sahi,2021-10-08 17:03:02.074,2026-07-22 15:52:26.111,2026-07-22 15:52:26.111000,155576.0,72.0,,,,,,2.0,,,,,,,,,,,
150,detectron2,facebookresearch/detectron2,image,,{},287.0,Detectron2 is FAIRs next-generation platform for object detection and segmentation.,14,False,detectron2,conda-forge/detectron2,,,['pytorch'],2640.0,2640.0,https://pypi.org/project/detectron2,,14969.0,https://anaconda.org/conda-forge/detectron2,2020-07-09 13:12:53.248,2026-06-18 17:18:26.312,2026-06-18 17:18:26.312000,1077800.0,9.0,,,,,,2.0,,,,,,,,,,,
151,MMDetection,open-mmlab/mmdetection,image,,{},453.0,,14,False,mmdet,,,,['pytorch'],4125.0,4125.0,https://pypi.org/project/mmdet,583189.0,583189.0,,,,,,,,,,,,2.0,,,,,,,,,,,
152,PaddleOCR,PaddlePaddle/PaddleOCR,ocr,,{},295.0,,14,False,paddleocr,,,,['paddle'],6943.0,6943.0,https://pypi.org/project/paddleocr,3022529.0,3022529.0,,,,,,,,,,,,2.0,,,,,,,,,,,
153,tesserocr,sirfz/tesserocr,ocr,,{},35.0,"A simple, Pillow-friendly, Python wrapper around tesseract-ocr API using Cython.",14,False,tesserocr,conda-forge/tesserocr,,,,1453.0,1453.0,https://pypi.org/project/tesserocr,545838.0,550926.0,https://anaconda.org/conda-forge/tesserocr,2020-07-10 15:30:26.694,2025-04-22 14:57:14.353,2025-04-22 14:57:14.353000,366372.0,6.0,,,,,,2.0,,,,,,,,,,,
154,D-Tale,man-group/dtale,data-viz,,{},33.0,D-Tale is the combination of a Flask back-end and a React front-end to bring you an easy way to view & analyze Pandas..,14,False,dtale,conda-forge/dtale,,,"['pandas', 'jupyter']",1538.0,1538.0,https://pypi.org/project/dtale,67099.0,74982.0,https://anaconda.org/conda-forge/dtale,2020-05-31 14:48:59.449,2026-04-01 13:43:46.846,2026-04-01 13:43:46.846000,583392.0,160.0,,,,,,2.0,LGPL-2.1,,,,,,,,,,
155,Lime,marcotcr/lime,interpretability,,{},62.0,Explaining the predictions of any machine learning classifier.,14,False,lime,conda-forge/lime,,,,9830.0,9830.0,https://pypi.org/project/lime,406965.0,412368.0,https://anaconda.org/conda-forge/lime,2020-06-28 01:02:39.858,2025-04-22 14:56:30.659,2025-04-22 14:56:30.659000,394482.0,11.0,,,,,,1.0,,,,,-1.0,,,,,,
156,scikit-plot,reiinakano/scikit-plot,interpretability,,{},13.0,An intuitive library to add plotting functionality to scikit-learn objects.,14,False,scikit-plot,conda-forge/scikit-plot,,,['sklearn'],6598.0,6598.0,https://pypi.org/project/scikit-plot,498166.0,503520.0,https://anaconda.org/conda-forge/scikit-plot,2017-07-28 13:12:37.676,2025-04-22 14:56:38.875,2025-04-22 14:56:38.875000,578301.0,6.0,,,,,,1.0,,,,,,,,,,,
157,pyLDAvis,bmabey/pyLDAvis,interpretability,,{},42.0,Python library for interactive topic model visualization.,14,False,pyldavis,conda-forge/pyldavis,,,['jupyter'],7509.0,7509.0,https://pypi.org/project/pyldavis,86371.0,88132.0,https://anaconda.org/conda-forge/pyldavis,2021-03-22 07:23:59.104,2025-04-22 14:56:51.622,2025-04-22 14:56:51.622000,112716.0,7.0,,,,,,1.0,,,,,,,,,,,
158,dtreeviz,parrt/dtreeviz,interpretability,,{},29.0,A python library for decision tree visualization and model interpretation.,14,False,dtreeviz,conda-forge/dtreeviz,,,,1631.0,1631.0,https://pypi.org/project/dtreeviz,79845.0,81903.0,https://anaconda.org/conda-forge/dtreeviz,2020-11-11 13:07:21.019,2026-07-23 07:45:21.686,2026-07-23 07:45:21.686000,139964.0,22.0,,,,,,1.0,,,,,,,,,,,
159,Captum,pytorch/captum,interpretability,,{},145.0,Model interpretability for PyTorch.,14,False,captum,conda-forge/captum,,,['pytorch'],3721.0,3721.0,https://pypi.org/project/captum,526735.0,529890.0,https://anaconda.org/conda-forge/captum,2021-12-30 19:59:39.750,2026-04-17 07:52:38.995,2026-04-17 07:52:38.995000,173539.0,5.0,,,,,,1.0,,,,,,,,,,,
160,arch,bashtage/arch,financial-data,,{},40.0,Autoregressive Conditional Heteroskedasticity (ARCH) and other tools for financial econometrics.,14,False,arch,conda-forge/arch-py,,,,3810.0,3810.0,https://pypi.org/project/arch,996637.0,1007787.0,https://anaconda.org/conda-forge/arch-py,2020-06-25 00:04:53.242,2025-10-21 13:02:21.450,2025-10-21 13:02:21.450000,813953.0,23.0,,,,,,2.0,,,,,,,,,,,
161,Keras Tuner,keras-team/keras-tuner,hyperopt,,{},61.0,Hypertuner for Keras.,14,False,keras-tuner,conda-forge/keras-tuner,,,['tensorflow'],6267.0,6267.0,https://pypi.org/project/keras-tuner,170236.0,171608.0,https://anaconda.org/conda-forge/keras-tuner,2021-08-02 13:21:10.519,2025-12-30 15:56:03.681,2025-12-30 15:56:03.681000,80967.0,16.0,,,,,,2.0,,,,,,,,,,,
162,nevergrad,facebookresearch/nevergrad,hyperopt,,{},59.0,A Python toolbox for performing gradient-free optimization.,14,False,nevergrad,conda-forge/nevergrad,,,,1248.0,1248.0,https://pypi.org/project/nevergrad,455940.0,456962.0,https://anaconda.org/conda-forge/nevergrad,2020-05-26 12:59:59.482,2025-04-22 14:57:24.222,2025-04-22 14:57:24.222000,75661.0,15.0,,,,,,2.0,,,,,,,,,,,
163,stable-baselines3,DLR-RM/stable-baselines3,reinforcement-learning,,{},173.0,,14,False,stable-baselines3,,,,,10473.0,10473.0,https://pypi.org/project/stable-baselines3,1363384.0,1363384.0,,,,,,,,,,,,1.0,,,,,,,,,,,
164,DIPY,dipy/dipy,medical-data,,{},204.0,Diffusion MR Imaging in Python.,14,False,dipy,conda-forge/dipy,,,,1653.0,1653.0,https://pypi.org/project/dipy,90175.0,107939.0,https://anaconda.org/conda-forge/dipy,2020-09-15 04:04:39.951,2026-04-24 18:41:52.533,2026-04-24 18:41:52.533000,1243500.0,21.0,,,,,,2.0,,,,,,,,,,,
165,SDV,sdv-dev/SDV,tabular,,{},50.0,"Synthetic Data Generation for tabular, relational and time series data.",14,False,sdv,conda-forge/sdv,,,,912.0,912.0,https://pypi.org/project/sdv,111845.0,113650.0,https://anaconda.org/conda-forge/sdv,2021-12-01 17:23:52.352,2026-07-27 14:55:55.906,2026-07-27 14:55:55.906000,99300.0,74.0,,,,,,1.0,,,,,,,,,,,
166,tslearn,tslearn-team/tslearn,time-series-data,,{},50.0,A machine learning toolkit dedicated to time-series data.,14,False,tslearn,conda-forge/tslearn,,,['sklearn'],2006.0,2006.0,https://pypi.org/project/tslearn,311512.0,339438.0,https://anaconda.org/conda-forge/tslearn,2020-06-15 20:45:09.304,2026-07-03 08:42:17.384,2026-07-03 08:42:17.384000,2038636.0,30.0,,,,,,2.0,,,,,,,,,,,
167,implicit,benfred/implicit,recommender-systems,,{},37.0,Fast Python Collaborative Filtering for Implicit Datasets.,14,False,implicit,conda-forge/implicit,,,,2016.0,2016.0,https://pypi.org/project/implicit,330487.0,359321.0,https://anaconda.org/conda-forge/implicit,2020-09-15 03:41:22.783,2026-05-14 22:07:46.291,2026-05-14 22:07:46.291000,2018408.0,18.0,,,,,,1.0,,,,,,,,,,,
168,Coqui TTS,coqui-ai/TTS,audio,,{},166.0,Deep learning for Text to Speech by Coqui.,14,False,tts,conda-forge/tts,,,"['pytorch', 'tensorflow']",3791.0,3791.0,https://pypi.org/project/tts,99263.0,99923.0,https://anaconda.org/conda-forge/tts,2021-10-18 17:44:58.974,2025-04-22 14:58:02.848,2025-04-22 14:58:02.848000,37668.0,4.0,,,,,,1.0,,,,,,,,,,,
169,speechbrain,speechbrain/speechbrain,audio,,{},277.0,,14,False,speechbrain,,,,['pytorch'],4342.0,4342.0,https://pypi.org/project/speechbrain,1675345.0,1675345.0,,,,,,,,,,,,1.0,,,,,,,,,,,
170,huggingface_hub,huggingface/huggingface_hub,model-serialisation,,{},358.0,"Client library to download and publish models, datasets and other repos on the huggingface.co hub.",14,False,huggingface_hub,conda-forge/huggingface_hub,,,,,,https://pypi.org/project/huggingface_hub,425229163.0,425330603.0,https://anaconda.org/conda-forge/huggingface_hub,2021-02-12 21:11:22.751,2026-07-27 14:43:35.625,2026-07-27 14:43:35.625000,6593615.0,167.0,,,,,,2.0,,,,,,,,,,,
171,Opacus,pytorch/opacus,privacy-ml,,{},91.0,Train PyTorch models with Differential Privacy.,14,False,opacus,conda-forge/opacus,,,['pytorch'],1291.0,1291.0,https://pypi.org/project/opacus,164194.0,164864.0,https://anaconda.org/conda-forge/opacus,2022-01-11 20:35:33.574,2026-05-05 21:02:34.391,2026-05-05 21:02:34.391000,36196.0,12.0,,,,,,1.0,,,,,,,,,,,
172,gpustat,wookayin/gpustat,gpu-utilities,,{},18.0,A simple command-line utility for querying and monitoring GPU status.,14,False,gpustat,conda-forge/gpustat,,,,8215.0,8215.0,https://pypi.org/project/gpustat,1043494.0,1048429.0,https://anaconda.org/conda-forge/gpustat,2020-11-24 19:59:02.801,2025-04-22 14:57:03.401,2025-04-22 14:57:03.401000,335584.0,5.0,,,,,,2.0,,,,,,,,,,,
173,PyCUDA,inducer/pycuda,gpu-utilities,,{},84.0,Python wrapper for CUDA.,14,False,pycuda,conda-forge/pycuda,,,,4125.0,4125.0,https://pypi.org/project/pycuda,82457.0,104410.0,https://anaconda.org/conda-forge/pycuda,2021-03-24 21:15:24.222,2025-10-27 15:24:05.554,2025-10-27 15:24:05.554000,1405033.0,9.0,,,,,,2.0,,,,,,,,,,,
174,emcee,dfm/emcee,probabilistics,,{},78.0,The Python ensemble sampling toolkit for MCMC.,14,False,emcee,conda-forge/emcee,,,,3422.0,3422.0,https://pypi.org/project/emcee,791843.0,805350.0,https://anaconda.org/conda-forge/emcee,2021-06-27 13:53:55.745,2025-04-22 14:56:23.732,2025-04-22 14:56:23.732000,823967.0,12.0,,,,,,2.0,,,,,,,,,,,
175,PyStan,stan-dev/pystan,probabilistics,,{},14.0,"Python interface to Stan, a package for Bayesian inference.",14,False,pystan,conda-forge/pystan,,,,10630.0,10630.0,https://pypi.org/project/pystan,1365491.0,1415976.0,https://anaconda.org/conda-forge/pystan,2020-08-25 22:10:44.292,2025-04-22 14:56:33.006,2025-04-22 14:56:33.006000,3584477.0,13.0,,,,,,2.0,,,,,,,,,,,
176,SALib,SALib/SALib,probabilistics,,{},58.0,Sensitivity Analysis Library.,14,False,salib,conda-forge/salib,,,,1779.0,1779.0,https://pypi.org/project/salib,720358.0,728135.0,https://anaconda.org/conda-forge/salib,2020-10-24 17:04:38.048,2025-10-12 03:01:28.233,2025-10-12 03:01:28.233000,536673.0,16.0,,,,,,2.0,,,,,,,,,,,
177,pingouin,raphaelvallat/pingouin,probabilistics,,{},50.0,Pingouin is an open-source statistical package written in Python 3 and based mostly on Pandas and NumPy.,14,False,pingouin,conda-forge/pingouin,,,,3570.0,3570.0,https://pypi.org/project/pingouin,503301.0,506474.0,https://anaconda.org/conda-forge/pingouin,2020-06-15 06:04:02.429,2026-03-28 17:04:20.161,2026-03-28 17:04:20.161000,231633.0,30.0,,,,,,2.0,,,,,,,,,,,
178,scikit-survival,sebp/scikit-survival,sklearn-utils,,{},26.0,Survival analysis built on top of scikit-learn.,14,False,scikit-survival,conda-forge/scikit-survival,,,['sklearn'],1019.0,1019.0,https://pypi.org/project/scikit-survival,262075.0,268860.0,https://anaconda.org/conda-forge/scikit-survival,2021-11-09 12:11:50.632,2026-07-05 12:16:19.854,2026-07-05 12:16:19.854000,379963.0,19.0,,,,,,2.0,,,,,,,,,,,
179,Feature Engine,feature-engine/feature_engine,others,,{},63.0,Feature engineering and selection package with Scikit-learns fit and transform functionality.,14,False,feature_engine,conda-forge/feature_engine,,,,3924.0,3924.0,https://pypi.org/project/feature_engine,315065.0,316417.0,https://anaconda.org/conda-forge/feature_engine,2020-08-06 19:43:35.639,2026-02-28 00:54:25.851,2026-02-28 00:54:25.851000,96042.0,26.0,,,,,,1.0,,,,,,,,,,,
180,PennyLane,PennyLaneAI/PennyLane,others,,{},225.0,PennyLane is a Python quantum machine learning library by Xanadu Inc.,14,False,pennylane,conda-forge/pennylane,,,,2136.0,2136.0,https://pypi.org/project/pennylane,284701.0,292542.0,https://anaconda.org/conda-forge/pennylane,2021-11-24 17:17:59.313,2025-04-22 14:58:05.852,2025-04-22 14:58:05.852000,439120.0,19.0,,,,,,1.0,,,,,,,,,,,
181,River,online-ml/river,others,,{},148.0,Online machine learning in Python.,14,False,river,conda-forge/river,,,,898.0,898.0,https://pypi.org/project/river,197229.0,199827.0,https://anaconda.org/conda-forge/river,2021-04-19 20:23:28.936,2026-06-01 01:52:46.506,2026-06-01 01:52:46.506000,163675.0,8.0,,,,,,1.0,,,,,,,,,,,
182,kmodes,nicodv/kmodes,others,,{},22.0,Python implementations of the k-modes and k-prototypes clustering algorithms for clustering categorical data.,14,False,kmodes,conda-forge/kmodes,,,,3209.0,3209.0,https://pypi.org/project/kmodes,542321.0,543486.0,https://anaconda.org/conda-forge/kmodes,2020-04-04 05:32:53.353,2025-04-22 14:57:23.933,2025-04-22 14:57:23.933000,87401.0,6.0,,,,,,1.0,,,,,,,,,,,
183,ngboost,stanfordmlgroup/ngboost,ml-frameworks,,{},62.0,Natural Gradient Boosting for Probabilistic Prediction.,13,False,ngboost,conda-forge/ngboost,,,,305.0,305.0,https://pypi.org/project/ngboost,173102.0,174504.0,https://anaconda.org/conda-forge/ngboost,2020-07-18 02:10:27.277,2026-06-26 06:33:29.103,2026-06-26 06:33:29.103000,100960.0,34.0,,,,,,3.0,,,,,,,,,,,
184,textacy,chartbeat-labs/textacy,nlp,,{},35.0,"NLP, before and after spaCy.",13,False,textacy,conda-forge/textacy,,,,2088.0,2088.0,https://pypi.org/project/textacy,99386.0,102152.0,https://anaconda.org/conda-forge/textacy,2017-05-12 21:55:59.675,2025-04-22 14:56:36.813,2025-04-22 14:56:36.813000,304365.0,12.0,,,,,,2.0,,,,,,,,,,,
185,nlpaug,makcedward/nlpaug,nlp,,{},34.0,Natrual language processing data Augmentation library.,13,False,nlpaug,conda-forge/nlpaug,,,,1892.0,1892.0,https://pypi.org/project/nlpaug,180306.0,181200.0,https://anaconda.org/conda-forge/nlpaug,2021-06-28 02:58:38.053,2025-04-22 14:57:56.135,2025-04-22 14:57:56.135000,54577.0,7.0,,,,,,2.0,,,,,,,,,,,
186,spacy-transformers,explosion/spacy-transformers,nlp,,{},24.0,"Use pretrained transformers like BERT, XLNet and GPT-2 in spaCy.",13,False,spacy-transformers,conda-forge/spacy-transformers,,,['spacy'],2420.0,2420.0,https://pypi.org/project/spacy-transformers,257070.0,260337.0,https://anaconda.org/conda-forge/spacy-transformers,2021-11-18 17:41:04.018,2026-03-24 13:10:30.640,2026-03-24 13:10:30.640000,182952.0,22.0,,,,,,2.0,,,,,,,,,,,
187,ag2,ag2ai/ag2,agents,,{},497.0,,13,False,ag2,,,,,962.0,962.0,https://pypi.org/project/ag2,484761.0,484761.0,,,,,,,,,,,,3.0,,,,,,,,,,,
188,haystack,deepset-ai/haystack,agents,,{},408.0,,13,False,haystack-ai,,,,,1764.0,1764.0,https://pypi.org/project/haystack-ai,1007968.0,1007968.0,,,,,,,,,,,,3.0,,,,,,,,,,,
189,agno,agno-agi/agno,agents,,{},525.0,,13,False,agno,,,,,3017.0,3017.0,https://pypi.org/project/agno,2172365.0,2172365.0,,,,,,,,,,,,3.0,,,,,,,,,,,
190,deepface,serengil/deepface,image,,{},98.0,,13,False,deepface,,,,,8713.0,8713.0,https://pypi.org/project/deepface,575232.0,575232.0,,,,,,,,,,,,2.0,,,,,,,,,,,
191,mahotas,luispedro/mahotas,image,,{},35.0,Mahotas: Computer Vision Library.,13,False,mahotas,conda-forge/mahotas,,,,1589.0,1589.0,https://pypi.org/project/mahotas,55241.0,73364.0,https://anaconda.org/conda-forge/mahotas,2020-06-12 13:41:17.109,2025-10-21 21:07:30.102,2025-10-21 21:07:30.102000,1323021.0,14.0,,,,,,2.0,,,,,,,,,,,
192,Face Recognition,ageitgey/face_recognition,image,,{},55.0,Recognize faces from Python or from the command line.,13,False,face_recognition,conda-forge/face_recognition,,,['pytorch'],5666.0,5666.0,https://pypi.org/project/face_recognition,202692.0,203337.0,https://anaconda.org/conda-forge/face_recognition,2020-09-14 16:50:56.246,2025-04-22 14:57:35.730,2025-04-22 14:57:35.730000,45199.0,1.0,,,,,,2.0,,,,,,,,,,,
193,InsightFace,deepinsight/insightface,image,,{},67.0,,13,False,insightface,,,,['mxnet'],5263.0,5263.0,https://pypi.org/project/insightface,1096240.0,1096240.0,,,,,,,,,,,,2.0,,,,,,,,,,,
194,Plotly-Resampler,predict-idlab/plotly-resampler,data-viz,,{},14.0,Visualizing large time series with plotly.,13,False,plotly-resampler,conda-forge/plotly-resampler,,,,2097.0,2097.0,https://pypi.org/project/plotly-resampler,554471.0,557805.0,https://anaconda.org/conda-forge/plotly-resampler,2022-01-13 19:12:38.352,2025-10-09 21:44:53.402,2025-10-09 21:44:53.402000,180048.0,23.0,,,,,,2.0,,,,,,,,,,,
195,bqplot,bqplot/bqplot,data-viz,,{},71.0,Plotting library for Jupyter.,13,False,bqplot,conda-forge/bqplot,,,['jupyter'],65.0,65.0,https://pypi.org/project/bqplot,394729.0,442820.0,https://anaconda.org/conda-forge/bqplot,2020-05-24 11:30:38.431,2026-05-07 12:02:44.851,2026-05-07 12:02:44.851000,3376697.0,68.0,,,,,,2.0,,bqplot,https://www.npmjs.com/package/bqplot,2460.0,,,,,,,
196,pyvis,WestHealth/pyvis,data-viz,,{},32.0,,13,False,pyvis,,,,,12568.0,12568.0,https://pypi.org/project/pyvis,2228283.0,2228283.0,,,,,,,,,,,,2.0,,,,,,,,,,,
197,Perspective,finos/perspective,data-viz,,{},103.0,Streaming pivot visualization via WebAssembly.,13,False,perspective-python,conda-forge/perspective,,,['jupyter'],213.0,213.0,https://pypi.org/project/perspective-python,33511.0,74895.0,https://anaconda.org/conda-forge/perspective,2020-06-07 15:10:08.248,2026-07-09 19:35:34.135,2026-07-09 19:35:34.135000,2959343.0,87.0,,,,,,2.0,,@finos/perspective-jupyterlab,https://www.npmjs.com/package/@finos/perspective-jupyterlab,846.0,,,,,,,
198,pyecharts,pyecharts/pyecharts,data-viz,,{},45.0,,13,False,pyecharts,,,https://github.com/pyecharts/pyecharts/blob/master/README.en.md,['jupyter'],5688.0,5688.0,https://pypi.org/project/pyecharts,1100137.0,1100137.0,,,,,,,,,,,,2.0,,,,,,,,,,,
199,dgl,dmlc/dgl,graph,,{},298.0,,13,False,dgl,,,,,4256.0,4256.0,https://pypi.org/project/dgl,149208.0,149208.0,,,,,,,,,,,,2.0,,,,,,,,,,,
200,ogb,snap-stanford/ogb,graph,,{},32.0,Open Graph Benchmark.,13,False,ogb,conda-forge/ogb,,,,2787.0,2787.0,https://pypi.org/project/ogb,124150.0,125263.0,https://anaconda.org/conda-forge/ogb,2020-09-02 17:22:47.382,2025-04-22 14:57:35.121,2025-04-22 14:57:35.121000,77921.0,11.0,,,,,,2.0,,,,,,,,,,,
201,PySAL,pysal/pysal,geospatial-data,,{},82.0,Library of spatial analysis functions.,13,False,pysal,conda-forge/pysal,,,,1873.0,1873.0,https://pypi.org/project/pysal,103347.0,118206.0,https://anaconda.org/conda-forge/pysal,2020-07-30 10:24:56.727,2026-02-01 19:29:27.242,2026-02-01 19:29:27.242000,1069903.0,24.0,,,,,,3.0,,,,,,,,,,,
202,Satpy,pytroll/satpy,geospatial-data,,{},191.0,Meteorological processing package.,13,False,satpy,conda-forge/satpy,,,,207.0,207.0,https://pypi.org/project/satpy,73967.0,80150.0,https://anaconda.org/conda-forge/satpy,2020-06-10 19:56:45.218,2026-03-05 18:39:22.244,2026-03-05 18:39:22.244000,451406.0,76.0,,,,,,3.0,,,,,,,,,,,
203,Bayesian Optimization,fmfn/BayesianOptimization,hyperopt,,{},57.0,,13,False,bayesian-optimization,,,,,4228.0,4228.0,https://pypi.org/project/bayesian-optimization,752446.0,752446.0,,,,,,,,,,,,2.0,,,,,,,,,,,
204,featuretools,alteryx/featuretools,hyperopt,,{},75.0,a framework for automated feature engineering.,13,False,featuretools,conda-forge/featuretools,,,,2167.0,2167.0,https://pypi.org/project/featuretools,209077.0,213356.0,https://anaconda.org/conda-forge/featuretools,2020-06-04 23:17:05.307,2025-04-22 14:56:57.460,2025-04-22 14:56:57.460000,312378.0,77.0,,,,,,2.0,,,,,,,,,,,
205,Neptune.ai,neptune-ai/neptune-client,ml-experiments,,{},59.0,Neptune Client.,13,False,neptune-client,conda-forge/neptune-client,,,,981.0,981.0,https://pypi.org/project/neptune-client,57885.0,64001.0,https://anaconda.org/conda-forge/neptune-client,2020-05-20 10:42:43.652,2025-04-22 14:57:20.407,2025-04-22 14:57:20.407000,452588.0,132.0,,,,,,2.0,,,,,,,,,,,
206,aim,aimhubio/aim,ml-experiments,,{},82.0,"A super-easy way to record, search and compare 1000s of ML training runs.",13,False,aim,conda-forge/aim,,,,1233.0,1233.0,https://pypi.org/project/aim,127484.0,130510.0,https://anaconda.org/conda-forge/aim,2021-07-07 13:38:09.942,2026-02-02 15:43:00.878,2026-02-02 15:43:00.878000,181572.0,12.0,,,,,,2.0,,,,,,,,,,,
207,pyRiemann,pyRiemann/pyRiemann,ml-frameworks,,{},42.0,Biosignals classification with Riemannian Geometry.,13,False,pyriemann,conda-forge/pyriemann,,https://pyriemann.readthedocs.io/en/latest/,['sklearn'],514.0,514.0,https://pypi.org/project/pyriemann,84979.0,85464.0,https://anaconda.org/conda-forge/pyriemann,2022-06-08 12:07:57.776,2026-07-21 00:00:13.884,2026-07-21 00:00:13.884000,23781.0,11.0,,,,,,3.0,,,,,,,,,,,
208,dask-ml,dask/dask-ml,distributed-ml,,{},82.0,Distributed and parallel machine learning using dask.,13,False,dask-ml,conda-forge/dask-ml,,,,1353.0,1353.0,https://pypi.org/project/dask-ml,113371.0,131554.0,https://anaconda.org/conda-forge/dask-ml,2020-05-26 20:29:09.888,2025-04-22 14:56:42.913,2025-04-22 14:56:42.913000,1345599.0,31.0,,,,,,2.0,,,,,,,,,,,
209,pytorch-forecasting,jdb78/pytorch-forecasting,time-series-data,,{},108.0,Timeseries forecasting with PyTorch.,13,False,pytorch-forecasting,conda-forge/pytorch-forecasting,,,,708.0,708.0,https://pypi.org/project/pytorch-forecasting,331414.0,332898.0,https://anaconda.org/conda-forge/pytorch-forecasting,2020-09-14 11:56:00.946,2026-06-25 08:25:03.077,2026-06-25 08:25:03.077000,103888.0,32.0,,,,,,2.0,,,,,,,,,,,
210,Cornac,PreferredAI/cornac,recommender-systems,,{},31.0,A Comparative Framework for Multimodal Recommender Systems.,13,False,cornac,conda-forge/cornac,,,,306.0,306.0,https://pypi.org/project/cornac,60825.0,75937.0,https://anaconda.org/conda-forge/cornac,2020-06-06 08:50:52.981,2026-07-15 17:00:30.148,2026-07-15 17:00:30.148000,1103219.0,58.0,,,,,,1.0,,,,,,,,,,,
211,SpeechRecognition,Uberi/speech_recognition,audio,,{},62.0,"Library for performing speech recognition, with support for several engines and APIs, online and offline.",13,False,SpeechRecognition,conda-forge/speechrecognition,,,,24.0,24.0,https://pypi.org/project/SpeechRecognition,11514688.0,11523403.0,https://anaconda.org/conda-forge/speechrecognition,2020-08-20 04:16:29.624,2026-06-17 03:46:16.860,2026-06-17 03:46:16.860000,618831.0,27.0,,,,,,2.0,,,,,,,,,,,
212,tinytag,devsnd/tinytag,audio,,{},28.0,,13,False,tinytag,,,,,1926.0,1926.0,https://pypi.org/project/tinytag,5224185.0,5224185.0,,,,,,,,,,,,2.0,,,,,,,,,,,
213,Apex,NVIDIA/apex,gpu-utilities,,{},140.0,a Pytorch extension with NVIDIA-maintained utilities to streamline mixed precision and distributed training.,13,False,,conda-forge/nvidia-apex,,,['pytorch'],3368.0,3368.0,,,10829.0,https://anaconda.org/conda-forge/nvidia-apex,2020-10-08 01:21:09.615,2026-06-17 09:19:03.496,2026-06-17 09:19:03.496000,747265.0,5.0,,,,,,2.0,,,,,,,,,,,
214,pgmpy,pgmpy/pgmpy,probabilistics,,{},241.0,,13,False,pgmpy,,,,,1802.0,1802.0,https://pypi.org/project/pgmpy,921885.0,921885.0,,,,,,,,,,,,3.0,,,,,,,,,,,
215,scikit-posthocs,maximtrp/scikit-posthocs,probabilistics,,{},19.0,Statistical post-hoc analysis and outlier detection algorithms.,13,False,scikit-posthocs,conda-forge/scikit-posthocs,,,['sklearn'],1284.0,1284.0,https://pypi.org/project/scikit-posthocs,138781.0,156001.0,https://anaconda.org/conda-forge/scikit-posthocs,2020-10-13 01:11:10.773,2026-05-26 19:44:09.190,2026-05-26 19:44:09.190000,1188221.0,15.0,,,,,,3.0,,,,,,,,,,,
216,torchinfo,TylerYep/torchinfo,pytorch-utils,,{},29.0,,13,False,torchinfo,,,,['pytorch'],8243.0,8243.0,https://pypi.org/project/torchinfo,635853.0,635853.0,,,,,,,,,,,,2.0,,,,,,,,,,,
217,tensorly,tensorly/tensorly,others,,{},76.0,Tensor learning in Python.,13,False,tensorly,conda-forge/tensorly,,,,1231.0,1231.0,https://pypi.org/project/tensorly,101770.0,107606.0,https://anaconda.org/conda-forge/tensorly,2020-10-20 14:38:35.389,2025-04-22 14:56:50.737,2025-04-22 14:56:50.737000,402729.0,9.0,,,,,,2.0,,,,,,,,,,,
218,pyjanitor,pyjanitor-devs/pyjanitor,others,,{},120.0,Tools for cleaning pandas DataFrames.,13,False,pyjanitor,conda-forge/pyjanitor,,,,1013.0,1013.0,https://pypi.org/project/pyjanitor,373578.0,378947.0,https://anaconda.org/conda-forge/pyjanitor,2020-05-18 15:23:06.586,2026-04-07 15:32:35.394,2026-04-07 15:32:35.394000,397376.0,78.0,,,,,,2.0,,,,,,,,,,,
219,datalad,datalad/datalad,others,,{},65.0,data distribution geared toward scientific datasets.,13,False,datalad,conda-forge/datalad,,,,579.0,579.0,https://pypi.org/project/datalad,54542.0,70762.0,https://anaconda.org/conda-forge/datalad,2020-06-24 04:55:07.916,2026-07-24 16:28:34.158,2026-07-24 16:28:34.158000,1184104.0,79.0,,,,,,2.0,,,,,,,,,,,
220,Datasette,simonw/datasette,others,,{},95.0,An open source multi-tool for exploring and publishing data.,13,False,datasette,conda-forge/datasette,,,,1811.0,1811.0,https://pypi.org/project/datasette,159609.0,161039.0,https://anaconda.org/conda-forge/datasette,2021-04-21 16:46:59.352,2025-11-08 17:11:51.538,2025-11-08 17:11:51.538000,90140.0,32.0,,,,,,2.0,,,,,,,datasette,,,,
221,AutoGluon,autogluon/autogluon,hyperopt,,{},161.0,"AutoGluon: AutoML for Text, Image, and Tabular Data.",12,False,autogluon,,autogluon/autogluon,https://auto.gluon.ai,"['pytorch', 'sklearn']",1291.0,1291.0,https://pypi.org/project/autogluon,192489.0,192489.0,,,,2025-06-16 23:01:47.182920,,,https://hub.docker.com/r/autogluon/autogluon,2025-06-16 23:01:47.182920,19.0,19.0,25601.0,2.0,,,,,,,,,,,
222,Sonnet,deepmind/sonnet,ml-frameworks,,{},63.0,Multi-language spell checker.,12,False,dm-sonnet,conda-forge/sonnet,,,['tensorflow'],1581.0,1581.0,https://pypi.org/project/dm-sonnet,16233.0,16919.0,https://anaconda.org/conda-forge/sonnet,2019-11-20 21:03:41.099,2025-04-22 14:57:17.453,2025-04-22 14:57:17.453000,54951.0,13.0,,,,,,3.0,,,,,,,,,,,
223,flashtext,vi3k6i5/flashtext,nlp,,{},7.0,This module can be used to replace keywords in sentences or extract keywords from sentences. It is based on the..,12,False,flashtext,conda-forge/flashtext,,,,2110.0,2110.0,https://pypi.org/project/flashtext,2484937.0,2485279.0,https://anaconda.org/conda-forge/flashtext,2020-07-16 16:37:57.409,2025-04-22 14:57:29.789,2025-04-22 14:57:29.789000,24629.0,1.0,,,,,,2.0,,,,,,,,,,,
224,fairseq,facebookresearch/fairseq,nlp,,{},433.0,Facebook AI Research Sequence-to-Sequence Toolkit.,12,False,fairseq,conda-forge/fairseq,,,['pytorch'],24.0,24.0,https://pypi.org/project/fairseq,60836.0,63715.0,https://anaconda.org/conda-forge/fairseq,2020-07-24 16:44:47.386,2026-07-28 16:41:30.779,2026-07-28 16:41:30.779000,207349.0,4.0,,,,,,2.0,,,,,,,,,,,
225,PyTorch3D,facebookresearch/pytorch3d,image,,{},181.0,3d Geometry for pytorch.,12,False,pytorch3d,pytorch3d/pytorch3d,,,['pytorch'],1383.0,1383.0,https://pypi.org/project/pytorch3d,1650.0,7016.0,https://anaconda.org/pytorch3d/pytorch3d,2019-11-19 20:10:38.667,2025-03-25 16:29:23.925,2025-03-25 16:29:23.925000,429355.0,18.0,,,,,,2.0,,,,,,,,,,,
226,FiftyOne,voxel51/fiftyone,data-viz,,{},204.0,"Visualize, create, and debug image and video datasets and model predictions.",12,False,fiftyone,,,,"['tensorflow', 'pytorch', 'jupyter']",1088.0,1088.0,https://pypi.org/project/fiftyone,153511.0,153511.0,,,,,,,,,,,,3.0,,,,,,,,,,,
227,ydata-profiling,ydataai/ydata-profiling,data-viz,,{},142.0,Generate profile report for pandas DataFrame.,12,False,ydata-profiling,conda-forge/ydata-profiling,,,"['jupyter', 'pandas']",14.0,14.0,https://pypi.org/project/ydata-profiling,1835943.0,1838532.0,https://anaconda.org/conda-forge/ydata-profiling,2023-02-27 12:22:21.195,2026-07-03 11:16:07.164,2026-07-03 11:16:07.164000,106173.0,34.0,,,,,,3.0,,,,,,,,,,,
228,Sweetviz,fbdesignpro/sweetviz,data-viz,,{},13.0,A pandas-based library to visualize and compare datasets.,12,False,sweetviz,conda-forge/sweetviz,,,,3201.0,3201.0,https://pypi.org/project/sweetviz,210574.0,211574.0,https://anaconda.org/conda-forge/sweetviz,2021-02-03 19:13:59.125,2026-04-11 23:31:56.666,2026-04-11 23:31:56.666000,65064.0,15.0,,,,,,3.0,,,,,,,,,,,
229,openTSNE,pavlin-policar/openTSNE,data-viz,,{},15.0,"Extensible, parallel implementations of t-SNE.",12,False,opentsne,conda-forge/opentsne,,,,1142.0,1142.0,https://pypi.org/project/opentsne,117558.0,126270.0,https://anaconda.org/conda-forge/opentsne,2020-08-04 09:05:14.594,2026-01-16 07:03:04.711,2026-01-16 07:03:04.711000,618601.0,24.0,,,,,,3.0,,,,,,,,,,,
230,DoWhy,py-why/dowhy,interpretability,,{},117.0,DoWhy is a Python library for causal inference that supports explicit modeling and testing of causal assumptions.,12,False,dowhy,conda-forge/dowhy,,,,759.0,759.0,https://pypi.org/project/dowhy,251932.0,252802.0,https://anaconda.org/conda-forge/dowhy,2020-11-22 07:16:29.903,2025-07-13 12:15:04.418,2025-07-13 12:15:04.418000,59169.0,12.0,,,,,,2.0,,,,,,,,,,,
231,pymap3d,geospace-code/pymap3d,geospatial-data,,{},19.0,Pure Python 3-D geographic coordinate conversions and geodesy.,12,False,pymap3d,conda-forge/pymap3d,,,,588.0,588.0,https://pypi.org/project/pymap3d,672936.0,674962.0,https://anaconda.org/conda-forge/pymap3d,2020-09-24 05:54:03.868,2025-07-08 12:06:19.595,2025-07-08 12:06:19.595000,141866.0,19.0,,,,,,3.0,,,,,,,,,,,
232,empyrical,quantopian/empyrical,financial-data,,{},23.0,Common financial risk metrics.,12,False,empyrical,conda-forge/empyrical,,,,1824.0,1824.0,https://pypi.org/project/empyrical,26239.0,26822.0,https://anaconda.org/conda-forge/empyrical,2018-02-15 14:11:16.165,2025-04-22 14:56:47.167,2025-04-22 14:56:47.167000,58931.0,4.0,,,,,,2.0,,,,,,,,,,,
233,bt,pmorissette/bt,financial-data,,{},39.0,bt - flexible backtesting for Python.,12,False,bt,conda-forge/bt,,,,1746.0,1746.0,https://pypi.org/project/bt,29621.0,32053.0,https://anaconda.org/conda-forge/bt,2021-04-23 10:15:55.354,2026-04-26 16:07:23.806,2026-04-26 16:07:23.806000,153257.0,9.0,,,,,,2.0,,,,,,,,,,,
234,ClearML,allegroai/clearml,ml-experiments,,{},115.0,Auto-Magical Experiment Manager & Version Control for AI.,12,False,clearml,,allegroai/trains,,,1970.0,1970.0,https://pypi.org/project/clearml,607932.0,607932.0,,,,2020-10-05 10:16:46.865671,,,https://hub.docker.com/r/allegroai/trains,2020-10-05 10:16:46.865671,,,33864.0,2.0,,,,,,,,,,,
235,sacred,IDSIA/sacred,ml-experiments,,{},107.0,Facilitates automated and reproducible experimental research.,12,False,sacred,conda-forge/sacred,,,,3669.0,3669.0,https://pypi.org/project/sacred,41774.0,41986.0,https://anaconda.org/conda-forge/sacred,2021-11-14 09:49:21.832,2025-04-22 14:58:05.313,2025-04-22 14:58:05.313000,11889.0,3.0,,,,,,2.0,,,,,,,,,,,
236,kaggle,Kaggle/kaggle-api,ml-experiments,,{},67.0,Kaggle API.,12,False,kaggle,conda-forge/kaggle,,,,24.0,24.0,https://pypi.org/project/kaggle,786656.0,791001.0,https://anaconda.org/conda-forge/kaggle,2020-09-04 15:05:55.697,2026-06-26 00:57:52.829,2026-06-26 00:57:52.829000,304216.0,35.0,,,,,,2.0,,,,,,,,,,,
237,SageMaker SDK,aws/sagemaker-python-sdk,ml-experiments,,{},524.0,Open source library for training and deploying models on Amazon SageMaker.,12,False,sagemaker,conda-forge/sagemaker-python-sdk,,,,,,https://pypi.org/project/sagemaker,20282163.0,20313395.0,https://anaconda.org/conda-forge/sagemaker-python-sdk,2020-08-20 11:36:30.719,2026-05-21 10:16:09.524,2026-05-21 10:16:09.524000,2217504.0,225.0,,,,,,2.0,,,,,,,,,,,
238,H2O-3,h2oai/h2o-3,distributed-ml,,{},288.0,,12,False,h2o,,,,,100.0,100.0,https://pypi.org/project/h2o,206695.0,206695.0,,,,,,,,,,,,2.0,Apache-2.0,,,,,,,,,,
239,qdrant,qdrant/qdrant,nn-search,,{},173.0,,12,False,qdrant-client,,,,,117.0,117.0,https://pypi.org/project/qdrant-client,21955900.0,21955900.0,,,,,,,,,,,,3.0,,,,,,,,,,,
240,lightfm,lyst/lightfm,recommender-systems,,{},47.0,"A Python implementation of LightFM, a hybrid recommendation algorithm.",12,False,lightfm,conda-forge/lightfm,,,,1946.0,1946.0,https://pypi.org/project/lightfm,51266.0,55901.0,https://anaconda.org/conda-forge/lightfm,2018-01-05 14:24:50.552,2025-04-22 14:56:45.003,2025-04-22 14:56:45.003000,472835.0,4.0,,,,,,2.0,,,,,,,,,,,
241,aubio,aubio/aubio,audio,,{},32.0,tools for audio and music analysis and transformation.,12,False,aubio,conda-forge/aubio,,,,596.0,596.0,https://pypi.org/project/aubio,222134.0,243979.0,https://anaconda.org/conda-forge/aubio,2017-03-19 18:06:20.550,2025-04-22 14:56:33.269,2025-04-22 14:56:33.269000,2446716.0,7.0,,,,,,2.0,,,,,,,,,,,
242,spleeter,deezer/spleeter,audio,,{},22.0,The Deezer source separation library with pretrained models based on tensorflow.,12,False,spleeter,conda-forge/spleeter,,,['tensorflow'],1098.0,1098.0,https://pypi.org/project/spleeter,23994.0,25670.0,https://anaconda.org/conda-forge/spleeter,2019-11-08 20:02:52.483,2025-04-22 14:57:16.666,2025-04-22 14:57:16.666000,134127.0,10.0,,,,,,2.0,,,,,,,,,,,
243,BentoML,bentoml/BentoML,model-serialisation,,{},238.0,,12,False,bentoml,,,,,2861.0,2861.0,https://pypi.org/project/bentoml,258354.0,258354.0,,,,,,,,,,,,3.0,,,,,,,,,,,
244,bambi,bambinos/bambi,probabilistics,,{},53.0,BAyesian Model Building Interface in Python.,12,False,bambi,conda-forge/bambi,,,,250.0,250.0,https://pypi.org/project/bambi,55275.0,56347.0,https://anaconda.org/conda-forge/bambi,2020-12-17 13:09:13.632,2026-07-12 15:40:16.579,2026-07-12 15:40:16.579000,71886.0,24.0,,,,,,3.0,,,,,,,,,,,
245,GPflow,GPflow/GPflow,probabilistics,,{},85.0,Gaussian processes in TensorFlow.,12,False,gpflow,conda-forge/gpflow,,,['tensorflow'],805.0,805.0,https://pypi.org/project/gpflow,86150.0,87337.0,https://anaconda.org/conda-forge/gpflow,2022-02-02 14:43:05.929,2025-04-22 14:56:50.649,2025-04-22 14:56:50.649000,62944.0,7.0,,,,,,3.0,,,,,,,,,,,
246,TextAttack,QData/TextAttack,adversarial,,{},72.0,Generating adversarial examples for NLP models.,12,False,textattack,conda-forge/textattack,,,,435.0,435.0,https://pypi.org/project/textattack,68376.0,68566.0,https://anaconda.org/conda-forge/textattack,2020-09-28 19:49:15.208,2025-04-22 14:57:36.874,2025-04-22 14:57:36.874000,13307.0,4.0,,,,,,1.0,,,,,,,,,,,
247,equinox,patrick-kidger/equinox,jax-utils,,{},97.0,,12,False,equinox,,,,['jax'],1911.0,1911.0,https://pypi.org/project/equinox,1137326.0,1137326.0,,,,,,,,,,,,1.0,,,,,,,,,,,
248,scikit-lego,koaning/scikit-lego,sklearn-utils,,{},71.0,missing blocks for sklearn pipelines.,12,False,scikit-lego,conda-forge/scikit-lego,,,['sklearn'],192.0,192.0,https://pypi.org/project/scikit-lego,66663.0,67852.0,https://anaconda.org/conda-forge/scikit-lego,2020-05-26 10:44:57.130,2025-04-22 14:57:15.493,2025-04-22 14:57:15.493000,88027.0,25.0,,,,,,2.0,,,,,,,,,,,
249,Prince,MaxHalford/prince,sklearn-utils,,{},20.0,Statistical factor analysis in Python.,12,False,prince,conda-forge/prince-factor-analysis,,,['sklearn'],796.0,796.0,https://pypi.org/project/prince,134764.0,135253.0,https://anaconda.org/conda-forge/prince-factor-analysis,2020-10-06 17:12:24.107,2026-07-01 06:43:52.593,2026-07-01 06:43:52.593000,33787.0,8.0,,,,,,2.0,,,,,,,,,,,
250,DeepChem,deepchem/deepchem,others,,{},263.0,"Democratizing Deep-Learning for Drug Discovery, Quantum Chemistry, Materials Science and Biology.",12,False,deepchem,conda-forge/deepchem,,,['tensorflow'],670.0,670.0,https://pypi.org/project/deepchem,47962.0,49672.0,https://anaconda.org/conda-forge/deepchem,2020-06-10 18:42:21.688,2025-04-22 14:57:21.461,2025-04-22 14:57:21.461000,124853.0,7.0,,,,,,2.0,,,,,,,,,,,
251,cleanlab,cleanlab/cleanlab,others,,{},55.0,The standard package for machine learning with noisy labels and finding mislabeled data in Python.,12,False,cleanlab,conda-forge/cleanlab,,,,537.0,537.0,https://pypi.org/project/cleanlab,89831.0,91118.0,https://anaconda.org/conda-forge/cleanlab,2021-04-19 15:02:45.542,2026-01-14 17:49:56.450,2026-01-14 17:49:56.450000,81099.0,19.0,,,,,,2.0,,,,,,,,,,,
252,spark-nlp,JohnSnowLabs/spark-nlp,nlp,,{},116.0,,11,False,spark-nlp,,,,['spark'],622.0,622.0,https://pypi.org/project/spark-nlp,1122237.0,1122237.0,,,,,,,,,,,,2.0,,,,,,,,,,,
253,argilla,argilla-io/argilla,nlp,,{},110.0,,11,False,argilla,,,,,3175.0,3175.0,https://pypi.org/project/argilla,257194.0,257194.0,,,,,,,,,,,,2.0,,,,,,,,,,,
254,opik,comet-ml/opik,nlp,,{},144.0,,11,False,opik,,,,,53.0,53.0,https://pypi.org/project/opik,3539941.0,3539941.0,,,,,,,,,,,,2.0,,,,,,,,,,,
255,fastText,facebookresearch/fastText,nlp,,{},68.0,fastText - Library for efficient text classification and representation learning.,11,False,fasttext,conda-forge/fasttext,,,,24.0,24.0,https://pypi.org/project/fasttext,2326037.0,2328992.0,https://anaconda.org/conda-forge/fasttext,2020-09-22 18:15:34.037,2025-11-05 20:00:51.025,2025-11-05 20:00:51.025000,206888.0,3.0,,,,,,2.0,,,,,,,,,,,
256,Dedupe,dedupeio/dedupe,nlp,,{},72.0,A python library for accurate and scaleable data deduplication and entity-resolution.,11,False,dedupe,conda-forge/dedupe,,,,385.0,385.0,https://pypi.org/project/dedupe,50869.0,53830.0,https://anaconda.org/conda-forge/dedupe,2021-12-08 17:23:58.376,2025-04-22 14:58:06.931,2025-04-22 14:58:06.931000,162867.0,12.0,,,,,,2.0,,,,,,,,,,,
257,Albumentations,albumentations-team/albumentations,image,,{},172.0,Fast image augmentation library and easy to use wrapper around other libraries.,11,False,albumentations,conda-forge/albumentations,,,['pytorch'],,,https://pypi.org/project/albumentations,5280307.0,5285810.0,https://anaconda.org/conda-forge/albumentations,2020-07-10 06:51:58.141,2025-05-28 13:47:29.423,2025-05-28 13:47:29.423000,396267.0,38.0,,,,,,3.0,,,,,,,,,,,
258,AutoViz,AutoViML/AutoViz,data-viz,,{},17.0,"Automatically Visualize any dataset, any size with a single line of code.",11,False,autoviz,conda-forge/autoviz,,,,903.0,903.0,https://pypi.org/project/autoviz,14698.0,16760.0,https://anaconda.org/conda-forge/autoviz,2021-08-25 18:46:27.137,2025-04-22 14:57:59.344,2025-04-22 14:57:59.344000,121666.0,46.0,,,,,,3.0,,,,,,,,,,,
259,python-ternary,marcharper/python-ternary,data-viz,,{},28.0,Make ternary plots in matplotlib.,11,False,python-ternary,conda-forge/python-ternary,,,,243.0,243.0,https://pypi.org/project/python-ternary,33305.0,38933.0,https://anaconda.org/conda-forge/python-ternary,2021-02-17 20:33:02.087,2025-04-22 14:56:22.353,2025-04-22 14:56:22.353000,365824.0,8.0,,,,,,3.0,,,,,,,,,,,
260,ridgeplot,tpvasconcelos/ridgeplot,data-viz,,{},5.0,Provides a simple interface for plotting beautiful and interactive ridgeline plots within the extensive Plotly..,11,False,ridgeplot,conda-forge/ridgeplot,,,,288.0,288.0,https://pypi.org/project/ridgeplot,131474.0,131741.0,https://anaconda.org/conda-forge/ridgeplot,2024-12-20 08:59:41.148,2026-04-07 18:29:09.233,2026-04-07 18:29:09.233000,5086.0,6.0,,,,,,3.0,,,,,,,,,,,
261,wordcloud,amueller/word_cloud,data-viz,,{},76.0,A little word cloud generator in Python.,11,False,wordcloud,conda-forge/wordcloud,,,,24.0,24.0,https://pypi.org/project/wordcloud,2203527.0,2219231.0,https://anaconda.org/conda-forge/wordcloud,2020-07-07 12:57:01.655,2026-01-24 14:16:08.116,2026-01-24 14:16:08.116000,1130713.0,15.0,,,,,,3.0,,,,,,,,,,,
262,explainerdashboard,oegedijk/explainerdashboard,interpretability,,{},23.0,explainerdashboard allows you quickly build an interactive dashboard to explain the inner workings of your machine..,11,False,explainerdashboard,conda-forge/explainerdashboard,,,,662.0,662.0,https://pypi.org/project/explainerdashboard,22021.0,23383.0,https://anaconda.org/conda-forge/explainerdashboard,2020-12-01 04:42:10.329,2026-02-09 15:37:35.767,2026-02-09 15:37:35.767000,91273.0,33.0,,,,,,2.0,,,,,,,,,,,
263,InterpretML,interpretml/interpret,interpretability,,{},58.0,,11,False,interpret,,,,['jupyter'],975.0,975.0,https://pypi.org/project/interpret,406428.0,406428.0,,,,,,,,,,,,2.0,,,,,,,,,,,
264,DALEX,ModelOriented/DALEX,interpretability,,{},28.0,Responsible Machine Learning in Python.,11,False,dalex,conda-forge/dalex,,,,240.0,240.0,https://pypi.org/project/dalex,42842.0,43654.0,https://anaconda.org/conda-forge/dalex,2021-01-06 18:42:09.821,2025-04-22 14:57:44.228,2025-04-22 14:57:44.228000,53655.0,7.0,,,,,,2.0,,,,,,,,,,,
265,AIF 360,Trusted-AI/AIF360,interpretability,,{},75.0,IBM AI Fairness 360.,11,False,aif360,conda-forge/aif360,,,,796.0,796.0,https://pypi.org/project/aif360,35936.0,36507.0,https://anaconda.org/conda-forge/aif360,2020-09-28 14:34:26.554,2025-04-22 14:57:36.856,2025-04-22 14:57:36.856000,39998.0,5.0,,,,,,2.0,,,,,,,,,,,
266,Node2Vec,eliorc/node2vec,graph,,{},16.0,"The node2vec algorithm learns continuous representations for nodes in any (un)directed, (un)weighted graph.",11,False,node2vec,conda-forge/node2vec,,,,977.0,977.0,https://pypi.org/project/node2vec,53243.0,53672.0,https://anaconda.org/conda-forge/node2vec,2018-05-03 02:54:12.032,2025-04-22 14:56:50.341,2025-04-22 14:56:50.341000,42072.0,3.0,,,,,,2.0,,,,,-1.0,,,,,,
267,EarthPy,earthlab/earthpy,geospatial-data,,{},45.0,Utility functions for the working with spatial data.,11,False,earthpy,conda-forge/earthpy,,,,447.0,447.0,https://pypi.org/project/earthpy,8340.0,9590.0,https://anaconda.org/conda-forge/earthpy,2019-04-02 17:33:42.874,2025-04-22 14:57:03.644,2025-04-22 14:57:03.644000,108771.0,14.0,,,,,,3.0,,,,,,,,,,,
268,geopy,geopy/geopy,geospatial-data,,{},138.0,Python Geocoding Toolbox.,11,False,geopy,conda-forge/geopy,,,,,,https://pypi.org/project/geopy,18546513.0,18577450.0,https://anaconda.org/conda-forge/geopy,2020-06-27 22:25:51.029,2026-07-13 01:38:53.987,2026-07-13 01:38:53.987000,2258423.0,20.0,,,,,,3.0,,,,,,,,,,,
269,ArcGIS API,Esri/arcgis-python-api,geospatial-data,,{},100.0,,11,False,arcgis,,esridocker/arcgis-api-python-notebook,,,1036.0,1036.0,https://pypi.org/project/arcgis,168349.0,168349.0,,,,,,,https://hub.docker.com/r/esridocker/arcgis-api-python-notebook,,,,,3.0,,,,,,,,,,,
270,pyfolio,quantopian/pyfolio,financial-data,,{},60.0,pyfolio is a Python library for performance and risk analysis of financial portfolios.,11,False,pyfolio,conda-forge/pyfolio,,,,1394.0,1394.0,https://pypi.org/project/pyfolio,9652.0,9865.0,https://anaconda.org/conda-forge/pyfolio,2018-02-15 19:39:31.850,2025-04-22 14:56:47.184,2025-04-22 14:56:47.184000,21606.0,1.0,,,,,,2.0,,,,,,,,,,,
271,zipline,quantopian/zipline,financial-data,,{},161.0,A backtester for financial algorithms.,11,False,zipline,conda-forge/zipline,,,,1045.0,1045.0,https://pypi.org/project/zipline,893.0,1076.0,https://anaconda.org/conda-forge/zipline,2020-09-08 02:54:53.875,2025-04-22 14:57:35.321,2025-04-22 14:57:35.321000,12864.0,2.0,,,,,,2.0,,,,,-1.0,,,,,,
272,ffn,pmorissette/ffn,financial-data,,{},38.0,ffn - a financial function library for Python.,11,False,ffn,conda-forge/ffn,,,,625.0,625.0,https://pypi.org/project/ffn,48181.0,48713.0,https://anaconda.org/conda-forge/ffn,2021-04-22 14:02:52.723,2026-03-25 03:10:25.056,2026-03-25 03:10:25.056000,33519.0,12.0,,,,,,2.0,,,,,,,,,,,
273,backtrader,mementum/backtrader,financial-data,,{},56.0,,11,False,backtrader,,,,,3630.0,3630.0,https://pypi.org/project/backtrader,323413.0,323413.0,,,,,,,,,,,,2.0,,,,,,,,,,,
274,TPOT,EpistasisLab/tpot,hyperopt,,{},10.0,A Python tool that automatically creates and optimizes Machine Learning pipelines using genetic programming.,11,False,tpot,conda-forge/tpot,,,['sklearn'],3612.0,3612.0,https://pypi.org/project/tpot,21489.0,27342.0,https://anaconda.org/conda-forge/tpot,2020-06-02 00:25:11.879,2026-02-18 16:47:35.862,2026-02-18 16:47:35.862000,427276.0,24.0,,,,,,2.0,,,,,,,,,,,
275,lazypredict,shankarpandala/lazypredict,hyperopt,,{},20.0,Rapid low code ML testing with multiple basic models.,11,False,lazypredict,conda-forge/lazypredict,,,['sklearn'],1420.0,1420.0,https://pypi.org/project/lazypredict,19226.0,19393.0,https://anaconda.org/conda-forge/lazypredict,2021-08-24 21:48:59.448,2026-03-15 20:11:16.863,2026-03-15 20:11:16.863000,9906.0,5.0,,,,,,2.0,,,,,,,,,,,
276,mljar-supervised,mljar/mljar-supervised,hyperopt,,{},30.0,Automated Machine Learning Pipeline with Feature Engineering and Hyper-Parameters Tuning.,11,False,mljar-supervised,conda-forge/mljar-supervised,,,,175.0,175.0,https://pypi.org/project/mljar-supervised,8719.0,9886.0,https://anaconda.org/conda-forge/mljar-supervised,2021-06-09 11:24:39.196,2026-05-29 16:26:31.878,2026-05-29 16:26:31.878000,71212.0,29.0,,,,,,2.0,,,,,,,,,,,
277,knockknock,huggingface/knockknock,ml-experiments,,{},20.0,Be notified when your training is complete with only two additional lines of code.,11,False,knockknock,conda-forge/knockknock,,,,1466.0,1466.0,https://pypi.org/project/knockknock,22281.0,23600.0,https://anaconda.org/conda-forge/knockknock,2025-01-09 04:44:32.681,2025-04-22 14:57:16.064,2025-04-22 14:57:16.064000,23757.0,5.0,,,,,,3.0,,,,,,,,,,,
278,VisualDL,PaddlePaddle/VisualDL,ml-experiments,,{},37.0,,11,False,visualdl,,,,['paddle'],3622.0,3622.0,https://pypi.org/project/visualdl,215213.0,215213.0,,,,,,,,,,,,3.0,,,,,,,,,,,
279,MedPy,loli/medpy,medical-data,,{},20.0,Medical image processing in Python.,11,False,MedPy,conda-forge/medpy,,,,2943.0,2943.0,https://pypi.org/project/MedPy,34955.0,37937.0,https://anaconda.org/conda-forge/medpy,2021-06-26 05:26:40.356,2026-04-25 10:59:35.660,2026-04-25 10:59:35.660000,181908.0,3.0,,,,,,2.0,,,,,,,,,,,
280,NIPY,nipy/nipy,medical-data,,{},70.0,Neuroimaging in Python FMRI analysis package.,11,False,nipy,conda-forge/nipy,,,,249.0,249.0,https://pypi.org/project/nipy,4606.0,23691.0,https://anaconda.org/conda-forge/nipy,2024-07-26 12:46:26.095,2025-04-22 14:56:38.480,2025-04-22 14:56:38.480000,458042.0,3.0,,,,,,2.0,,,,,,,,,,,
281,FairScale,facebookresearch/fairscale,distributed-ml,,{},77.0,PyTorch extensions for high performance and large scale training.,11,False,fairscale,conda-forge/fairscale,,,['pytorch'],,,https://pypi.org/project/fairscale,529113.0,540986.0,https://anaconda.org/conda-forge/fairscale,2021-11-07 09:02:15.377,2025-04-22 14:58:04.549,2025-04-22 14:58:04.549000,664915.0,9.0,,,,,,2.0,BSD-3-Clause,,,,,,,,,,
282,Prophet,facebook/prophet,time-series-data,,{},191.0,Automatic Forecasting Procedure.,11,False,fbprophet,conda-forge/prophet,,,,24.0,24.0,https://pypi.org/project/fbprophet,27707.0,56218.0,https://anaconda.org/conda-forge/prophet,2021-04-14 22:10:05.951,2026-06-01 20:12:55.219,2026-06-01 20:12:55.219000,1796206.0,12.0,,,,,,2.0,,,,,,,,,,,
283,tsfresh,blue-yonder/tsfresh,time-series-data,,{},103.0,Automatic extraction of relevant features from time series.,11,False,tsfresh,conda-forge/tsfresh,,,['sklearn'],24.0,24.0,https://pypi.org/project/tsfresh,363576.0,385346.0,https://anaconda.org/conda-forge/tsfresh,2020-05-13 05:51:14.110,2026-06-13 13:50:18.940,2026-06-13 13:50:18.940000,1611030.0,18.0,,,,,,2.0,,,,,,,,,,,
284,scikit-surprise,NicolasHug/Surprise,recommender-systems,,{},46.0,A Python scikit for building and analyzing recommender systems.,11,False,scikit-surprise,conda-forge/scikit-surprise,,,,24.0,24.0,https://pypi.org/project/scikit-surprise,117847.0,128878.0,https://anaconda.org/conda-forge/scikit-surprise,2020-07-19 15:23:16.043,2026-06-02 08:01:57.981,2026-06-02 08:01:57.981000,794283.0,10.0,,,,,,2.0,,,,,,,,,,,
285,audiomentations,iver56/audiomentations,audio,,{},34.0,,11,False,audiomentations,,,,,916.0,916.0,https://pypi.org/project/audiomentations,196742.0,196742.0,,,,,,,,,,,,2.0,,,,,,,,,,,
286,DeepSpeech,mozilla/DeepSpeech,audio,,{},163.0,A library for running inference on a DeepSpeech model.,11,False,deepspeech,conda-forge/deepspeech,,,['tensorflow'],547.0,547.0,https://pypi.org/project/deepspeech,16255.0,16333.0,https://anaconda.org/conda-forge/deepspeech,2021-07-29 19:26:01.146,2025-04-22 14:57:58.207,2025-04-22 14:57:58.207000,4710.0,1.0,,,,,,2.0,,,,,,,,,,,
287,tensorflow-probability,tensorflow/probability,probabilistics,,{},512.0,TensorFlow Probability is a library for probabilistic reasoning and statistical analysis in TensorFlow.,11,False,tensorflow-probability,conda-forge/tensorflow-probability,,,['tensorflow'],5.0,5.0,https://pypi.org/project/tensorflow-probability,1178294.0,1181860.0,https://anaconda.org/conda-forge/tensorflow-probability,2021-02-10 20:08:37.772,2025-11-05 10:36:05.008,2025-11-05 10:36:05.008000,231829.0,20.0,,,,,,3.0,,,,,,,,,,,
288,ART,Trusted-AI/adversarial-robustness-toolbox,adversarial,,{},145.0,Toolbox for adversarial machine learning.,11,False,adversarial-robustness-toolbox,conda-forge/adversarial-robustness-toolbox,,,,818.0,818.0,https://pypi.org/project/adversarial-robustness-toolbox,19750.0,21209.0,https://anaconda.org/conda-forge/adversarial-robustness-toolbox,2020-07-24 16:49:13.769,2025-07-07 22:05:57.819,2025-07-07 22:05:57.819000,105048.0,37.0,,,,,,2.0,,,,,,,,,,,
289,Foolbox,bethgelab/foolbox,adversarial,,{},35.0,"Foolbox Native is an adversarial attacks library that works natively with PyTorch, TensorFlow and JAX.",11,False,foolbox,conda-forge/foolbox,,,,778.0,778.0,https://pypi.org/project/foolbox,14923.0,15237.0,https://anaconda.org/conda-forge/foolbox,2020-07-06 12:59:52.009,2025-04-22 14:57:29.383,2025-04-22 14:57:29.383000,22673.0,5.0,,,,,,2.0,,,,,,,,,,,
290,TFX,tensorflow/tfx,tensorflow-utils,,{},199.0,,11,False,tfx,,,,['tensorflow'],1865.0,1865.0,https://pypi.org/project/tfx,20016.0,20016.0,,,,,,,,,,,,2.0,,,,,,,,,,,
291,scikit-multilearn,scikit-multilearn/scikit-multilearn,sklearn-utils,,{},28.0,,11,False,scikit-multilearn,,,,['sklearn'],2211.0,2211.0,https://pypi.org/project/scikit-multilearn,61173.0,61173.0,,,,,,,,,,,,2.0,,,,,,,,,,,
292,imbalanced-learn,scikit-learn-contrib/imbalanced-learn,sklearn-utils,,{},90.0,Python module to balance data set using under- and over-sampling.,11,False,imbalanced-learn,conda-forge/imbalanced-learn,,,['sklearn'],,,https://pypi.org/project/imbalanced-learn,12865596.0,12877317.0,https://anaconda.org/conda-forge/imbalanced-learn,2020-06-09 15:38:02.306,2026-06-07 21:56:18.335,2026-06-07 21:56:18.335000,855638.0,27.0,,,,,,2.0,,,,,,,,,,,
293,metricflow,transform-data/metricflow,others,,{},56.0,,11,False,metricflow,,,,,100.0,100.0,https://pypi.org/project/metricflow,3775008.0,3775008.0,,,,,,,,,,,,2.0,,,,,,,,,,,
294,carla,carla-simulator/carla,others,,{},203.0,,11,False,carla,,,,,1127.0,1127.0,https://pypi.org/project/carla,20497.0,20497.0,,,,,,,,,,,,2.0,,,,,,,,,,,
295,minisom,JustGlowing/minisom,others,,{},32.0,,11,False,minisom,,,,,935.0,935.0,https://pypi.org/project/minisom,43211.0,43211.0,,,,,,,,,,,,2.0,CC-BY-3.0,,,,,,,,,,
296,Geomstats,geomstats/geomstats,ml-frameworks,,{},100.0,Geometric statistics on manifolds.,10,False,geomstats,conda-forge/geomstats,,https://geomstats.github.io/,,162.0,162.0,https://pypi.org/project/geomstats,14259.0,14486.0,https://anaconda.org/conda-forge/geomstats,2022-06-01 11:18:15.215,2025-04-22 14:58:18.165,2025-04-22 14:58:18.165000,11139.0,4.0,,,,,,3.0,,,,,,,,,,,
297,Vowpal Wabbit,VowpalWabbit/vowpal_wabbit,ml-frameworks,,{},341.0,Vowpal Wabbit Python package.,10,False,vowpalwabbit,conda-forge/vowpalwabbit,,,,2.0,2.0,https://pypi.org/project/vowpalwabbit,33192.0,40611.0,https://anaconda.org/conda-forge/vowpalwabbit,2020-10-06 12:47:15.817,2025-04-22 14:57:07.942,2025-04-22 14:57:07.942000,511950.0,15.0,,,,,,3.0,BSD-3-Clause,,,,,,,,,,
298,PyFlink,apache/flink,ml-frameworks,,{},2119.0,Apache Flink Python API.,10,False,apache-flink,,,,,24.0,24.0,https://pypi.org/project/apache-flink,183344.0,183344.0,,,,,,,,,,,,3.0,,,,,,,,,,,
299,SciSpacy,allenai/scispacy,nlp,,{},40.0,,10,False,scispacy,,,,,1376.0,1376.0,https://pypi.org/project/scispacy,59411.0,59411.0,,,,,,,,,,,,3.0,,,,,,,,,,,
300,scattertext,JasonKessler/scattertext,nlp,,{},14.0,Beautiful visualizations of how language differs among document types.,10,False,scattertext,conda-forge/scattertext,,,,670.0,670.0,https://pypi.org/project/scattertext,8418.0,10655.0,https://anaconda.org/conda-forge/scattertext,2017-08-25 05:29:58.550,2025-04-22 14:56:39.793,2025-04-22 14:56:39.793000,239446.0,18.0,,,,,,3.0,,,,,,,,,,,
301,OpenNMT,OpenNMT/OpenNMT-py,nlp,,{},191.0,,10,False,OpenNMT-py,,,,['pytorch'],356.0,356.0,https://pypi.org/project/OpenNMT-py,15764.0,15764.0,,,,,,,,,,,,3.0,,,,,,,,,,,
302,YouTokenToMe,vkcom/youtokentome,nlp,,{},8.0,Unsupervised text tokenizer focused on computational efficiency.,10,False,youtokentome,conda-forge/youtokentome,,,,840.0,840.0,https://pypi.org/project/youtokentome,44102.0,46570.0,https://anaconda.org/conda-forge/youtokentome,2021-09-07 10:34:42.701,2025-10-27 19:11:49.313,2025-10-27 19:11:49.313000,143201.0,4.0,,,,,,3.0,,,,,,,,,,,
303,NeMo,NVIDIA/NeMo,nlp,,{},497.0,,10,False,nemo-toolkit,,,,['pytorch'],24.0,24.0,https://pypi.org/project/nemo-toolkit,1456368.0,1456368.0,,,,,,,,,,,,3.0,,,,,,,,,,,
304,PyTextRank,DerwenAI/pytextrank,nlp,,{},19.0,,10,False,pytextrank,,,,,916.0,916.0,https://pypi.org/project/pytextrank,110825.0,110825.0,,,,,,,,,,,,3.0,,,,,,,,,,,
305,imageai,OlafenwaMoses/ImageAI,image,,{},19.0,A python library built to empower developers to build applications and systems with self-contained Computer Vision..,10,False,imageai,conda-forge/imageai,,,,1807.0,1807.0,https://pypi.org/project/imageai,3385.0,3547.0,https://anaconda.org/conda-forge/imageai,2020-07-24 17:05:55.052,2025-04-22 14:57:32.711,2025-04-22 14:57:32.711000,11707.0,2.0,,,,,,3.0,,,,,,,,,,,
306,Norfair,tryolabs/norfair,image,,{},32.0,,10,False,norfair,,,,,368.0,368.0,https://pypi.org/project/norfair,118720.0,118720.0,,,,,,,,,,,,3.0,,,,,,,,,,,
307,lightly,lightly-ai/lightly,image,,{},88.0,,10,False,lightly,,,,['pytorch'],641.0,641.0,https://pypi.org/project/lightly,156273.0,156273.0,,,,,,,,,,,,3.0,,,,,,,,,,,
308,Tesseract,madmaze/pytesseract,ocr,,{},47.0,Python-tesseract is an optical character recognition (OCR) tool for python.,10,False,pytesseract,conda-forge/pytesseract,,,,,,https://pypi.org/project/pytesseract,23656700.0,23667509.0,https://anaconda.org/conda-forge/pytesseract,2020-07-25 19:44:39.224,2025-04-22 14:57:07.821,2025-04-22 14:57:07.821000,778274.0,17.0,,,,,,3.0,,,,,,,,,,,
309,keras-ocr,faustomorales/keras-ocr,ocr,,{},19.0,A packaged and flexible version of the CRAFT text detector and Keras CRNN recognition model.,10,False,keras-ocr,anaconda/keras-ocr,,,['tensorflow'],718.0,718.0,https://pypi.org/project/keras-ocr,114746.0,114753.0,https://anaconda.org/anaconda/keras-ocr,2020-11-13 22:43:29.643,2025-04-22 15:32:32.089,2025-04-22 15:32:32.089000,496.0,1.0,,,,,,3.0,,,,,,,,,,,
310,lets-plot,JetBrains/lets-plot,data-viz,,{},23.0,,10,False,lets-plot,,,,,211.0,211.0,https://pypi.org/project/lets-plot,73485.0,73485.0,,,,,,,,,,,,3.0,,,,,,,,,,,
311,UMAP,lmcinnes/umap,data-viz,,{},148.0,Uniform Manifold Approximation and Projection.,10,False,umap-learn,conda-forge/umap-learn,,,,1.0,1.0,https://pypi.org/project/umap-learn,7190283.0,7242969.0,https://anaconda.org/conda-forge/umap-learn,2020-06-05 04:42:03.905,2026-04-09 00:32:16.119,2026-04-09 00:32:16.119000,3846140.0,31.0,,,,,,3.0,,,,,,,,,,,
312,PyWaffle,gyli/PyWaffle,data-viz,,{},6.0,A FigureClass of Matplotlib to make waffle chart.,10,False,pywaffle,conda-forge/pywaffle,,,,562.0,562.0,https://pypi.org/project/pywaffle,16770.0,17076.0,https://anaconda.org/conda-forge/pywaffle,2020-10-03 02:41:37.247,2025-04-22 14:56:58.537,2025-04-22 14:56:58.537000,21181.0,5.0,,,,,,3.0,,,,,,,,,,,
313,causalml,uber/causalml,interpretability,,{},82.0,,10,False,causalml,,,,,334.0,334.0,https://pypi.org/project/causalml,134661.0,134661.0,,,,,,,,,,,,2.0,,,,,,,,,,,
314,fairlearn,fairlearn/fairlearn,interpretability,,{},122.0,Simple and easy fairness assessment and unfairness mitigation.,10,False,fairlearn,conda-forge/fairlearn,,,['sklearn'],3.0,3.0,https://pypi.org/project/fairlearn,197795.0,198792.0,https://anaconda.org/conda-forge/fairlearn,2020-11-11 16:56:32.994,2026-06-08 10:56:38.371,2026-06-08 10:56:38.371000,67821.0,16.0,,,,,,2.0,,,,,,,,,,,
315,Alibi,SeldonIO/alibi,interpretability,,{},25.0,,10,False,alibi,,,,,857.0,857.0,https://pypi.org/project/alibi,20537.0,20537.0,,,,,,,,,,,,2.0,,,,,,,,,,,
316,Karate Club,benedekrozemberczki/karateclub,graph,,{},20.0,"A general purpose library for community detection, network embedding, and graph mining research.",10,False,karateclub,conda-forge/karateclub,,,,336.0,336.0,https://pypi.org/project/karateclub,7944.0,8526.0,https://anaconda.org/conda-forge/karateclub,2020-07-28 15:27:56.544,2025-04-22 14:57:32.844,2025-04-22 14:57:32.844000,41927.0,12.0,,,,,,2.0,,,,,,,,,,,
317,Alphalens,quantopian/alphalens,financial-data,,{},26.0,Performance analysis of predictive (alpha) stock factors.,10,False,alphalens,conda-forge/alphalens,,,,761.0,761.0,https://pypi.org/project/alphalens,1359.0,1701.0,https://anaconda.org/conda-forge/alphalens,2018-02-16 18:31:40.483,2025-04-22 14:56:47.205,2025-04-22 14:56:47.205000,34624.0,3.0,,,,,,3.0,,,,,,,,,,,
318,stockstats,jealous/stockstats,financial-data,,{},12.0,,10,False,stockstats,,,,,1435.0,1435.0,https://pypi.org/project/stockstats,215475.0,215475.0,,,,,,,,,,,,3.0,,,,,,,,,,,
319,AutoKeras,keras-team/autokeras,hyperopt,,{},148.0,,10,False,autokeras,,,,['tensorflow'],942.0,942.0,https://pypi.org/project/autokeras,13937.0,13937.0,,,,,,,,,,,,3.0,,,,,,,,,,,
320,auto-sklearn,automl/auto-sklearn,hyperopt,,{},89.0,Automated machine learning.,10,False,auto-sklearn,conda-forge/auto-sklearn,,,['sklearn'],769.0,769.0,https://pypi.org/project/auto-sklearn,5979.0,6652.0,https://anaconda.org/conda-forge/auto-sklearn,2021-04-05 18:05:48.879,2025-04-22 14:57:49.654,2025-04-22 14:57:49.654000,42447.0,11.0,,,,,,3.0,,,,,,,,,,,
321,Catalyst,catalyst-team/catalyst,ml-experiments,,{},104.0,,10,False,catalyst,,,,['pytorch'],1299.0,1299.0,https://pypi.org/project/catalyst,19100.0,19100.0,,,,,,,,,,,,3.0,,,,,,,,,,,
322,RLax,deepmind/rlax,reinforcement-learning,,{},24.0,,10,False,rlax,,,,['jax'],444.0,444.0,https://pypi.org/project/rlax,61416.0,61416.0,,,,,,,,,,,,2.0,,,,,,,,,,,
323,Acme,deepmind/acme,reinforcement-learning,,{},91.0,A Python library for Reinforcement Learning.,10,False,dm-acme,conda-forge/dm-acme,,,['tensorflow'],318.0,318.0,https://pypi.org/project/dm-acme,1685.0,1938.0,https://anaconda.org/conda-forge/dm-acme,2020-11-19 20:50:22.810,2025-04-22 14:57:40.447,2025-04-22 14:57:40.447000,17236.0,5.0,,,,,,2.0,,,,,,,,,,,
324,petastorm,uber/petastorm,distributed-ml,,{},52.0,,10,False,petastorm,,,,,418.0,418.0,https://pypi.org/project/petastorm,193167.0,193167.0,,,,,,,,,,,,2.0,,,,,,,,,,,
325,Darts,unit8co/darts,time-series-data,,{},163.0,A python library for user-friendly forecasting and anomaly detection on time series.,10,False,u8darts,conda-forge/u8darts-all,unit8/darts,,,,,https://pypi.org/project/u8darts,118101.0,120141.0,https://anaconda.org/conda-forge/u8darts-all,2021-07-30 09:48:56.369,2026-07-20 14:21:54.140,2026-07-20 14:21:54.140000,118826.0,47.0,https://hub.docker.com/r/unit8/darts,2026-07-20 10:26:36.528437,,,3621.0,2.0,,,,,,,,,,,
326,skforecast,JoaquinAmatRodrigo/skforecast,time-series-data,,{},32.0,,10,False,skforecast,,,,['sklearn'],504.0,504.0,https://pypi.org/project/skforecast,118204.0,118204.0,,,,,,,,,,,,2.0,,,,,,,,,,,
327,chroma,chroma-core/chroma,nn-search,,{},190.0,,10,False,chromadb,,,,,4.0,4.0,https://pypi.org/project/chromadb,12805227.0,12805227.0,,,,,,,,,,,,3.0,,,,,,,,,,,
328,torchrec,pytorch/torchrec,recommender-systems,,{},488.0,,10,False,torchrec,,,,,276.0,276.0,https://pypi.org/project/torchrec,18608.0,18608.0,,,,,,,,,,,,2.0,,,,,,,,,,,
329,librosa,librosa/librosa,audio,,{},139.0,Python module for audio and music processing.,10,False,librosa,conda-forge/librosa,,,,,,https://pypi.org/project/librosa,9497292.0,9521815.0,https://anaconda.org/conda-forge/librosa,2020-07-22 10:27:16.474,2025-04-22 14:56:25.574,2025-04-22 14:56:25.574000,1765724.0,23.0,,,,,,3.0,,,,,,,,,,,
330,espnet,espnet/espnet,audio,,{},557.0,,10,False,espnet,,,,,503.0,503.0,https://pypi.org/project/espnet,24353.0,24353.0,,,,,,,,,,,,3.0,,,,,,,,,,,
331,python_speech_features,jameslyons/python_speech_features,audio,,{},19.0,,10,False,python_speech_features,,,,,1122.0,1122.0,https://pypi.org/project/python_speech_features,144448.0,144448.0,,,,,,,,,,,,3.0,,,,,,,,,,,
332,Pyro,pyro-ppl/pyro,probabilistics,,{},163.0,A Python library for probabilistic modeling and inference.,10,False,pyro-ppl,conda-forge/pyro-ppl,,,['pytorch'],,,https://pypi.org/project/pyro-ppl,1095516.0,1101052.0,https://anaconda.org/conda-forge/pyro-ppl,2021-03-05 15:30:58.525,2025-04-22 14:57:47.967,2025-04-22 14:57:47.967000,354333.0,11.0,,,,,,3.0,,,,,,,,,,,
333,CleverHans,cleverhans-lab/cleverhans,adversarial,,{},131.0,"This repository contains the source code for CleverHans, a Python library to benchmark machine learning systems..",10,False,cleverhans,conda-forge/cleverhans,,,['tensorflow'],841.0,841.0,https://pypi.org/project/cleverhans,1180.0,1370.0,https://anaconda.org/conda-forge/cleverhans,2020-06-24 23:14:07.928,2025-04-22 14:57:28.932,2025-04-22 14:57:28.932000,13925.0,3.0,,,,,,3.0,,,,,,,,,,,
334,lightning-flash,Lightning-AI/lightning-flash,pytorch-utils,,{},87.0,Your PyTorch AI Factory - Flash enables you to easily configure and run complex AI recipes.,10,False,lightning-flash,conda-forge/lightning-flash,,,['pytorch'],323.0,323.0,https://pypi.org/project/lightning-flash,1148.0,1837.0,https://anaconda.org/conda-forge/lightning-flash,2021-08-24 20:02:16.116,2025-04-22 14:57:59.303,2025-04-22 14:57:59.303000,40653.0,14.0,,,,,,2.0,,,,,,,,,,,
335,detecto,alankbi/detecto,pytorch-utils,,{},12.0,Build fully-functioning computer vision models with PyTorch.,10,False,detecto,conda-forge/detecto,,,['pytorch'],196.0,196.0,https://pypi.org/project/detecto,11438.0,11598.0,https://anaconda.org/conda-forge/detecto,2021-06-09 14:10:48.390,2025-04-22 14:57:54.494,2025-04-22 14:57:54.494000,9786.0,2.0,,,,,,2.0,,,,,,,,,,,
336,metric-learn,scikit-learn-contrib/metric-learn,sklearn-utils,,{},25.0,Python implementations of metric learning algorithms.,10,False,metric-learn,conda-forge/metric-learn,,,['sklearn'],506.0,506.0,https://pypi.org/project/metric-learn,5679.0,5969.0,https://anaconda.org/conda-forge/metric-learn,2020-07-01 11:28:55.023,2025-04-22 14:57:23.763,2025-04-22 14:57:23.763000,20923.0,4.0,,,,,,3.0,,,,,,,,,,,
337,alibi-detect,SeldonIO/alibi-detect,others,,{},28.0,,10,False,alibi-detect,,,,,647.0,647.0,https://pypi.org/project/alibi-detect,80986.0,80986.0,,,,,,,,,,,,3.0,,,,,,,,,,,
338,BioPandas,rasbt/biopandas,others,,{},18.0,Molecular Structures in Pandas DataFrames.,10,False,biopandas,conda-forge/biopandas,,,['pandas'],411.0,411.0,https://pypi.org/project/biopandas,33738.0,39162.0,https://anaconda.org/conda-forge/biopandas,2020-08-04 11:39:32.572,2025-04-22 14:56:30.745,2025-04-22 14:56:30.745000,385154.0,12.0,,,,,,3.0,,,,,,,,,,,
339,gplearn,trevorstephens/gplearn,others,,{},13.0,"gplearn implements Genetic Programming in Python, with a scikit-learn inspired and compatible API.",10,False,gplearn,conda-forge/gplearn,,,['sklearn'],745.0,745.0,https://pypi.org/project/gplearn,47685.0,47873.0,https://anaconda.org/conda-forge/gplearn,2020-06-18 15:08:16.907,2026-01-07 23:59:23.701,2026-01-07 23:59:23.701000,13749.0,3.0,,,,,,3.0,,,,,,,,,,,
340,Jina,jina-ai/jina,ml-frameworks,,{},185.0,Build cross-modal and multi-modal applications on the cloud.,9,False,jina,conda-forge/jina-core,jinaai/jina,,,,,https://pypi.org/project/jina,28664.0,64128.0,https://anaconda.org/conda-forge/jina-core,2021-09-02 15:10:14.675,2025-04-22 14:57:59.713,2025-04-22 14:57:59.713000,129511.0,45.0,https://hub.docker.com/r/jinaai/jina,2025-03-24 14:11:41.059929,9.0,9.0,1927465.0,3.0,,,,,,,,,,,
341,anomalib,openvinotoolkit/anomalib,ml-frameworks,,{},121.0,,9,False,anomalib,,,,,219.0,219.0,https://pypi.org/project/anomalib,45797.0,45797.0,,,,,,,,,,,,3.0,,,,,,,,,,,
342,Aesara,aesara-devs/aesara,ml-frameworks,,{},595.0,An optimizing compiler for evaluating mathematical expressions.,9,False,aesara,conda-forge/aesara,,,,,,https://pypi.org/project/aesara,29884.0,62159.0,https://anaconda.org/conda-forge/aesara,2021-02-13 08:34:03.335,2025-04-22 14:57:46.430,2025-04-22 14:57:46.430000,2097905.0,72.0,,,,,,3.0,,,,,,,,,,,
343,Ludwig,ludwig-ai/ludwig,ml-frameworks,,{},159.0,,9,False,ludwig,,,,['tensorflow'],366.0,366.0,https://pypi.org/project/ludwig,3548.0,3548.0,,,,,,,,,,,,3.0,,,,,,,,,,,
344,mlpack,mlpack/mlpack,ml-frameworks,,{},341.0,"mlpack: a fast, header-only machine learning library.",9,False,mlpack,conda-forge/mlpack,,,,,,https://pypi.org/project/mlpack,3126.0,9987.0,https://anaconda.org/conda-forge/mlpack,2020-06-19 07:49:40.555,2026-06-20 14:06:36.438,2026-06-20 14:06:36.438000,500878.0,17.0,,,,,,3.0,,,,,,,,,,,
345,sense2vec,explosion/sense2vec,nlp,,{},20.0,word2vec with NLP-specific tokens.,9,False,sense2vec,conda-forge/sense2vec,,,,472.0,472.0,https://pypi.org/project/sense2vec,1648.0,2977.0,https://anaconda.org/conda-forge/sense2vec,2021-07-14 13:11:50.060,2025-04-22 14:57:12.924,2025-04-22 14:57:12.924000,79780.0,3.0,,,,,,3.0,,,,,,,,,,,
346,adapters,Adapter-Hub/adapters,nlp,,{},18.0,,9,False,adapters,,,,['huggingface'],285.0,285.0,https://pypi.org/project/adapters,80270.0,80270.0,,,,,,,,,,,,3.0,,,,,,,,,,,
347,Augmentor,mdbloice/Augmentor,image,,{},23.0,,9,False,Augmentor,,,,,969.0,969.0,https://pypi.org/project/Augmentor,7938.0,7938.0,,,,,,,,,,,,3.0,,,,,,,,,,,
348,PaddleSeg,PaddlePaddle/PaddleSeg,image,,{},131.0,,9,False,paddleseg,,,,['paddle'],1493.0,1493.0,https://pypi.org/project/paddleseg,2069.0,2069.0,,,,,,,,,,,,3.0,,,,,,,,,,,
349,opencv-python,opencv/opencv-python,image,,{},62.0,,9,False,opencv-python,,,,,,,https://pypi.org/project/opencv-python,58359855.0,58359855.0,,,,,,,,,,,,3.0,,,,,,,,,,,
350,Image Deduplicator,idealo/imagededup,image,,{},19.0,,9,False,imagededup,,,,['tensorflow'],215.0,215.0,https://pypi.org/project/imagededup,106839.0,106839.0,,,,,,,,,,,,3.0,,,,,,,,,,,
351,Chartify,spotify/chartify,data-viz,,{},27.0,Python library to make plotting simpler for data scientists.,9,False,chartify,conda-forge/chartify,,,,86.0,86.0,https://pypi.org/project/chartify,1241.0,1733.0,https://anaconda.org/conda-forge/chartify,2018-11-26 21:34:46.186,2025-04-22 14:56:57.373,2025-04-22 14:56:57.373000,45320.0,10.0,,,,,,3.0,,,,,,,,,,,
352,PandasGUI,adamerose/pandasgui,data-viz,,{},15.0,A GUI for Pandas DataFrames.,9,False,pandasgui,conda-forge/pandasgui,,,['pandas'],533.0,533.0,https://pypi.org/project/pandasgui,2678.0,3370.0,https://anaconda.org/conda-forge/pandasgui,2021-01-27 21:17:12.748,2025-04-22 14:57:45.598,2025-04-22 14:57:45.598000,45719.0,2.0,,,,,,3.0,,,,,,,,,,,
353,yellowbrick,DistrictDataLabs/yellowbrick,interpretability,,{},113.0,A suite of visual analysis and diagnostic tools for machine learning.,9,False,yellowbrick,conda-forge/yellowbrick,,,['sklearn'],,,https://pypi.org/project/yellowbrick,584108.0,585692.0,https://anaconda.org/conda-forge/yellowbrick,2020-08-07 07:09:40.588,2025-04-22 14:57:33.497,2025-04-22 14:57:33.497000,112498.0,6.0,,,,,,2.0,,,,,,,,,,,
354,shapash,MAIF/shapash,interpretability,,{},49.0,,9,False,shapash,,,,['jupyter'],202.0,202.0,https://pypi.org/project/shapash,9608.0,9608.0,,,,,,,,,,,,2.0,,,,,,,,,,,
355,Deep Checks,deepchecks/deepchecks,interpretability,,{},56.0,,9,False,deepchecks,,,,,554.0,554.0,https://pypi.org/project/deepchecks,36387.0,36387.0,,,,,,,,,,,,2.0,,,,,,,,,,,
356,checklist,marcotcr/checklist,interpretability,,{},15.0,Beyond Accuracy: Behavioral Testing of NLP Models with CheckList.,9,False,checklist,conda-forge/checklist,,,['jupyter'],384.0,384.0,https://pypi.org/project/checklist,1824.0,2004.0,https://anaconda.org/conda-forge/checklist,2021-01-12 20:24:37.883,2025-04-22 14:57:44.390,2025-04-22 14:57:44.390000,11941.0,2.0,,,,,,2.0,,,,,,,,,,,
357,aequitas,dssg/aequitas,interpretability,,{},23.0,,9,False,aequitas,,,,,210.0,210.0,https://pypi.org/project/aequitas,17966.0,17966.0,,,,,,,,,,,,2.0,,,,,,,,,,,
358,PyKEEN,pykeen/pykeen,graph,,{},44.0,,9,False,pykeen,,,,,374.0,374.0,https://pypi.org/project/pykeen,23585.0,23585.0,,,,,,,,,,,,2.0,,,,,,,,,,,
359,Spektral,danielegrattarola/spektral,graph,,{},27.0,,9,False,spektral,,,,['tensorflow'],434.0,434.0,https://pypi.org/project/spektral,13166.0,13166.0,,,,,,,,,,,,2.0,,,,,,,,,,,
360,TensorTrade,tensortrade-org/tensortrade,financial-data,,{},62.0,"TensorTrade: A reinforcement learning library for training, evaluating, and deploying robust trading agents.",9,False,tensortrade,conda-forge/tensortrade,,,,74.0,74.0,https://pypi.org/project/tensortrade,1034.0,1142.0,https://anaconda.org/conda-forge/tensortrade,2021-04-21 17:04:20.505,2026-02-09 18:23:25.158,2026-02-09 18:23:25.158000,6848.0,3.0,,,,,,3.0,,,,,,,,,,,
361,IB-insync,erdewit/ib_insync,financial-data,,{},36.0,Python sync/async framework for Interactive Brokers API.,9,False,ib_insync,conda-forge/ib-insync,,,,,,https://pypi.org/project/ib_insync,729510.0,730436.0,https://anaconda.org/conda-forge/ib-insync,2019-07-23 15:47:08.281,2025-04-22 14:57:08.534,2025-04-22 14:57:08.534000,77837.0,22.0,,,,,,3.0,,,,,,,,,,,
362,ta-lib-python,TA-Lib/ta-lib-python,financial-data,,{},41.0,Python wrapper for TA-Lib.,9,False,TA-Lib,conda-forge/ta-lib,,,,,,https://pypi.org/project/TA-Lib,880817.0,894281.0,https://anaconda.org/conda-forge/ta-lib,2020-09-29 19:30:19.177,2025-10-26 02:08:50.502,2025-10-26 02:08:50.502000,942481.0,7.0,,,,,,3.0,,,,,,,,,,,
363,ml-metadata,google/ml-metadata,ml-experiments,,{},24.0,,9,False,ml-metadata,,,,,740.0,740.0,https://pypi.org/project/ml-metadata,47457.0,47457.0,,,,,,,,,,,,3.0,,,,,,,,,,,
364,livelossplot,stared/livelossplot,ml-experiments,,{},20.0,,9,False,livelossplot,,,,['jupyter'],1892.0,1892.0,https://pypi.org/project/livelossplot,12141.0,12141.0,,,,,,,,,,,,3.0,,,,,,,,,,,
365,SKLL,EducationalTestingService/skll,ml-experiments,,{},39.0,SciKit-Learn Laboratory makes it easier to run machine learning experiments with scikit-learn.,9,False,skll,conda-forge/skll,,,['sklearn'],50.0,50.0,https://pypi.org/project/skll,1046.0,1586.0,https://anaconda.org/conda-forge/skll,2021-11-29 23:26:59.283,2025-04-22 14:58:06.094,2025-04-22 14:58:06.094000,30268.0,9.0,,,,,,3.0,,,,,,,,,,,
366,trl,huggingface/trl,reinforcement-learning,,{},513.0,,9,False,trl,,,,,1.0,1.0,https://pypi.org/project/trl,3569845.0,3569845.0,,,,,,,,,,,,2.0,,,,,,,,,,,
367,ViZDoom,mwydmuch/ViZDoom,reinforcement-learning,,{},58.0,,9,False,vizdoom,,,,,358.0,358.0,https://pypi.org/project/vizdoom,11332.0,11332.0,,,,,,,,,,,,2.0,,,,,,,,,,,
368,MNE,mne-tools/mne-python,medical-data,,{},454.0,MNE-Python is a software for MEG and EEG data analysis.,9,False,mne,conda-forge/mne,,,,,,https://pypi.org/project/mne,424271.0,435697.0,https://anaconda.org/conda-forge/mne,2020-05-19 23:08:48.350,2026-04-20 20:38:15.777,2026-04-20 20:38:15.777000,845538.0,69.0,,,,,,3.0,,,,,,,,,,,
369,ipyparallel,ipython/ipyparallel,distributed-ml,,{},116.0,Interactive Parallel Computing with IPython.,9,False,ipyparallel,conda-forge/ipyparallel,,,['jupyter'],,,https://pypi.org/project/ipyparallel,183802.0,217409.0,https://anaconda.org/conda-forge/ipyparallel,2020-10-15 04:18:35.774,2026-05-13 14:00:27.278,2026-05-13 14:00:27.278000,2318916.0,35.0,,,,,,3.0,,,,,,,,,,,
370,Elephas,danielenricocahall/elephas,distributed-ml,,{},30.0,Deep learning on Spark with Keras.,9,False,elephas,conda-forge/elephas,,,"['keras', 'spark']",79.0,79.0,https://pypi.org/project/elephas,1346.0,1602.0,https://anaconda.org/conda-forge/elephas,2019-08-19 17:33:26.070,2025-04-22 14:57:10.644,2025-04-22 14:57:10.644000,21267.0,4.0,,,,,,3.0,,,,,,,,,,,
371,tsai,timeseriesAI/tsai,time-series-data,,{},25.0,,9,False,tsai,conda-forge/tsai,,,,287.0,287.0,https://pypi.org/project/tsai,18422.0,18422.0,https://anaconda.org/conda-forge/tsai,,,,,,,,,,,3.0,,,,,,,,,,,
372,NeuralForecast,Nixtla/neuralforecast,time-series-data,,{},68.0,Deep Learning for Time Series Forecasting.,9,False,neuralforecast,conda-forge/neuralforecast,,,,,,https://pypi.org/project/neuralforecast,296524.0,297833.0,https://anaconda.org/conda-forge/neuralforecast,2022-03-23 16:16:31.657,2026-07-11 04:59:20.980,2026-07-11 04:59:20.980000,68109.0,38.0,,,,,,3.0,,,,,,,,,,,
373,TSFEL,fraunhoferportugal/tsfel,time-series-data,,{},21.0,,9,False,tsfel,,,,,226.0,226.0,https://pypi.org/project/tsfel,29573.0,29573.0,,,,,,,,,,,,3.0,,,,,,,,,,,
374,voyager,spotify/voyager,nn-search,,{},8.0,,9,False,voyager,,,,,241.0,241.0,https://pypi.org/project/voyager,115354.0,115354.0,,,,,,,,,,,,3.0,,,,,,,,,,,
375,Madmom,CPJKU/madmom,audio,,{},24.0,,9,False,madmom,,,,,536.0,536.0,https://pypi.org/project/madmom,13060.0,13060.0,,,,,,,,,,,,3.0,,,,,,,,,,,
376,nnAudio,KinWaiCheuk/nnAudio,audio,,{},17.0,,9,False,nnAudio,,,,,457.0,457.0,https://pypi.org/project/nnAudio,96678.0,96678.0,,,,,,,,,,,,3.0,,,,,,,,,,,
377,torchaudio,pytorch/audio,audio,,{},251.0,,9,False,torchaudio,,,,['pytorch'],,,https://pypi.org/project/torchaudio,8380159.0,8380159.0,,,,,,,,,,,,3.0,,,,,,,,,,,
378,python-soundfile,bastibe/python-soundfile,audio,,{},44.0,"SoundFile is an audio library based on libsndfile, CFFI, and NumPy.",9,False,soundfile,anaconda/pysoundfile,,,,,,https://pypi.org/project/soundfile,24855862.0,24855934.0,https://anaconda.org/anaconda/pysoundfile,2026-03-03 08:12:51.546,2026-03-23 19:15:41.390,2026-03-23 19:15:41.390000,291.0,1.0,,,,,,3.0,,,,,,,,,,,
379,Porcupine,Picovoice/Porcupine,audio,,{},45.0,,9,False,pvporcupine,,,,,56.0,56.0,https://pypi.org/project/pvporcupine,105121.0,105121.0,,,,,,,,,,,,3.0,,,,,,,,,,,
380,DDSP,magenta/ddsp,audio,,{},36.0,Differentiable Digital Signal Processing.,9,False,ddsp,conda-forge/ddsp,,,['tensorflow'],74.0,74.0,https://pypi.org/project/ddsp,3800.0,4188.0,https://anaconda.org/conda-forge/ddsp,2020-06-03 13:14:40.638,2025-04-22 14:57:27.526,2025-04-22 14:57:27.526000,28334.0,3.0,,,,,,3.0,,,,,,,,,,,
381,hls4ml,fastmachinelearning/hls4ml,model-serialisation,,{},90.0,Machine learning in FPGAs using HLS.,9,False,hls4ml,conda-forge/hls4ml,,,"['tensorflow', 'pytorch']",57.0,57.0,https://pypi.org/project/hls4ml,3337.0,3533.0,https://anaconda.org/conda-forge/hls4ml,2020-09-29 21:06:25.423,2025-04-22 14:57:36.962,2025-04-22 14:57:36.962000,13781.0,4.0,,,,,,3.0,,,,,,,,,,,
382,Baal,baal-org/baal,probabilistics,,{},25.0,Library for bayesian active learning.,9,False,baal,conda-forge/baal,,,,76.0,76.0,https://pypi.org/project/baal,2545.0,2809.0,https://anaconda.org/conda-forge/baal,2021-01-20 20:35:22.269,2025-04-22 14:57:44.821,2025-04-22 14:57:44.821000,17483.0,5.0,,,,,,3.0,,,,,,,,,,,
383,torch-scatter,rusty1s/pytorch_scatter,pytorch-utils,,{},35.0,PyTorch Extension Library of Optimized Scatter Operations.,9,False,torch-scatter,conda-forge/pytorch_scatter,,,['pytorch'],,,https://pypi.org/project/torch-scatter,56053.0,74653.0,https://anaconda.org/conda-forge/pytorch_scatter,2020-06-01 16:15:18.085,2026-07-29 06:46:10.545,2026-07-29 06:46:10.545000,1357814.0,8.0,,,,,,2.0,,,,,,,,,,,
384,tensorflow-hub,tensorflow/hub,tensorflow-utils,,{},108.0,A library for transfer learning by reusing parts of TensorFlow models.,9,False,tensorflow-hub,conda-forge/tensorflow-hub,,,['tensorflow'],,,https://pypi.org/project/tensorflow-hub,2077255.0,2079216.0,https://anaconda.org/conda-forge/tensorflow-hub,2020-08-24 16:43:33.174,2025-04-22 14:56:51.855,2025-04-22 14:56:51.855000,139261.0,15.0,,,,,,2.0,,,,,,,,,,,
385,iterative-stratification,trent-b/iterative-stratification,sklearn-utils,,{},7.0,,9,False,iterative-stratification,,,,['sklearn'],643.0,643.0,https://pypi.org/project/iterative-stratification,174649.0,174649.0,,,,,,,,,,,,3.0,,,,,,,,,,,
386,modAL,modAL-python/modAL,others,,{},21.0,,9,False,modAL,,,,['sklearn'],,,https://pypi.org/project/modAL,55133150.0,55133150.0,,,,,,,,,,,,3.0,,,,,,,,,,,
387,pysc2,deepmind/pysc2,others,,{},39.0,,9,False,pysc2,,,,,985.0,985.0,https://pypi.org/project/pysc2,2976.0,2976.0,,,,,,,,,,,,3.0,,,,,,,,,,,
388,TabPy,tableau/TabPy,others,,{},53.0,,9,False,tabpy,anaconda/tabpy-client,,,,215.0,215.0,https://pypi.org/project/tabpy,2671.0,2729.0,https://anaconda.org/anaconda/tabpy-client,2017-04-06 20:14:02.493,2025-04-22 15:32:21.921,2025-04-22 15:32:21.921000,6438.0,1.0,,,,,,3.0,,,,,,,,,,,
389,mlx,ml-explore/mlx,ml-frameworks,,{},277.0,,8,False,mlx,,,,,,,https://pypi.org/project/mlx,1249761.0,1249761.0,,,,,,,,,,,,3.0,,,,,,,,,,,
390,small-text,webis-de/small-text,nlp,,{},10.0,Active Learning for Text Classification in Python.,8,False,small-text,conda-forge/small-text,,,"['sklearn', 'pytorch']",35.0,35.0,https://pypi.org/project/small-text,952.0,1487.0,https://anaconda.org/conda-forge/small-text,2022-07-04 12:50:35.173,2026-05-23 20:05:20.701,2026-05-23 20:05:20.701000,25705.0,15.0,,,,,,3.0,,,,,,,,,,,
391,unsloth,unslothai/unsloth,nlp,,{},260.0,,8,False,unsloth,,,,,,,https://pypi.org/project/unsloth,2197493.0,2197493.0,,,,,,,,,,,,3.0,,,,,,,,,,,
392,DeepPavlov,deepmipt/DeepPavlov,nlp,,{},78.0,,8,False,deeppavlov,,,,['tensorflow'],440.0,440.0,https://pypi.org/project/deeppavlov,1652.0,1652.0,,,,,,,,,,,,3.0,,,,,,,,,,,
393,TensorFlow Text,tensorflow/text,nlp,,{},123.0,,8,False,tensorflow-text,,,,['tensorflow'],,,https://pypi.org/project/tensorflow-text,5563226.0,5563226.0,,,,,,,,,,,,3.0,,,,,,,,,,,
394,CLTK,cltk/cltk,nlp,,{},123.0,,8,False,cltk,,,,,310.0,310.0,https://pypi.org/project/cltk,5710.0,5710.0,,,,,,,,,,,,3.0,,,,,,,,,,,
395,Face Alignment,1adrianb/face-alignment,image,,{},26.0,,8,False,face-alignment,,,,['pytorch'],24.0,24.0,https://pypi.org/project/face-alignment,186732.0,186732.0,,,,,,,,,,,,3.0,,,,,,,,,,,
396,vidgear,abhiTronix/vidgear,image,,{},17.0,,8,False,vidgear,,,,,764.0,764.0,https://pypi.org/project/vidgear,23557.0,23557.0,,,,,,,,,,,,3.0,,,,,,,,,,,
397,vit-pytorch,lucidrains/vit-pytorch,image,,{},28.0,,8,False,vit-pytorch,,,,['pytorch'],24.0,24.0,https://pypi.org/project/vit-pytorch,147699.0,147699.0,,,,,,,,,,,,3.0,,,,,,,,,,,
398,MMOCR,open-mmlab/mmocr,ocr,,{},87.0,,8,False,mmocr,,,,['pytorch'],240.0,240.0,https://pypi.org/project/mmocr,3099.0,3099.0,,,,,,,,,,,,3.0,,,,,,,,,,,
399,vega,vega/ipyvega,data-viz,,{},15.0,A Jupyter widget for Vega 5 and Vega-Lite 4.,8,False,vega,conda-forge/vega,,,['jupyter'],4.0,4.0,https://pypi.org/project/vega,57056.0,79284.0,https://anaconda.org/conda-forge/vega,2020-05-13 21:13:44.886,2025-10-04 13:28:21.601,2025-10-04 13:28:21.601000,1644920.0,29.0,,,,,,3.0,,,,,,,,,,,
400,Pandas-Bokeh,PatrikHlobil/Pandas-Bokeh,data-viz,,{},15.0,,8,False,pandas-bokeh,,,,['pandas'],782.0,782.0,https://pypi.org/project/pandas-bokeh,11204.0,11204.0,,,,,,,,,,,,3.0,,,,,,,,,,,
401,pythreejs,jupyter-widgets/pythreejs,data-viz,,{},30.0,A Python / ThreeJS bridge utilizing the Jupyter widget infrastructure.,8,False,pythreejs,conda-forge/pythreejs,,,['jupyter'],,,https://pypi.org/project/pythreejs,117342.0,137060.0,https://anaconda.org/conda-forge/pythreejs,2020-10-12 12:24:06.816,2025-04-22 14:56:22.872,2025-04-22 14:56:22.872000,1319447.0,18.0,,,,,,3.0,,jupyter-threejs,https://www.npmjs.com/package/jupyter-threejs,596.0,,,,,,,
402,HiPlot,facebookresearch/hiplot,data-viz,,{},9.0,High dimensional Interactive Plotting tool.,8,False,hiplot,conda-forge/hiplot,,,,12.0,12.0,https://pypi.org/project/hiplot,11765.0,15938.0,https://anaconda.org/conda-forge/hiplot,2020-02-25 21:59:48.328,2025-04-22 14:57:21.906,2025-04-22 14:57:21.906000,321391.0,35.0,,,,,,3.0,,,,,,,,,,,
403,imodels,csinva/imodels,interpretability,,{},29.0,,8,False,imodels,,,,,154.0,154.0,https://pypi.org/project/imodels,50901.0,50901.0,,,,,,,,,,,,3.0,,,,,,,,,,,
404,keract,philipperemy/keract,interpretability,,{},17.0,,8,False,keract,,,,['tensorflow'],265.0,265.0,https://pypi.org/project/keract,9035.0,9035.0,,,,,,,,,,,,3.0,,,,,,,,,,,
405,iNNvestigate,albermax/innvestigate,interpretability,,{},22.0,,8,False,innvestigate,,,,['tensorflow'],151.0,151.0,https://pypi.org/project/innvestigate,440.0,440.0,,,,,,,,,,,,3.0,BSD-2-Clause,,,,,,,,,,
406,pygod,pygod-team/pygod,graph,,{},17.0,A Python Library for Graph Outlier Detection (Anomaly Detection).,8,False,pygod,conda-forge/pygod,,,,55.0,55.0,https://pypi.org/project/pygod,1786.0,2086.0,https://anaconda.org/conda-forge/pygod,2022-04-19 10:09:06.849,2025-04-22 14:58:15.321,2025-04-22 14:58:15.321000,15300.0,6.0,,,,,,2.0,,,,,,,,,,,
407,torch-cluster,rusty1s/pytorch_cluster,graph,,{},40.0,PyTorch Extension Library of Optimized Graph Cluster Algorithms.,8,False,torch-cluster,conda-forge/pytorch_cluster,,,['pytorch'],,,https://pypi.org/project/torch-cluster,21677.0,29672.0,https://anaconda.org/conda-forge/pytorch_cluster,2020-05-31 21:25:54.413,2026-06-11 12:54:23.914,2026-06-11 12:54:23.914000,591686.0,5.0,,,,,,2.0,,,,,,,,,,,
408,StellarGraph,stellargraph/stellargraph,graph,,{},42.0,,8,False,stellargraph,,,,['tensorflow'],311.0,311.0,https://pypi.org/project/stellargraph,1516.0,1516.0,,,,,,,,,,,,2.0,,,,,,,,,,,
409,GeoViews,holoviz/geoviews,geospatial-data,,{},34.0,"GeoViews is a Python library that makes it easy to explore and visualize geographical, meteorological, and..",8,False,geoviews,conda-forge/geoviews,,,,5.0,5.0,https://pypi.org/project/geoviews,32330.0,38345.0,https://anaconda.org/conda-forge/geoviews,2020-09-23 20:06:45.056,2026-01-14 07:26:40.378,2026-01-14 07:26:40.378000,421116.0,29.0,,,,,,3.0,,,,,,,,,,,
410,prettymaps,marceloprates/prettymaps,geospatial-data,,{},23.0,A simple python library to draw pretty maps from OpenStreetMap data.,8,False,prettymaps,conda-forge/prettymaps,,,,74.0,74.0,https://pypi.org/project/prettymaps,699.0,904.0,https://anaconda.org/conda-forge/prettymaps,2022-01-08 18:08:24.113,2025-06-11 22:55:39.146,2025-06-11 22:55:39.146000,11109.0,7.0,,,,,,3.0,,,,,,,,,,,
411,Alpha Vantage,RomelTorres/alpha_vantage,financial-data,,{},44.0,Python module to get stock data from the Alpha Vantage Api.,8,False,alpha_vantage,conda-forge/alpha_vantage,,,,,,https://pypi.org/project/alpha_vantage,222838.0,223014.0,https://anaconda.org/conda-forge/alpha_vantage,2021-01-14 18:10:26.343,2025-04-22 14:57:44.470,2025-04-22 14:57:44.470000,11643.0,2.0,,,,,,3.0,,,,,,,,,,,
412,Qlib,microsoft/qlib,financial-data,,{},152.0,,8,False,pyqlib,,,,['pytorch'],24.0,24.0,https://pypi.org/project/pyqlib,48281.0,48281.0,,,,,,,,,,,,3.0,,,,,,,,,,,
413,NNI,microsoft/nni,hyperopt,,{},191.0,,8,False,nni,,,,,24.0,24.0,https://pypi.org/project/nni,35066.0,35066.0,,,,,,,,,,,,3.0,,,,,,,,,,,
414,gokart,m3dev/gokart,ml-experiments,,{},49.0,,8,False,gokart,,,,,85.0,85.0,https://pypi.org/project/gokart,11706.0,11706.0,,,,,,,,,,,,3.0,,,,,,,,,,,
415,Hail,hail-is/hail,medical-data,,{},103.0,,8,False,hail,,,,['spark'],187.0,187.0,https://pypi.org/project/hail,31604.0,31604.0,,,,,,,,,,,,3.0,,,,,,,,,,,
416,tsflex,predict-idlab/tsflex,time-series-data,,{},6.0,Toolkit for flexible processing & feature extraction on time-series data.,8,False,tsflex,conda-forge/tsflex,,,,23.0,23.0,https://pypi.org/project/tsflex,12649.0,13389.0,https://anaconda.org/conda-forge/tsflex,2021-07-06 15:16:45.577,2025-04-22 14:57:56.438,2025-04-22 14:57:56.438000,44459.0,16.0,,,,,,3.0,,,,,,,,,,,
417,ADTK,arundo/adtk,time-series-data,,{},11.0,A package for unsupervised time series anomaly detection.,8,False,adtk,conda-forge/adtk,,,,,,https://pypi.org/project/adtk,502202.0,502367.0,https://anaconda.org/conda-forge/adtk,2020-03-04 17:10:14.111,2025-04-22 14:57:22.632,2025-04-22 14:57:22.632000,12579.0,3.0,,,,,,3.0,,,,,,,,,,,
418,RecBole,RUCAIBox/RecBole,recommender-systems,,{},79.0,"A unified, comprehensive and efficient recommendation library.",8,False,recbole,aibox/recbole,,,['pytorch'],,,https://pypi.org/project/recbole,88501.0,88653.0,https://anaconda.org/aibox/recbole,2020-11-03 11:40:53.137,2025-03-25 16:28:44.170,2025-03-25 16:28:44.170000,10379.0,11.0,,,,,,2.0,,,,,,,,,,,
419,Recommenders,microsoft/recommenders,recommender-systems,,{},148.0,,8,False,recommenders,,,,,181.0,181.0,https://pypi.org/project/recommenders,25483.0,25483.0,,,,,,,,,,,,2.0,,,,,,,,,,,
420,pyAudioAnalysis,tyiannak/pyAudioAnalysis,audio,,{},28.0,,8,False,pyAudioAnalysis,,,,,685.0,685.0,https://pypi.org/project/pyAudioAnalysis,6284.0,6284.0,,,,,,,,,,,,3.0,,,,,,,,,,,
421,m2cgen,BayesWitnesses/m2cgen,model-serialisation,,{},14.0,,8,False,m2cgen,,,,,352.0,352.0,https://pypi.org/project/m2cgen,17752.0,17752.0,,,,,,,,,,,,3.0,,,,,,,,,,,
422,cuDF,rapidsai/cudf,gpu-utilities,,{},349.0,,8,False,cudf,,,,,71.0,71.0,https://pypi.org/project/cudf,3086.0,3086.0,,,,,,,,,,,,3.0,,,,,,,,,,,
423,pytorch-optimizer,jettify/pytorch-optimizer,pytorch-utils,,{},26.0,A collection of optimizers for PyTorch compatible with optim module.,8,False,torch_optimizer,conda-forge/torch-optimizer,,,['pytorch'],,,https://pypi.org/project/torch_optimizer,158285.0,158582.0,https://anaconda.org/conda-forge/torch-optimizer,2021-04-21 17:27:11.637,2025-04-22 14:57:50.627,2025-04-22 14:57:50.627000,18730.0,3.0,,,,,,2.0,,,,,,,,,,,
424,Antialiased CNNs,adobe/antialiased-cnns,pytorch-utils,,{},6.0,,8,False,antialiased-cnns,,,,['pytorch'],82.0,82.0,https://pypi.org/project/antialiased-cnns,32012.0,32012.0,,,,,,,,,,,,2.0,CC BY-NC-SA 4.0,,,,,,,,,,
425,PyTorch Sparse,rusty1s/pytorch_sparse,pytorch-utils,,{},48.0,PyTorch Extension Library of Optimized Autograd Sparse Matrix Operations.,8,False,torch-sparse,conda-forge/pytorch_sparse,,,['pytorch'],,,https://pypi.org/project/torch-sparse,31230.0,47813.0,https://anaconda.org/conda-forge/pytorch_sparse,2020-06-01 16:10:56.330,2026-06-11 11:24:34.713,2026-06-11 11:24:34.713000,1210589.0,11.0,,,,,,2.0,,,,,,,,,,,
426,torchsde,google-research/torchsde,pytorch-utils,,{},10.0,SDE solvers and stochastic adjoint sensitivity analysis in PyTorch.,8,False,torchsde,conda-forge/torchsde,,,['pytorch'],,,https://pypi.org/project/torchsde,1759702.0,1760557.0,https://anaconda.org/conda-forge/torchsde,2021-01-11 10:31:24.791,2025-04-22 14:57:44.362,2025-04-22 14:57:44.362000,56465.0,2.0,,,,,,2.0,,,,,,,,,,,
427,Neural Structured Learning,tensorflow/neural-structured-learning,tensorflow-utils,,{},44.0,,8,False,neural-structured-learning,,,,['tensorflow'],528.0,528.0,https://pypi.org/project/neural-structured-learning,1903.0,1903.0,,,,,,,,,,,,2.0,,,,,,,,,,,
428,combo,yzhao062/combo,sklearn-utils,,{},2.0,,8,False,combo,,,,"['sklearn', 'xgboost']",731.0,731.0,https://pypi.org/project/combo,60405.0,60405.0,,,,,,,,,,,,3.0,,,,,,,,,,,
429,scikit-opt,guofei9987/scikit-opt,sklearn-utils,,{},24.0,,8,False,scikit-opt,,,,['sklearn'],287.0,287.0,https://pypi.org/project/scikit-opt,7749.0,7749.0,,,,,,,,,,,,3.0,,,,,,,,,,,
430,apricot,jmschrei/apricot,others,,{},5.0,,8,False,apricot-select,,,,,220.0,220.0,https://pypi.org/project/apricot-select,27714.0,27714.0,,,,,,,,,,,,3.0,,,,,,,,,,,
431,pycm,sepandhaghighi/pycm,others,,{},19.0,,8,False,pycm,,,,,423.0,423.0,https://pypi.org/project/pycm,15970.0,15970.0,,,,,,,,,,,,3.0,,,,,,,,,,,
432,dstack,dstackai/dstack,others,,{},70.0,,8,False,dstack,,,,,25.0,25.0,https://pypi.org/project/dstack,66942.0,66942.0,,,,,,,,,,,,3.0,,,,,,,,,,,
433,AugLy,facebookresearch/AugLy,others,,{},47.0,,8,False,augly,,,,,192.0,192.0,https://pypi.org/project/augly,2622.0,2622.0,,,,,,,,,,,,3.0,,,,,,,,,,,
434,ivy,unifyai/ivy,ml-frameworks,,{},1485.0,,7,False,ivy,,,,,,,https://pypi.org/project/ivy,24279.0,24279.0,,,,,,,,,,,,3.0,,,,,,,,,,,
435,ktrain,amaiya/ktrain,ml-frameworks,,{},17.0,,7,False,ktrain,,,,['tensorflow'],578.0,578.0,https://pypi.org/project/ktrain,2840.0,2840.0,,,,,,,,,,,,3.0,,,,,,,,,,,
436,Determined,determined-ai/determined,ml-frameworks,,{},130.0,,7,False,determined,,,https://docs.determined.ai,"['pytorch', 'tensorflow']",,,https://pypi.org/project/determined,36812.0,36812.0,,,,,,,,,,,,3.0,Apache-2.0,,,,,,,,,,
437,torchtext,pytorch/text,nlp,,{},156.0,,7,False,torchtext,,,,['pytorch'],,,https://pypi.org/project/torchtext,264375.0,264375.0,,,,,,,,,,,,3.0,,,,,,,,,,,
438,happy-transformer,EricFillion/happy-transformer,nlp,,{},14.0,,7,False,happytransformer,,,,['huggingface'],336.0,336.0,https://pypi.org/project/happytransformer,1205.0,1205.0,,,,,,,,,,,,3.0,,,,,,,,,,,
439,ParlAI,facebookresearch/ParlAI,nlp,,{},218.0,,7,False,parlai,,,,['pytorch'],24.0,24.0,https://pypi.org/project/parlai,1994.0,1994.0,,,,,,,,,,,,3.0,,,,,,,,,,,
440,Rasa,RasaHQ/rasa,nlp,,{},600.0,,7,False,rasa,,,,['tensorflow'],,,https://pypi.org/project/rasa,243223.0,243223.0,,,,,,,,,,,,3.0,,,,,,,,,,,
441,torch-points3d,torch-points3d/torch-points3d,image,,{},36.0,,7,False,torch-points3d,,,,['pytorch'],36.0,36.0,https://pypi.org/project/torch-points3d,556.0,556.0,,,,,,,,,,,,3.0,BSD-3-Clause,,,,,,,,,,
442,icevision,airctic/icevision,image,,{},41.0,,7,False,icevision,,,,,,,https://pypi.org/project/icevision,471958.0,471958.0,,,,,,,,,,,,3.0,,,,,,,,,,,
443,Pillow-SIMD,uploadcare/pillow-simd,image,,{},435.0,,7,False,pillow-simd,,,,,,,https://pypi.org/project/pillow-simd,45382.0,45382.0,,,,,,,,,,,,3.0,PIL,,,,,,,,,,
444,HyperTools,ContextLab/hypertools,data-viz,,{},23.0,,7,False,hypertools,,,,,507.0,507.0,https://pypi.org/project/hypertools,776.0,776.0,,,,,,,,,,,,3.0,,,,,,,,,,,
445,What-If Tool,PAIR-code/what-if-tool,interpretability,,{},21.0,An easy-to-use interface for expanding understanding of a black-box classification or regression ML model.,7,False,witwidget,conda-forge/tensorboard-plugin-wit,,,,2.0,2.0,https://pypi.org/project/witwidget,21055.0,57585.0,https://anaconda.org/conda-forge/tensorboard-plugin-wit,2020-06-22 09:11:25.867,2025-04-22 14:57:28.709,2025-04-22 14:57:28.709000,2652159.0,4.0,,,,,,3.0,,wit-widget,https://www.npmjs.com/package/wit-widget,200.0,,,,,,,
446,Netron,lutzroeder/netron,interpretability,,{},,,7,False,netron,,,,"['pytorch', 'tensorflow']",13.0,13.0,https://pypi.org/project/netron,89991.0,89991.0,,,,,,,,,,,,3.0,,,,,,,,,,,
447,eli5,TeamHG-Memex/eli5,interpretability,,{},17.0,Debug machine learning classifiers and explain their predictions.,7,False,eli5,conda-forge/eli5,,,,,,https://pypi.org/project/eli5,131761.0,137248.0,https://anaconda.org/conda-forge/eli5,2020-06-15 13:11:09.444,2025-04-30 05:40:51.091,2025-04-30 05:40:51.091000,400604.0,12.0,,,,,,3.0,,,,,,,,,,,
448,Quantus,understandable-machine-intelligence-lab/quantus,interpretability,,{},25.0,,7,False,quantus,,,,,75.0,75.0,https://pypi.org/project/quantus,1695.0,1695.0,,,,,,,,,,,,3.0,,,,,,,,,,,
449,tf-explain,sicara/tf-explain,interpretability,,{},18.0,,7,False,tf-explain,,,,['tensorflow'],299.0,299.0,https://pypi.org/project/tf-explain,1792.0,1792.0,,,,,,,,,,,,3.0,,,,,,,,,,,
450,tf-keras-vis,keisen/tf-keras-vis,interpretability,,{},3.0,,7,False,tf-keras-vis,,,,['tensorflow'],234.0,234.0,https://pypi.org/project/tf-keras-vis,4511.0,4511.0,,,,,,,,,,,,3.0,,,,,,,,,,,
451,Explainability 360,Trusted-AI/AIX360,interpretability,,{},42.0,,7,False,aix360,,,,,175.0,175.0,https://pypi.org/project/aix360,1608.0,1608.0,,,,,,,,,,,,3.0,,,,,,,,,,,
452,Paddle Graph Learning,PaddlePaddle/PGL,graph,,{},31.0,,7,False,pgl,,,,['paddle'],69.0,69.0,https://pypi.org/project/pgl,1419.0,1419.0,,,,,,,,,,,,3.0,,,,,,,,,,,
453,jraph,deepmind/jraph,graph,,{},17.0,A Graph Neural Network Library in Jax.,7,False,jraph,conda-forge/jraph,,,['jax'],,,https://pypi.org/project/jraph,83822.0,84098.0,https://anaconda.org/conda-forge/jraph,2021-10-31 19:30:25.290,2025-04-22 14:58:03.890,2025-04-22 14:58:03.890000,15772.0,4.0,,,,,,3.0,,,,,,,,,,,
454,AmpliGraph,Accenture/AmpliGraph,graph,,{},21.0,,7,False,ampligraph,,,,['tensorflow'],70.0,70.0,https://pypi.org/project/ampligraph,2085.0,2085.0,,,,,,,,,,,,3.0,,,,,,,,,,,
455,Sentinelsat,sentinelsat/sentinelsat,geospatial-data,,{},44.0,Search and download Copernicus Sentinel satellite images.,7,False,sentinelsat,conda-forge/sentinelsat,,,,,,https://pypi.org/project/sentinelsat,18277.0,18973.0,https://anaconda.org/conda-forge/sentinelsat,2020-10-04 14:33:56.496,2025-04-22 14:57:37.199,2025-04-22 14:57:37.199000,48024.0,6.0,,,,,,3.0,,,,,,,,,,,
456,Talos,autonomio/talos,hyperopt,,{},23.0,,7,False,talos,,,,['tensorflow'],208.0,208.0,https://pypi.org/project/talos,622.0,622.0,,,,,,,,,,,,3.0,,,,,,,,,,,
457,Sklearn-genetic-opt,rodrigo-arenas/Sklearn-genetic-opt,hyperopt,,{},48.0,,7,False,sklearn-genetic-opt,,,,,74.0,74.0,https://pypi.org/project/sklearn-genetic-opt,4838.0,4838.0,,,,,,,,,,,,3.0,,,,,,,,,,,
458,SMAC3,automl/SMAC3,hyperopt,,{},81.0,Sequential Model-based Algorithm Configuration.,7,False,smac,conda-forge/smac,,,,,,https://pypi.org/project/smac,30556.0,31286.0,https://anaconda.org/conda-forge/smac,2021-03-19 15:08:39.735,2025-04-22 14:57:48.900,2025-04-22 14:57:48.900000,46766.0,16.0,,,,,,3.0,,,,,,,,,,,
459,lightwood,mindsdb/lightwood,hyperopt,,{},50.0,,7,False,lightwood,,,,['pytorch'],139.0,139.0,https://pypi.org/project/lightwood,6221.0,6221.0,,,,,,,,,,,,3.0,,,,,,,,,,,
460,Labml,labmlai/labml,ml-experiments,,{},9.0,,7,False,labml,,,,,250.0,250.0,https://pypi.org/project/labml,2006.0,2006.0,,,,,,,,,,,,3.0,,,,,,,,,,,
461,Dopamine,google/dopamine,reinforcement-learning,,{},15.0,,7,False,dopamine-rl,,,,['tensorflow'],24.0,24.0,https://pypi.org/project/dopamine-rl,92204.0,92204.0,,,,,,,,,,,,2.0,,,,,,,,,,,
462,FinRL,AI4Finance-Foundation/FinRL,reinforcement-learning,,{},130.0,,7,False,finrl,,,,,114.0,114.0,https://pypi.org/project/finrl,4188.0,4188.0,,,,,,,,,,,,2.0,,,,,,,,,,,
463,keras-rl,keras-rl/keras-rl,reinforcement-learning,,{},41.0,,7,False,keras-rl,,,,['tensorflow'],836.0,836.0,https://pypi.org/project/keras-rl,666.0,666.0,,,,,,,,,,,,2.0,,,,,,,,,,,
464,Glow,projectglow/glow,medical-data,,{},29.0,An open-source toolkit for large-scale genomic analysis.,7,False,glow.py,conda-forge/glow,,,,,,https://pypi.org/project/glow.py,40261.0,40404.0,https://anaconda.org/conda-forge/glow,2021-02-25 05:34:28.952,2025-04-22 14:57:47.356,2025-04-22 14:57:47.356000,9312.0,3.0,,,,,,3.0,,,,,,,,,,,
465,SynapseML,microsoft/SynapseML,distributed-ml,,{},128.0,,7,False,synapseml,,,,,,,https://pypi.org/project/synapseml,1772801.0,1772801.0,,,,,,,,,,,,3.0,,,,,,,,,,,
466,Hivemind,learning-at-home/hivemind,distributed-ml,,{},34.0,,7,False,hivemind,,,,,135.0,135.0,https://pypi.org/project/hivemind,2091.0,2091.0,,,,,,,,,,,,3.0,,,,,,,,,,,
467,TensorFlowOnSpark,yahoo/TensorFlowOnSpark,distributed-ml,,{},34.0,Deep learning with TensorFlow on Apache Spark clusters.,7,False,tensorflowonspark,conda-forge/tensorflowonspark,,,"['tensorflow', 'spark']",,,https://pypi.org/project/tensorflowonspark,11764.0,12221.0,https://anaconda.org/conda-forge/tensorflowonspark,2019-12-05 16:17:47.431,2025-04-22 14:57:18.376,2025-04-22 14:57:18.376000,36180.0,10.0,,,,,,3.0,,,,,,,,,,,
468,miceforest,AnotherSamWilson/miceforest,tabular,,{},9.0,Fast multiple imputation with random forests.,7,False,miceforest,conda-forge/miceforest,,,,,,https://pypi.org/project/miceforest,91323.0,91751.0,https://anaconda.org/conda-forge/miceforest,2021-07-23 19:20:49.403,2025-04-22 14:57:57.911,2025-04-22 14:57:57.911000,25711.0,8.0,,,,,,2.0,,,,,,,,,,,
469,orbit,uber/orbit,time-series-data,,{},23.0,Orbit is a package for bayesian time series modeling and inference.,7,False,orbit-ml,conda-forge/orbit-ml,,,,,,https://pypi.org/project/orbit-ml,16022.0,16816.0,https://anaconda.org/conda-forge/orbit-ml,2022-01-18 22:39:37.059,2026-03-06 03:11:30.016,2026-03-06 03:11:30.016000,42924.0,9.0,,,,,,3.0,,,,,,,,,,,
470,greykite,linkedin/greykite,time-series-data,,{},10.0,,7,False,greykite,,,,,49.0,49.0,https://pypi.org/project/greykite,10863.0,10863.0,,,,,,,,,,,,3.0,,,,,,,,,,,
471,pydlm,wwrechard/pydlm,time-series-data,,{},7.0,,7,False,pydlm,,,,,41.0,41.0,https://pypi.org/project/pydlm,62201.0,62201.0,,,,,,,,,,,,3.0,,,,,,,,,,,
472,tick,X-DataInitiative/tick,time-series-data,,{},22.0,,7,False,tick,,,,,97.0,97.0,https://pypi.org/project/tick,1503.0,1503.0,,,,,,,,,,,,3.0,,,,,,,,,,,
473,Magenta,magenta/magenta,audio,,{},155.0,,7,False,magenta,,,,['tensorflow'],18.0,18.0,https://pypi.org/project/magenta,2156.0,2156.0,,,,,,,,,,,,3.0,,,,,,,,,,,
474,OMLT,cog-imperial/omlt,model-serialisation,,{},22.0,,7,False,omlt,,,,,35.0,35.0,https://pypi.org/project/omlt,12088.0,12088.0,,,,,,,,,,,,3.0,,,,,,,,,,,
475,Hummingbird,microsoft/hummingbird,model-serialisation,,{},40.0,Convert trained traditional machine learning models into tensor computations.,7,False,hummingbird-ml,conda-forge/hummingbird-ml,,,,,,https://pypi.org/project/hummingbird-ml,25133.0,26269.0,https://anaconda.org/conda-forge/hummingbird-ml,2021-03-13 14:12:18.710,2025-04-22 14:57:48.691,2025-04-22 14:57:48.691000,72720.0,15.0,,,,,,3.0,,,,,,,,,,,
476,TFEncrypted,tf-encrypted/tf-encrypted,privacy-ml,,{},29.0,,7,False,tf-encrypted,,,,['tensorflow'],68.0,68.0,https://pypi.org/project/tf-encrypted,3975.0,3975.0,,,,,,,,,,,,2.0,,,,,,,,,,,
477,Funsor,pyro-ppl/funsor,probabilistics,,{},14.0,,7,False,funsor,,,,['pytorch'],109.0,109.0,https://pypi.org/project/funsor,47574.0,47574.0,,,,,,,,,,,,3.0,,,,,,,,,,,
478,pomegranate,jmschrei/pomegranate,probabilistics,,{},75.0,"Pomegranate is a graphical models library for Python. Fast, flexible and easy to use probabilistic modelling in Python.",7,False,pomegranate,conda-forge/pomegranate,,,,,,https://pypi.org/project/pomegranate,39934.0,43694.0,https://anaconda.org/conda-forge/pomegranate,2020-05-18 06:13:08.914,2025-04-22 14:57:07.761,2025-04-22 14:57:07.761000,278257.0,9.0,,,,,,3.0,,,,,,,,,,,
479,formulaic,matthewwardrop/formulaic,probabilistics,,{},14.0,,7,False,formulaic,,,,,,,https://pypi.org/project/formulaic,3723153.0,3723153.0,,,,,,,,,,,,3.0,,,,,,,,,,,
480,tnt,pytorch/tnt,pytorch-utils,,{},161.0,,7,False,torchtnt,,,,['pytorch'],,,https://pypi.org/project/torchtnt,100513.0,100513.0,,,,,,,,,,,,3.0,,,,,,,,,,,
481,TabNet,dreamquark-ai/tabnet,pytorch-utils,,{},21.0,PyTorch implementation of TabNet.,7,False,pytorch-tabnet,conda-forge/pytorch-tabnet,,,['pytorch'],,,https://pypi.org/project/pytorch-tabnet,57050.0,57308.0,https://anaconda.org/conda-forge/pytorch-tabnet,2021-12-18 12:18:01.185,2025-04-22 14:58:07.520,2025-04-22 14:58:07.520000,14223.0,3.0,,,,,,3.0,,,,,,,,,,,
482,Saliency,PAIR-code/saliency,tensorflow-utils,,{},18.0,,7,False,saliency,,,,['tensorflow'],156.0,156.0,https://pypi.org/project/saliency,10523.0,10523.0,,,,,,,,,,,,3.0,,,,,,,,,,,
483,avalanche,ContinualAI/avalanche,others,,{},87.0,,7,False,avalanche-lib,,,,,151.0,151.0,https://pypi.org/project/avalanche-lib,2236.0,2236.0,,,,,,,,,,,,3.0,,,,,,,,,,,
484,rrcf,kLabUM/rrcf,others,,{},7.0,,7,False,rrcf,,,,,107.0,107.0,https://pypi.org/project/rrcf,12761.0,12761.0,,,,,,,,,,,,3.0,,,,,,,,,,,
485,Apache Singa,apache/singa,distributed-ml,,{},102.0,SINGA is an Apache project for distributed deep learning.,6,False,,nusdbsystem/singa,apache/singa,,,6.0,6.0,,,155.0,https://anaconda.org/nusdbsystem/singa,2017-02-20 13:59:42.077,2025-03-25 16:26:36.714,2025-03-25 16:26:36.714000,1381.0,16.0,https://hub.docker.com/r/apache/singa,2022-05-31 15:24:19.649658,3.0,3.0,16257.0,3.0,,,,,,,,,,,
486,english-words,dwyl/english-words,nlp,,{},34.0,,6,False,english-words,,,,,,,https://pypi.org/project/english-words,130475.0,130475.0,,,,,,,,,,,,3.0,,,,,,,,,,,
487,textaugment,dsfsi/textaugment,nlp,,{},10.0,,6,False,textaugment,,,,,185.0,185.0,https://pypi.org/project/textaugment,1949.0,1949.0,,,,,,,,,,,,3.0,,,,,,,,,,,
488,promptsource,bigscience-workshop/promptsource,nlp,,{},65.0,,6,False,promptsource,,,,,130.0,130.0,https://pypi.org/project/promptsource,275.0,275.0,,,,,,,,,,,,3.0,,,,,,,,,,,
489,ffcv,libffcv/ffcv,image,,{},31.0,,6,False,ffcv,,,,,78.0,78.0,https://pypi.org/project/ffcv,525.0,525.0,,,,,,,,,,,,3.0,,,,,,,,,,,
490,layout-parser,Layout-Parser/layout-parser,image,,{},9.0,,6,False,layoutparser,,,,,,,https://pypi.org/project/layoutparser,1189920.0,1189920.0,,,,,,,,,,,,3.0,,,,,,,,,,,
491,CellProfiler,CellProfiler/CellProfiler,image,,{},147.0,,6,False,cellprofiler,,,,,28.0,28.0,https://pypi.org/project/cellprofiler,2389.0,2389.0,,,,,,,,,,,,3.0,,,,,,,,,,,
492,MMF,facebookresearch/mmf,image,,{},131.0,,6,False,mmf,,,,['pytorch'],23.0,23.0,https://pypi.org/project/mmf,119.0,119.0,,,,,,,,,,,,3.0,BSD-3-Clause,,,,,,,,,,
493,tensorflow-graphics,tensorflow/graphics,image,,{},41.0,,6,False,tensorflow-graphics,,,,['tensorflow'],,,https://pypi.org/project/tensorflow-graphics,127509.0,127509.0,,,,,,,,,,,,3.0,,,,,,,,,,,
494,doctr,mindee/doctr,image,,{},75.0,,6,False,python-doctr,,,,"['tensorflow', 'pytorch']",,,https://pypi.org/project/python-doctr,320613.0,320613.0,,,,,,,,,,,,3.0,,,,,,,,,,,
495,doc2text,jlsutherland/doc2text,ocr,,{},5.0,,6,False,doc2text,,,,,185.0,185.0,https://pypi.org/project/doc2text,5451.0,5451.0,,,,,,,,,,,,3.0,,,,,,,,,,,
496,vegafusion,vegafusion/vegafusion,data-viz,,{},7.0,Server-side acceleration for the Vega visualization grammar.,6,False,vegafusion-jupyter,conda-forge/vegafusion-python-embed,,,,,,https://pypi.org/project/vegafusion-jupyter,787.0,14062.0,https://anaconda.org/conda-forge/vegafusion-python-embed,2022-03-05 16:45:20.250,2025-10-27 16:33:07.200,2025-10-27 16:33:07.200000,683194.0,46.0,,,,,,3.0,,vegafusion-jupyter,https://www.npmjs.com/package/vegafusion-jupyter,137.0,,,,,,,
497,data-validation,tensorflow/data-validation,data-viz,,{},32.0,,6,False,tensorflow-data-validation,,,,"['tensorflow', 'jupyter']",,,https://pypi.org/project/tensorflow-data-validation,83629.0,83629.0,,,,,,,,,,,,3.0,,,,,,,,,,,
498,Facets Overview,pair-code/facets,data-viz,,{},31.0,,6,False,facets-overview,,,,['jupyter'],,,https://pypi.org/project/facets-overview,228664.0,228664.0,,,,,,,,,,,,3.0,,,,,,,,,,,
499,LIT,PAIR-code/lit,interpretability,,{},38.0,"The Language Interpretability Tool (LIT) is a visual, interactive model-understanding tool for NLP models.",6,False,lit-nlp,conda-forge/lit-nlp,,,,,,https://pypi.org/project/lit-nlp,,2232.0,https://anaconda.org/conda-forge/lit-nlp,2020-09-15 18:01:28.584,2025-04-22 14:57:35.818,2025-04-22 14:57:35.818000,156258.0,6.0,,,,,,3.0,,,,,,,,,,,
500,PDPbox,SauceCat/PDPbox,interpretability,,{},7.0,Python partial dependence plot toolbox.,6,False,pdpbox,conda-forge/pdpbox,,,,,,https://pypi.org/project/pdpbox,9496.0,9926.0,https://anaconda.org/conda-forge/pdpbox,2021-03-14 19:37:47.253,2025-04-22 14:57:08.147,2025-04-22 14:57:08.147000,27528.0,3.0,,,,,,3.0,,,,,,,,,,,
501,DeepGraph,deepgraph/deepgraph,graph,,{},3.0,Analyze Data with Pandas-based Networks.,6,False,deepgraph,conda-forge/deepgraph,,,['pandas'],,,https://pypi.org/project/deepgraph,582.0,8611.0,https://anaconda.org/conda-forge/deepgraph,2020-10-01 14:55:54.354,2025-11-09 00:27:39.440,2025-11-09 00:27:39.440000,554024.0,7.0,,,,,,3.0,,,,,,,,,,,
502,Backtesting.py,kernc/backtesting.py,financial-data,,{},46.0,,6,False,backtesting,,,,,,,https://pypi.org/project/backtesting,175606.0,175606.0,,,,,,,,,,,,3.0,,,,,,,,,,,
503,Hyperactive,SimonBlanke/Hyperactive,hyperopt,,{},16.0,,6,False,hyperactive,,,,,51.0,51.0,https://pypi.org/project/hyperactive,3625.0,3625.0,,,,,,,,,,,,3.0,,,,,,,,,,,
504,orion,Epistimio/orion,hyperopt,,{},34.0,,6,False,orion,,,,,127.0,127.0,https://pypi.org/project/orion,578.0,578.0,,,,,,,,,,,,3.0,,,,,,,,,,,
505,FEDOT,nccr-itmo/FEDOT,hyperopt,,{},41.0,,6,False,fedot,,,,,65.0,65.0,https://pypi.org/project/fedot,843.0,843.0,,,,,,,,,,,,3.0,,,,,,,,,,,
506,Sherpa,sherpa-ai/sherpa,hyperopt,,{},43.0,,6,False,parameter-sherpa,,,,,43.0,43.0,https://pypi.org/project/parameter-sherpa,391.0,391.0,,,,,,,,,,,,3.0,,,,,,,,,,,
507,Guild AI,guildai/guildai,ml-experiments,,{},30.0,,6,False,guildai,,,,,107.0,107.0,https://pypi.org/project/guildai,936.0,936.0,,,,,,,,,,,,3.0,,,,,,,,,,,
508,PFRL,pfnet/pfrl,reinforcement-learning,,{},21.0,,6,False,pfrl,,,,,128.0,128.0,https://pypi.org/project/pfrl,343.0,343.0,,,,,,,,,,,,3.0,,,,,,,,,,,
509,PARL,PaddlePaddle/PARL,reinforcement-learning,,{},46.0,,6,False,parl,,,,['paddle'],140.0,140.0,https://pypi.org/project/parl,332.0,332.0,,,,,,,,,,,,3.0,,,,,,,,,,,
510,garage,rlworkgroup/garage,reinforcement-learning,,{},80.0,,6,False,garage,,,,['tensorflow'],124.0,124.0,https://pypi.org/project/garage,824.0,824.0,,,,,,,,,,,,3.0,,,,,,,,,,,
511,DeepVariant,google/deepvariant,medical-data,,{},44.0,DeepVariant is an analysis pipeline that uses a deep neural network to call genetic variants from next-generation DNA..,6,False,,bioconda/deepvariant,,,['tensorflow'],4.0,4.0,,,848.0,https://anaconda.org/bioconda/deepvariant,2018-01-02 11:31:01.469,2026-03-06 20:45:38.817,2026-03-06 20:45:38.817000,86510.0,18.0,,,,,,3.0,,,,,,,,,,,
512,ColossalAI,hpcaitech/colossalai,distributed-ml,,{},199.0,,6,False,,,,,,556.0,556.0,,,,,,,,,,,,,,,3.0,,,,,,,,,,,
513,horovod,horovod/horovod,distributed-ml,,{},178.0,,6,False,horovod,,,,,,,https://pypi.org/project/horovod,39423.0,39423.0,,,,,,,,,,,,3.0,,,,,,stable/horovod,,,,,
514,upgini,upgini/upgini,tabular,,{},13.0,,6,False,upgini,,,,,11.0,11.0,https://pypi.org/project/upgini,12770.0,12770.0,,,,,,,,,,,,3.0,,,,,,,,,,,
515,ydata-synthetic,ydataai/ydata-synthetic,tabular,,{},24.0,Synthetic data generation methods with different synthetization methods.,6,False,ydata-synthetic,conda-forge/ydata-synthetic,,,,,,https://pypi.org/project/ydata-synthetic,6237.0,6681.0,https://anaconda.org/conda-forge/ydata-synthetic,2023-02-27 12:24:34.185,2025-04-22 14:58:36.339,2025-04-22 14:58:36.339000,18227.0,8.0,,,,,,3.0,,,,,,,,,,,
516,NeuralProphet,ourownstory/neural_prophet,time-series-data,,{},57.0,,6,False,neuralprophet,,,,['pytorch'],,,https://pypi.org/project/neuralprophet,87910.0,87910.0,,,,,,,,,,,,3.0,,,,,,,,,,,
517,luminol,linkedin/luminol,time-series-data,,{},9.0,,6,False,luminol,,,,,88.0,88.0,https://pypi.org/project/luminol,3133.0,3133.0,,,,,,,,,,,,3.0,,,,,,,,,,,
518,TF Recommenders,tensorflow/recommenders,recommender-systems,,{},47.0,,6,False,tensorflow-recommenders,,,,['tensorflow'],,,https://pypi.org/project/tensorflow-recommenders,200984.0,200984.0,,,,,,,,,,,,3.0,,,,,,,,,,,
519,cuGraph,rapidsai/cugraph,gpu-utilities,,{},132.0,GPU accelerated graph algorithms.,6,False,cugraph,conda-forge/libcugraph,,,,,,https://pypi.org/project/cugraph,1293.0,2481.0,https://anaconda.org/conda-forge/libcugraph,2021-04-21 14:35:45.489,2025-04-22 14:57:50.593,2025-04-22 14:57:50.593000,74867.0,2.0,,,,,,3.0,,,,,,,,,,,
520,madgrad,facebookresearch/madgrad,pytorch-utils,,{},3.0,,6,False,madgrad,,,,['pytorch'],111.0,111.0,https://pypi.org/project/madgrad,3062.0,3062.0,,,,,,,,,,,,3.0,,,,,,,,,,,
521,TensorFlow I/O,tensorflow/io,tensorflow-utils,,{},116.0,,6,False,tensorflow-io,,,,['tensorflow'],,,https://pypi.org/project/tensorflow-io,337791.0,337791.0,,,,,,,,,,,,3.0,,,,,,,,,,,
522,TensorFlow Transform,tensorflow/transform,tensorflow-utils,,{},32.0,,6,False,tensorflow-transform,,,,['tensorflow'],,,https://pypi.org/project/tensorflow-transform,182391.0,182391.0,,,,,,,,,,,,3.0,,,,,,,,,,,
523,TF Model Optimization,tensorflow/model-optimization,tensorflow-utils,,{},90.0,,6,False,tensorflow-model-optimization,,,,['tensorflow'],,,https://pypi.org/project/tensorflow-model-optimization,85344.0,85344.0,,,,,,,,,,,,3.0,,,,,,,,,,,
524,sklearn-contrib-lightning,scikit-learn-contrib/lightning,sklearn-utils,,{},17.0,"lightning is a library for large-scale linear classification, regression and ranking in Python.",6,False,sklearn-contrib-lightning,conda-forge/sklearn-contrib-lightning,,,['sklearn'],,,https://pypi.org/project/sklearn-contrib-lightning,2822.0,10252.0,https://anaconda.org/conda-forge/sklearn-contrib-lightning,2016-07-03 15:38:42.846,2025-04-22 14:56:24.858,2025-04-22 14:56:24.858000,891631.0,4.0,,,,,,3.0,,,,,,,,,,,
525,scikit-tda,scikit-tda/scikit-tda,sklearn-utils,,{},7.0,,6,False,scikit-tda,,,,['sklearn'],99.0,99.0,https://pypi.org/project/scikit-tda,1550.0,1550.0,,,,,,,,,,,,3.0,,,,,,,,,,,
526,AstroML,astroML/astroML,others,,{},31.0,Tools for machine learning and data mining in Astronomy.,6,False,astroML,conda-forge/astroml,,,['sklearn'],,,https://pypi.org/project/astroML,2991.0,5575.0,https://anaconda.org/conda-forge/astroml,2022-01-26 16:44:05.669,2025-04-22 14:56:39.232,2025-04-22 14:56:39.232000,139589.0,6.0,,,,,,3.0,,,,,,,,,,,
527,puncc,deel-ai/puncc,ml-frameworks,,{},6.0,,5,False,puncc,,,,,12.0,12.0,https://pypi.org/project/puncc,4012.0,4012.0,,,,,,,,,,,,3.0,,,,,,,,,,,
528,MindsDB,mindsdb/mindsdb,ml-frameworks,,{},907.0,,5,False,mindsdb,,,,['pytorch'],,,https://pypi.org/project/mindsdb,5018.0,5018.0,,,,,,,,,,,,3.0,,,,,,,,,,,
529,DeepKE,zjunlp/deepke,nlp,,{},34.0,,5,False,deepke,,,,['pytorch'],25.0,25.0,https://pypi.org/project/deepke,400.0,400.0,,,,,,,,,,,,3.0,,,,,,,,,,,
530,finetune,IndicoDataSolutions/finetune,nlp,,{},25.0,,5,False,finetune,,,,"['tensorflow', 'sklearn']",16.0,16.0,https://pypi.org/project/finetune,171.0,171.0,,,,,,,,,,,,3.0,,,,,,,,,,,
531,Ciphey,Ciphey/Ciphey,nlp,,{},60.0,,5,False,ciphey,,remnux/ciphey,,,,,https://pypi.org/project/ciphey,33680.0,33680.0,,,,,,,https://hub.docker.com/r/remnux/ciphey,,,,,3.0,,,,,,,,,,,
532,ollama,jmorganca/ollama,agents,,{},611.0,,5,False,,,,,,71.0,71.0,,,,,,,,,,,,,,,3.0,,,,,,,,,,,
533,pytorchvideo,facebookresearch/pytorchvideo,image,,{},62.0,,5,False,pytorchvideo,,,,['pytorch'],,,https://pypi.org/project/pytorchvideo,33540.0,33540.0,,,,,,,,,,,,3.0,,,,,,,,,,,
534,deep-daze,lucidrains/deep-daze,image,,{},14.0,,5,False,deep-daze,,,,,56.0,56.0,https://pypi.org/project/deep-daze,243.0,243.0,,,,,,,,,,,,3.0,,,,,,,,,,,
535,kubric,google-research/kubric,image,,{},34.0,,5,False,kubric-nightly,,,,,8.0,8.0,https://pypi.org/project/kubric-nightly,2436.0,2436.0,,,,,,,,,,,,3.0,,,,,,,,,,,
536,PaddleDetection,PaddlePaddle/PaddleDetection,image,,{},188.0,,5,False,paddledet,,,,['paddle'],,,https://pypi.org/project/paddledet,2291.0,2291.0,,,,,,,,,,,,3.0,,,,,,,,,,,
537,Popmon,ing-bank/popmon,data-viz,,{},20.0,,5,False,popmon,,,,"['pandas', 'spark']",22.0,22.0,https://pypi.org/project/popmon,1924.0,1924.0,,,,,,,,,,,,3.0,,,,,,,,,,,
538,CausalNex,quantumblacklabs/causalnex,interpretability,,{},,,5,False,causalnex,,,,"['pytorch', 'sklearn']",,,https://pypi.org/project/causalnex,1325.0,1325.0,,,,,,,,,,,,3.0,Apache-2.0,,,,,,,,,,
539,Model Analysis,tensorflow/model-analysis,interpretability,,{},61.0,,5,False,tensorflow-model-analysis,,,,"['tensorflow', 'jupyter']",,,https://pypi.org/project/tensorflow-model-analysis,29584.0,29584.0,,,,,,,,,,,,3.0,,,,,,,,,,,
540,LOFO,aerdem4/lofo-importance,interpretability,,{},6.0,,5,False,lofo-importance,,,,,43.0,43.0,https://pypi.org/project/lofo-importance,998.0,998.0,,,,,,,,,,,,3.0,,,,,,,,,,,
541,Skater,oracle/Skater,interpretability,,{},,Python Library for Model Agnostic Interpretation.,5,False,skater,conda-forge/skater,,,,,,https://pypi.org/project/skater,379.0,3997.0,https://anaconda.org/conda-forge/skater,2020-07-05 18:35:27.012,2025-11-03 16:10:36.918,2025-11-03 16:10:36.918000,260496.0,2.0,,,,,,3.0,,,,,,,,,,,
542,XAI,EthicalML/xai,interpretability,,{},3.0,,5,False,xai,,,,,45.0,45.0,https://pypi.org/project/xai,507.0,507.0,,,,,,,,,,,,3.0,,,,,,,,,,,
543,DiCE,interpretml/DiCE,interpretability,,{},23.0,,5,False,dice-ml,,,,"['tensorflow', 'pytorch']",,,https://pypi.org/project/dice-ml,36000.0,36000.0,,,,,,,,,,,,3.0,,,,,,,,,,,
544,deepsnap,snap-stanford/deepsnap,graph,,{},18.0,,5,False,deepsnap,,,,,134.0,134.0,https://pypi.org/project/deepsnap,702.0,702.0,,,,,,,,,,,,3.0,,,,,,,,,,,
545,pygraphistry,graphistry/pygraphistry,graph,,{},51.0,,5,False,graphistry,,,,['jupyter'],,,https://pypi.org/project/graphistry,10459.0,10459.0,,,,,,,,,,,,3.0,,,,,,,,,,,
546,FinQuant,fmilthaler/FinQuant,financial-data,,{},7.0,,5,False,FinQuant,,,,,100.0,100.0,https://pypi.org/project/FinQuant,711.0,711.0,,,,,,,,,,,,3.0,,,,,,,,,,,
547,Neuraxle,Neuraxio/Neuraxle,hyperopt,,{},9.0,,5,False,neuraxle,,,,,69.0,69.0,https://pypi.org/project/neuraxle,328.0,328.0,,,,,,,,,,,,3.0,,,,,,,,,,,
548,TF-Agents,tensorflow/agents,reinforcement-learning,,{},155.0,,5,False,tf-agents,,,,['tensorflow'],,,https://pypi.org/project/tf-agents,6798.0,6798.0,,,,,,,,,,,,3.0,,,,,,,,,,,
549,Fiber,uber/fiber,distributed-ml,,{},5.0,,5,False,fiber,,,,,96.0,96.0,https://pypi.org/project/fiber,198.0,198.0,,,,,,,,,,,,3.0,,,,,,,,,,,
550,pytorch_tabular,manujosephv/pytorch_tabular,tabular,,{},29.0,,5,False,pytorch_tabular,,,,['pytorch'],,,https://pypi.org/project/pytorch_tabular,9116.0,9116.0,,,,,,,,,,,,3.0,,,,,,,,,,,
551,N2,kakao/n2,nn-search,,{},22.0,,5,False,n2,,,,,40.0,40.0,https://pypi.org/project/n2,963.0,963.0,,,,,,,,,,,,3.0,,,,,,,,,,,
552,TF Ranking,tensorflow/ranking,recommender-systems,,{},36.0,,5,False,tensorflow_ranking,,,,['tensorflow'],,,https://pypi.org/project/tensorflow_ranking,53159.0,53159.0,,,,,,,,,,,,3.0,,,,,,,,,,,
553,recmetrics,statisticianinstilettos/recmetrics,recommender-systems,,{},20.0,,5,False,recmetrics,,,,,64.0,64.0,https://pypi.org/project/recmetrics,459.0,459.0,,,,,,,,,,,,3.0,,,,,,,,,,,
554,PipelineDP,OpenMined/PipelineDP,privacy-ml,,{},35.0,,5,False,pipeline-dp,,,,,17.0,17.0,https://pypi.org/project/pipeline-dp,406.0,406.0,,,,,,,,,,,,2.0,,,,,,,,,,,
555,PySyft,OpenMined/PySyft,privacy-ml,,{},523.0,,5,False,syft,,,,['pytorch'],1.0,1.0,https://pypi.org/project/syft,6825.0,6825.0,,,,,,,,,,,,2.0,,,,,,,,,,,
556,TensorFlow Privacy,tensorflow/privacy,privacy-ml,,{},62.0,,5,False,tensorflow-privacy,,,,['tensorflow'],,,https://pypi.org/project/tensorflow-privacy,12089.0,12089.0,,,,,,,,,,,,2.0,,,,,,,,,,,
557,cuML,rapidsai/cuml,gpu-utilities,,{},201.0,,5,False,cuml,,,,,,,https://pypi.org/project/cuml,1716.0,1716.0,,,,,,,,,,,,3.0,,,,,,,,,,,
558,Merlin,NVIDIA-Merlin/Merlin,gpu-utilities,,{},32.0,,5,False,merlin-core,,,,,,,https://pypi.org/project/merlin-core,10925.0,10925.0,,,,,,,,,,,,3.0,,,,,,,,,,,
559,AdaBound,Luolc/AdaBound,pytorch-utils,,{},2.0,,5,False,adabound,,,,['pytorch'],233.0,233.0,https://pypi.org/project/adabound,919.0,919.0,,,,,,,,,,,,3.0,,,,,,,,,,,
560,Poutyne,GRAAL-Research/poutyne,pytorch-utils,,{},23.0,,5,False,poutyne,,,,['pytorch'],,,https://pypi.org/project/poutyne,20857.0,20857.0,,,,,,,,,,,,3.0,,,,,,,,,,,
561,facenet-pytorch,timesler/facenet-pytorch,pytorch-utils,,{},18.0,,5,False,facenet-pytorch,,,,['pytorch'],,,https://pypi.org/project/facenet-pytorch,144780.0,144780.0,,,,,,,,,,,,3.0,,,,,,,,,,,
562,TensorFlow Cloud,tensorflow/cloud,tensorflow-utils,,{},30.0,,5,False,tensorflow-cloud,,,,['tensorflow'],,,https://pypi.org/project/tensorflow-cloud,42216.0,42216.0,,,,,,,,,,,,3.0,,,,,,,,,,,
563,evojax,google/evojax,jax-utils,,{},14.0,EvoJAX: Hardware-accelerated Neuroevolution.,5,False,evojax,conda-forge/evojax,,,['jax'],,,https://pypi.org/project/evojax,1142.0,2158.0,https://anaconda.org/conda-forge/evojax,2022-02-14 16:32:21.864,2025-04-22 14:58:11.525,2025-04-22 14:58:11.525000,53897.0,20.0,,,,,,3.0,,,,,,,,,,,
564,pymdp,infer-actively/pymdp,others,,{},36.0,,5,False,inferactively-pymdp,,,,,,,https://pypi.org/project/inferactively-pymdp,13290.0,13290.0,,,,,,,,,,,,3.0,,,,,,,,,,,
565,Milvus,milvus-io/milvus,nn-search,,{},364.0,"Milvus --- an open-source, high-performance vector database (https://milvus.io).",4,False,pymilvus,,milvusdb/milvus,,,,,https://pypi.org/project/pymilvus,,,,,,2026-07-30 18:38:52.119738,,,https://hub.docker.com/r/milvusdb/milvus,2026-07-30 18:38:52.119738,103.0,103.0,77795385.0,3.0,,,,,-7.0,,,,,,
566,awesome-machine-learning,josephmisiti/awesome-machine-learning,data-science,,{},733.0,,4,False,,,,,,23.0,23.0,,,,,,,,,,,,,,,1.0,,,,,,,,,,,
567,awesome-quant,wilsonfreitas/awesome-quant,data-science,,{},256.0,,4,False,,,,,,24.0,24.0,,,,,,,,,,,,,,,1.0,,,,,,,,,,,
568,Neural Network Libraries,sony/nnabla,ml-frameworks,,{},76.0,,4,False,nnabla,,,,,,,https://pypi.org/project/nnabla,1836.0,1836.0,,,,,,,,,,,,3.0,,,,,,,,,,,
569,ivis,beringresearch/ivis,ml-frameworks,,{},10.0,,4,False,ivis,,,,,40.0,40.0,https://pypi.org/project/ivis,420.0,420.0,,,,,,,,,,,,3.0,,,,,,,,,,,
570,fast-bert,utterworks/fast-bert,nlp,,{},37.0,,4,False,fast-bert,,,,,,,https://pypi.org/project/fast-bert,2098.0,2098.0,,,,,,,,,,,,3.0,,,,,,,,,,,
571,PySlowFast,facebookresearch/SlowFast,image,,{},39.0,,4,False,pyslowfast,,,,['pytorch'],23.0,23.0,https://pypi.org/project/pyslowfast,21.0,21.0,,,,,,,,,,,,3.0,,,,,,,,,,,
572,attention-ocr,emedvedev/attention-ocr,ocr,,{},28.0,,4,False,aocr,,,,['tensorflow'],32.0,32.0,https://pypi.org/project/aocr,90.0,90.0,,,,,,,,,,,,3.0,,,,,,,,,,,
573,calamari,Calamari-OCR/calamari,ocr,,{},23.0,,4,False,calamari_ocr,,,,,,,https://pypi.org/project/calamari_ocr,2339.0,2339.0,,,,,,,,,,,,3.0,,,,,,,,,,,
574,responsible-ai-toolbox,microsoft/responsible-ai-toolbox,interpretability,,{},45.0,,4,False,raiwidgets,,,,"['pytorch', 'tensorflow', 'jupyter']",,,https://pypi.org/project/raiwidgets,5338.0,5338.0,,,,,,,,,,,,3.0,,,,,,,,,,,
575,ecco,jalammar/ecco,interpretability,,{},12.0,Visualization tools for NLP machine learning models.,4,False,ecco,conda-forge/ecco,,,['pytorch'],,,https://pypi.org/project/ecco,320.0,486.0,https://anaconda.org/conda-forge/ecco,2021-12-30 22:13:55.932,2025-04-22 14:58:08.015,2025-04-22 14:58:08.015000,9142.0,3.0,,,,,,3.0,,,,,,,,,,,
576,fairness-indicators,tensorflow/fairness-indicators,interpretability,,{},39.0,,4,False,fairness-indicators,,,,"['tensorflow', 'jupyter']",,,https://pypi.org/project/fairness-indicators,1105.0,1105.0,,,,,,,,,,,,3.0,,,,,,,,,,,
577,pytorch_geometric_temporal,benedekrozemberczki/pytorch_geometric_temporal,graph,,{},40.0,,4,False,torch-geometric-temporal,,,,['pytorch'],,,https://pypi.org/project/torch-geometric-temporal,4416.0,4416.0,,,,,,,,,,,,3.0,,,,,,,,,,,
578,PyTorch-BigGraph,facebookresearch/PyTorch-BigGraph,graph,,{},32.0,,4,False,torchbiggraph,,,,['pytorch'],,,https://pypi.org/project/torchbiggraph,3389.0,3389.0,,,,,,,,,,,,3.0,,,,,,,,,,,
579,tf-quant-finance,google/tf-quant-finance,financial-data,,{},49.0,,4,False,tf-quant-finance,,,,['tensorflow'],,,https://pypi.org/project/tf-quant-finance,1523.0,1523.0,,,,,,,,,,,,3.0,,,,,,,,,,,
580,AdaNet,tensorflow/adanet,hyperopt,,{},27.0,,4,False,adanet,,,,['tensorflow'],,,https://pypi.org/project/adanet,1160.0,1160.0,,,,,,,,,,,,3.0,,,,,,,,,,,
581,Test Tube,williamFalcon/test-tube,hyperopt,,{},16.0,,4,False,test_tube,,,,,,,https://pypi.org/project/test_tube,18466.0,18466.0,,,,,,,,,,,,3.0,,,,,,,,,,,
582,Studio.ml,studioml/studio,ml-experiments,,{},24.0,,4,False,studioml,,,,,8.0,8.0,https://pypi.org/project/studioml,161.0,161.0,,,,,,,,,,,,3.0,,,,,,,,,,,
583,rliable,google-research/rliable,reinforcement-learning,,{},9.0,,4,False,rliable,,,,,,,https://pypi.org/project/rliable,8416.0,8416.0,,,,,,,,,,,,3.0,,,,,,,,,,,
584,TensorLayerx,tensorlayer/tensorlayerx,reinforcement-learning,,{},13.0,,4,False,tensorlayerx,,,,['tensorflow'],31.0,31.0,https://pypi.org/project/tensorlayerx,282.0,282.0,,,,,,,,,,,,3.0,,,,,,,,,,,
585,BigDL,intel-analytics/BigDL,distributed-ml,,{},125.0,,4,False,bigdl,,,,,,,https://pypi.org/project/bigdl,6398.0,6398.0,,,,,,,,,,,,3.0,,,,,,,,,,com.intel.analytics.bigdl:bigdl-SPARK_2.4,https://search.maven.org/artifact/com.intel.analytics.bigdl/bigdl-SPARK_2.4
586,BytePS,bytedance/byteps,distributed-ml,,{},21.0,,4,False,byteps,,bytepsimage/tensorflow,,,,,https://pypi.org/project/byteps,94.0,94.0,,,,2020-03-03 02:33:23.358610,,,https://hub.docker.com/r/bytepsimage/tensorflow,2020-03-03 02:33:23.358610,,,2083.0,3.0,Apache-2.0,,,,,,,,,,
587,parallelformers,tunib-ai/parallelformers,distributed-ml,,{},5.0,,4,False,parallelformers,,,,,74.0,74.0,https://pypi.org/project/parallelformers,42.0,42.0,,,,,,,,,,,,3.0,,,,,,,,,,,
588,launchpad,deepmind/launchpad,distributed-ml,,{},28.0,,4,False,dm-launchpad,,,,['tensorflow'],,,https://pypi.org/project/dm-launchpad,1509.0,1509.0,,,,,,,,,,,,3.0,,,,,,,,,,,
589,NGT,yahoojapan/NGT,nn-search,,{},22.0,,4,False,ngt,,,,,,,https://pypi.org/project/ngt,1832.0,1832.0,,,,,,,,,,,,3.0,,,,,,,,,,,
590,Case Recommender,caserec/CaseRecommender,recommender-systems,,{},11.0,,4,False,caserecommender,,,,['sklearn'],15.0,15.0,https://pypi.org/project/caserecommender,235.0,235.0,,,,,,,,,,,,3.0,,,,,,,,,,,
591,TimeSide,Parisson/TimeSide,audio,,{},23.0,,4,False,TimeSide,,,,,20.0,20.0,https://pypi.org/project/TimeSide,56.0,56.0,,,,,,,,,,,,3.0,,,,,,,,,,,
592,Larq Compute Engine,larq/compute-engine,model-serialisation,,{},19.0,,4,False,larq-compute-engine,,,,,11.0,11.0,https://pypi.org/project/larq-compute-engine,342.0,342.0,,,,,,,,,,,,3.0,,,,,,,,,,,
593,ArrayFire,arrayfire/arrayfire,gpu-utilities,,{},100.0,,4,False,arrayfire,,,,,,,https://pypi.org/project/arrayfire,5537.0,5537.0,,,,,,,,,,,,3.0,,,,,,,,,,,
594,textflint,textflint/textflint,adversarial,,{},18.0,,4,False,textflint,,,,,21.0,21.0,https://pypi.org/project/textflint,282.0,282.0,,,,,,,,,,,,3.0,,,,,,,,,,,
595,tinygrad,geohot/tinygrad,pytorch-utils,,{},492.0,,4,False,,,,,['pytorch'],23.0,23.0,,,,,,,,,,,,,,,3.0,,,,,,,,,,,
596,Higher,facebookresearch/higher,pytorch-utils,,{},8.0,,4,False,higher,,,,['pytorch'],,,https://pypi.org/project/higher,14932.0,14932.0,,,,,,,,,,,,3.0,,,,,,,,,,,
597,TF Compression,tensorflow/compression,tensorflow-utils,,{},26.0,,4,False,tensorflow-compression,,,,['tensorflow'],,,https://pypi.org/project/tensorflow-compression,1650.0,1650.0,,,,,,,,,,,,3.0,,,,,,,,,,,
598,dabl,dabl/dabl,sklearn-utils,,{},24.0,,4,False,dabl,,,,['sklearn'],,,https://pypi.org/project/dabl,1591.0,1591.0,,,,,,,,,,,,3.0,,,,,,,,,,,
599,Mars,mars-project/mars,others,,{},53.0,,4,False,pymars,,,,,,,https://pypi.org/project/pymars,5588.0,5588.0,,,,,,,,,,,,3.0,,,,,,,,,,,
600,PaddleHub,PaddlePaddle/PaddleHub,others,,{},70.0,,4,False,paddlehub,,,,['paddle'],,,https://pypi.org/project/paddlehub,2938.0,2938.0,,,,,,,,,,,,3.0,,,,,,,,,,,
601,Towhee,towhee-io/towhee,others,,{},38.0,,4,False,towhee,,,,,,,https://pypi.org/project/towhee,1457.0,1457.0,,,,,,,,,,,,3.0,,,,,,,,,,,
602,pykale,pykale/pykale,others,,{},31.0,,4,False,pykale,,,,['pytorch'],7.0,7.0,https://pypi.org/project/pykale,255.0,255.0,,,,,,,,,,,,3.0,,,,,,,,,,,
603,awesome-python-data-science,krzjoa/awesome-python-data-science,data-science,,{},39.0,,3,False,,,,,,10.0,10.0,,,,,,,,,,,,,,,2.0,,,,,,,,,,,
604,Machine-Learning-Tutorials,ujjwalkarn/Machine-Learning-Tutorials,data-science,,{},34.0,,3,False,,,,,,23.0,23.0,,,,,,,,,,,,,,,2.0,,,,,,,,,,,
605,ML in production,eugeneyan/applied-ml,data-science,,{},53.0,,3,False,,,,,,24.0,24.0,,,,,,,,,,,,,,,2.0,,,,,,,,,,,
606,larq,larq/larq,ml-frameworks,,{},20.0,,3,False,larq,,,,['tensorflow'],,,https://pypi.org/project/larq,1319.0,1319.0,,,,,,,,,,,,3.0,,,,,,,,,,,
607,EvaDB,georgia-tech-db/eva,ml-frameworks,,{},72.0,,3,False,evadb,,,,['pytorch'],,,https://pypi.org/project/evadb,522.0,522.0,,,,,,,,,,,,3.0,,,,,,,,,,,
608,Neural Tangents,google/neural-tangents,ml-frameworks,,{},30.0,,3,False,neural-tangents,,,,,,,https://pypi.org/project/neural-tangents,,,,,,,,,,,,,,3.0,Apache-2.0,,,,-3.0,,,,,,
609,NeoML,neoml-lib/neoml,ml-frameworks,,{},41.0,,3,False,neoml,,,,,2.0,2.0,https://pypi.org/project/neoml,,,,,,,,,,,,,,3.0,Apache-2.0,,,,,,,,,,
610,VizSeq,facebookresearch/vizseq,nlp,,{},5.0,,3,False,vizseq,,,,,13.0,13.0,https://pypi.org/project/vizseq,32.0,32.0,,,,,,,,,,,,3.0,,,,,,,,,,,
611,Texthero,jbesomi/texthero,nlp,,{},21.0,,3,False,texthero,,,,,,,https://pypi.org/project/texthero,752.0,752.0,,,,,,,,,,,,3.0,,,,,,,,,,,
612,Sockeye,awslabs/sockeye,nlp,,{},61.0,,3,False,sockeye,,,,['pytorch'],,,https://pypi.org/project/sockeye,471.0,471.0,,,,,,,,,,,,3.0,,,,,,,,,,,
613,Caer,jasmcaus/caer,image,,{},8.0,"A lightweight Computer Vision library. Scale your models, not boilerplate.",3,False,caer,,,https://caer.rtfd.io,,,,https://pypi.org/project/caer,2443.0,2443.0,,,,,,,,,,,,3.0,,,,,,,,,,,
614,vissl,facebookresearch/vissl,image,,{},38.0,,3,False,vissl,,,,['pytorch'],,,https://pypi.org/project/vissl,370.0,370.0,,,,,,,,,,,,3.0,,,,,,,,,,,
615,DE⫶TR,facebookresearch/detr,image,,{},27.0,,3,False,,,,,['pytorch'],24.0,24.0,,,,,,,,,,,,,,,3.0,,,,,,,,,,,
616,sklearn-evaluation,edublancas/sklearn-evaluation,interpretability,,{},19.0,,3,False,sklearn-evaluation,,,,['sklearn'],,,https://pypi.org/project/sklearn-evaluation,1867.0,1867.0,,,,,,,,,,,,3.0,,,,,,,,,,,
617,model-card-toolkit,tensorflow/model-card-toolkit,interpretability,,{},22.0,,3,False,model-card-toolkit,,,,,,,https://pypi.org/project/model-card-toolkit,461.0,461.0,,,,,,,,,,,,3.0,,,,,,,,,,,
618,bias-detector,intuit/bias-detector,interpretability,,{},4.0,,3,False,bias-detector,,,,,4.0,4.0,https://pypi.org/project/bias-detector,261.0,261.0,,,,,,,,,,,,3.0,,,,,,,,,,,
619,Anchor,marcotcr/anchor,interpretability,,{},10.0,,3,False,anchor_exp,,,,,,,https://pypi.org/project/anchor_exp,1187.0,1187.0,,,,,,,,,,,,3.0,,,,,,,,,,,
620,GraphVite,DeepGraphLearning/graphvite,graph,,{},,A general and high-performance graph embedding system for various applications.,3,False,,milagraph/graphvite,,,,,,,,67.0,https://anaconda.org/milagraph/graphvite,2019-08-05 06:16:49.612,2025-03-25 16:27:49.968,2025-03-25 16:27:49.968000,5569.0,4.0,,,,,,3.0,,,,,,,,,,,
621,graph4nlp,graph4ai/graph4nlp,graph,,{},29.0,,3,False,graph4nlp,,,,['pytorch'],,,https://pypi.org/project/graph4nlp,305.0,305.0,,,,,,,,,,,,3.0,,,,,,,,,,,
622,DIG,divelab/DIG,graph,,{},50.0,,3,False,dig,,,,,,,https://pypi.org/project/dig,686.0,686.0,,,,,,,,,,,,3.0,,,,,,,,,,,
623,opytimizer,gugarosa/opytimizer,hyperopt,,{},4.0,,3,False,opytimizer,,,,,,,https://pypi.org/project/opytimizer,3086.0,3086.0,,,,,,,,,,,,3.0,,,,,,,,,,,
624,Auto Tune Models,HDI-Project/ATM,hyperopt,,{},17.0,,3,False,atm,,,,,26.0,26.0,https://pypi.org/project/atm,110.0,110.0,,,,,,,,,,,,3.0,,,,,,,,,,,
625,AlphaPy,ScottfreeLLC/AlphaPy,hyperopt,,{},5.0,,3,False,alphapy,,,,,11.0,11.0,https://pypi.org/project/alphapy,143.0,143.0,,,,,,,,,,,,3.0,,,,,,,,,,,
626,chitra,gradsflow/chitra,ml-experiments,,{},14.0,A multi functional library for full stack Deep Learning.,3,False,chitra,conda-forge/chitra,,,,,,https://pypi.org/project/chitra,187.0,320.0,https://anaconda.org/conda-forge/chitra,2022-01-13 13:30:34.982,2025-04-22 14:58:08.672,2025-04-22 14:58:08.672000,7189.0,1.0,,,,,,3.0,,,,,,,,,,,
627,MONAILabel,Project-MONAI/MONAILabel,medical-data,,{},73.0,,3,False,monailabel-weekly,,,,,,,https://pypi.org/project/monailabel-weekly,167.0,167.0,,,,,,,,,,,,3.0,,,,,,,,,,,
628,mesh-transformer-jax,kingoflolz/mesh-transformer-jax,distributed-ml,,{},23.0,,3,False,,,,,['jax'],23.0,23.0,,,,,,,,,,,,,,,3.0,,,,,,,,,,,
629,luminaire,zillow/luminaire,time-series-data,,{},11.0,,3,False,luminaire,,,,,5.0,5.0,https://pypi.org/project/luminaire,154.0,154.0,,,,,,,,,,,,3.0,,,,,,,,,,,
630,Spotlight,maciejkula/spotlight,recommender-systems,,{},11.0,,3,False,,maciejkula/spotlight,,,['pytorch'],,,,,88.0,https://anaconda.org/maciejkula/spotlight,2017-06-28 21:27:28.858,2025-03-25 16:28:52.378,2025-03-25 16:28:52.378000,9616.0,6.0,,,,,,3.0,,,,,,,,,,,
631,TTS,mozilla/TTS,audio,,{},56.0,,3,False,,,,,,24.0,24.0,,,,,,,,,,,,,,,3.0,,,,,,,,,,,
632,modelkit,Cornerstone-OnDemand/modelkit,model-serialisation,,{},14.0,,3,False,modelkit,,,,,,,https://pypi.org/project/modelkit,2710.0,2710.0,,,,,,,,,,,,3.0,,,,,,,,,,,
633,ml-ane-transformers,apple/ml-ane-transformers,model-serialisation,,{},,,3,False,ane-transformers,,,,['pytorch'],,,https://pypi.org/project/ane-transformers,2171.0,2171.0,,,,,,,,,,,,3.0,,,,,,,,,,,
634,CrypTen,facebookresearch/CrypTen,privacy-ml,,{},40.0,,3,False,crypten,,,,['pytorch'],,,https://pypi.org/project/crypten,810.0,810.0,,,,,,,,,,,,3.0,,,,,,,,,,,
635,DALI,NVIDIA/DALI,gpu-utilities,,{},104.0,,3,False,,,,,,,,,,,,,,,,,,,,,,3.0,Apache-2.0,,,,,,,,,,
636,BlazingSQL,BlazingDB/blazingsql,gpu-utilities,,{},50.0,,3,False,,blazingsql/blazingsql-protocol,,,,,,,,14.0,https://anaconda.org/blazingsql/blazingsql-protocol,2019-09-13 21:17:37.888,2025-03-25 16:26:10.601,2025-03-25 16:26:10.601000,1148.0,5.0,,,,,,3.0,,,,,,,,,,,
637,torch-uncertainty,ENSTA-U2IS-AI/torch-uncertainty,probabilistics,,{},20.0,,3,False,torch-uncertainty,,,,,,,https://pypi.org/project/torch-uncertainty,1993.0,1993.0,,,,,,,,,,,,3.0,,,,,,,,,,,
638,Performer Pytorch,lucidrains/performer-pytorch,pytorch-utils,,{},6.0,,3,False,performer-pytorch,,,,['pytorch'],,,https://pypi.org/project/performer-pytorch,7810.0,7810.0,,,,,,,,,,,,3.0,,,,,,,,,,,
639,Pytorch Toolbelt,BloodAxe/pytorch-toolbelt,pytorch-utils,,{},9.0,,3,False,pytorch_toolbelt,,,,['pytorch'],,,https://pypi.org/project/pytorch_toolbelt,6516.0,6516.0,,,,,,,,,,,,3.0,,,,,,,,,,,
640,Torch-Struct,harvardnlp/pytorch-struct,pytorch-utils,,{},16.0,,3,False,torch-struct,,,,['pytorch'],,,https://pypi.org/project/torch-struct,5527.0,5527.0,,,,,,,,,,,,3.0,,,,,,,,,,,
641,DESlib,scikit-learn-contrib/DESlib,sklearn-utils,,{},18.0,,3,False,deslib,,,,['sklearn'],,,https://pypi.org/project/deslib,1624.0,1624.0,,,,,,,,,,,,3.0,,,,,,,,,,,
642,Image Super-Resolution,idealo/image-super-resolution,image,,{},11.0,Implementation of RDN for image super resolution.,2,False,ISR,,idealo/image-super-resolution-gpu,,['tensorflow'],,,https://pypi.org/project/ISR,1420.0,1420.0,,,,2019-04-01 13:48:45.697251,,,https://hub.docker.com/r/idealo/image-super-resolution-gpu,2019-04-01 13:48:45.697251,1.0,1.0,1062.0,3.0,,,,,,,,,,,
643,Brainiak,brainiak/brainiak,medical-data,,{},37.0,,2,False,brainiak,,brainiak/brainiak,,,,,https://pypi.org/project/brainiak,984.0,984.0,,,,2025-01-07 00:51:13.258034,,,https://hub.docker.com/r/brainiak/brainiak,2025-01-07 00:51:13.258034,1.0,1.0,2692.0,3.0,,,,,,,,,,,
644,awesome-datascience,academic/awesome-datascience,data-science,,{},334.0,,2,False,,,,,,,,,,,,,,,,,,,,,,2.0,,,,,,,,,,,
645,awesome-semantic-segmentation,mrgloom/awesome-semantic-segmentation,data-science,,{},16.0,,2,False,,,,,,23.0,23.0,,,,,,,,,,,,,,,2.0,,,,,,,,,,,
646,Awesome-LLMOps,tensorchord/Awesome-LLMOps,data-science,,{},150.0,,2,False,,,,,,,,,,,,,,,,,,,,,,2.0,,,,,,,,,,,
647,awesome-public-datasets,awesomedata/awesome-public-datasets,data-science,,{},167.0,,2,False,,,,,,,,,,,,,,,,,,,,,,2.0,,,,,,,,,,,
648,runhouse,run-house/runhouse,ml-frameworks,,{},20.0,,2,False,runhouse,,,,,,,https://pypi.org/project/runhouse,317.0,317.0,,,,,,,,,,,,3.0,,,,,,,,,,,
649,nebuly,nebuly-ai/nebuly,nlp,,{},,,2,False,nebuly,,,,,,,https://pypi.org/project/nebuly,293.0,293.0,,,,,,,,,,,,3.0,,,,,,,,,,,
650,lightseq,bytedance/lightseq,nlp,,{},19.0,,2,False,lightseq,,,,,,,https://pypi.org/project/lightseq,707.0,707.0,,,,,,,,,,,,3.0,,,,,,,,,,,
651,NeuralCompression,facebookresearch/NeuralCompression,image,,{},10.0,,2,False,neuralcompression,,,,,,,https://pypi.org/project/neuralcompression,282.0,282.0,,,,,,,,,,,,3.0,,,,,,,,,,,
652,nude.py,hhatto/nude.py,image,,{},12.0,,2,False,nudepy,,,,,,,https://pypi.org/project/nudepy,368.0,368.0,,,,,,,,,,,,3.0,,,,,,,,,,,
653,FlashTorch,MisaOgura/flashtorch,interpretability,,{},2.0,,2,False,flashtorch,,,,['pytorch'],23.0,23.0,https://pypi.org/project/flashtorch,137.0,137.0,,,,,,,,,,,,3.0,,,,,,,,,,,
654,Attribution Priors,suinleelab/attributionpriors,interpretability,,{},6.0,,2,False,attributionpriors,,,,"['tensorflow', 'pytorch']",7.0,7.0,https://pypi.org/project/attributionpriors,35.0,35.0,,,,,,,,,,,,3.0,,,,,,,,,,,
655,ExplainX.ai,explainX/explainx,interpretability,,{},6.0,,2,False,explainx,,,,,7.0,7.0,https://pypi.org/project/explainx,88.0,88.0,,,,,,,,,,,,3.0,,,,,,,,,,,
656,pyRDF2Vec,IBCNServices/pyRDF2Vec,graph,,{},7.0,Python Implementation and Extension of RDF2Vec.,2,False,pyrdf2vec,,,,,,,https://pypi.org/project/pyrdf2vec,391.0,391.0,,,,,,,,,,,,3.0,,,,,,,,,,,
657,finmarketpy,cuemacro/finmarketpy,financial-data,,{},19.0,,2,False,finmarketpy,,,,,,,https://pypi.org/project/finmarketpy,770.0,770.0,,,,,,,,,,,,3.0,,,,,,,,,,,
658,datmo,datmo/datmo,ml-experiments,,{},6.0,,2,False,datmo,,,,,7.0,7.0,https://pypi.org/project/datmo,147.0,147.0,,,,,,,,,,,,3.0,,,,,,,,,,,
659,azureml-examples,Azure/azureml-examples,ml-experiments,,{},284.0,,2,False,,,,,,,,,,,,,,,,,,,,,,3.0,,,,,,,,,,,
660,Pearl,facebookresearch/Pearl,reinforcement-learning,,{},53.0,,2,False,pearl,,,,,,,https://pypi.org/project/pearl,79.0,79.0,,,,,,,,,,,,3.0,,,,,,,,,,,
661,Maze,enlite-ai/maze,reinforcement-learning,,{},3.0,Maze is an application-oriented deep reinforcement learning framework.,2,False,maze-rl,,enliteai/maze,,['pytorch'],,,https://pypi.org/project/maze-rl,126.0,126.0,,,,2025-11-21 11:11:16.871310,,,https://hub.docker.com/r/enliteai/maze,2025-11-21 11:11:16.871310,,,1277.0,3.0,Custom,,,,,,,,,,
662,DeepNeuro,QTIM-Lab/DeepNeuro,medical-data,,{},6.0,,2,False,deepneuro,,,,,3.0,3.0,https://pypi.org/project/deepneuro,58.0,58.0,,,,,,,,,,,,3.0,,,,,,,,,,,
663,MedicalNet,Tencent/MedicalNet,medical-data,,{},,,2,False,,,,,,,,,,,,,,,,,,,,,,3.0,MIT,,,,,,,,,,
664,bluefog,Bluefog-Lib/bluefog,distributed-ml,,{},9.0,,2,False,bluefog,,,,['pytorch'],5.0,5.0,https://pypi.org/project/bluefog,31.0,31.0,,,,,,,,,,,,3.0,,,,,,,,,,,
665,OpenRec,ylongqi/openrec,recommender-systems,,{},11.0,,2,False,openrec,,,,,5.0,5.0,https://pypi.org/project/openrec,46.0,46.0,,,,,,,,,,,,3.0,,,,,,,,,,,
666,tts-generation-webui,rsxdalv/tts-generation-webui,audio,,{},15.0,,2,False,,,,,,11.0,11.0,,,,,,,,,,,,,,,3.0,,,,,,,,,,,
667,benchmark_VAE,clementchadebec/benchmark_VAE,pytorch-utils,,{},18.0,,2,False,,,,,['pytorch'],41.0,41.0,,,,,,,,,,,,,,,3.0,,,,,,,,,,,
668,jaxdf,ucl-bug/jaxdf,jax-utils,,{},4.0,,2,False,,,,,['jax'],13.0,13.0,,,,,,,,,,,,,,,3.0,,,,,,,,,,,
669,best-of-ml-python,ml-tooling/best-of-ml-python,data-science,,{},57.0,,1,False,,,,,,,,,,,,,,,,,,,,,,3.0,,,,,,,,,,,
670,awesome-agents,kyrolabs/awesome-agents,data-science,,{},112.0,,1,False,,,,,,,,,,,,,,,,,,,,,,3.0,,,,,,,,,,,
671,awesome-ai-agents,e2b-dev/awesome-ai-agents,data-science,,{},59.0,,1,False,,,,,,,,,,,,,,,,,,,,,,3.0,,,,,,,,,,,
672,awesome_time_series_in_python,MaxBenChrist/awesome_time_series_in_python,data-science,,{},23.0,,1,False,,,,,,,,,,,,,,,,,,,,,,3.0,,,,,,,,,,,
673,Awesome-LLM,Hannibal046/Awesome-LLM,data-science,,{},134.0,,1,False,,,,,,,,,,,,,,,,,,,,,,3.0,,,,,,,,,,,
674,mace,XiaoMi/mace,ml-frameworks,,{},69.0,,1,False,,,,,,,,,,,,,,,,,,,,,,3.0,,,,,,,,,,,
675,scenic,google-research/scenic,image,,{},100.0,,1,False,,,,,['jax'],,,,,,,,,,,,,,,,,3.0,,,,,,,,,,,
676,interpret-text,interpretml/interpret-text,interpretability,,{},18.0,,1,False,interpret-text,,,,['jupyter'],,,https://pypi.org/project/interpret-text,137.0,137.0,,,,,,,,,,,,3.0,,,,,,,,,,,
677,typedb-ml,vaticle/typedb-ml,graph,,{},13.0,,1,False,typedb-ml,,,,,,,https://pypi.org/project/typedb-ml,35.0,35.0,,,,,,,,,,,,3.0,,,,,,,,,,,
678,HyperparameterHunter,HunterMcGushion/hyperparameter_hunter,hyperopt,,{},4.0,,1,False,hyperparameter-hunter,,,,,,,https://pypi.org/project/hyperparameter-hunter,129.0,129.0,,,,,,,,,,,,3.0,,,,,,,,,,,
679,Auptimizer,LGE-ARC-AdvancedAI/auptimizer,hyperopt,,{},11.0,,1,False,auptimizer,,,,,,,https://pypi.org/project/auptimizer,85.0,85.0,,,,,,,,,,,,3.0,,,,,,,,,,,
680,MMLSpark,microsoft/SynapseML,distributed-ml,,{},128.0,,1,False,mmlspark,,,,['spark'],,,https://pypi.org/project/mmlspark,,,,,,,,,,,,,,3.0,,,,,,,,,,,
681,Collie,ShopRunner/collie,recommender-systems,,{},,,1,False,collie,,,,['pytorch'],,,https://pypi.org/project/collie,110.0,110.0,,,,,,,,,,,,3.0,,,,,,,,,,,
682,rs_metrics,Darel13712/rs_metrics,recommender-systems,,{},,,1,False,rs_metrics,,,,,,,https://pypi.org/project/rs_metrics,45.0,45.0,,,,,,,,,,,,3.0,,,,,,,,,,,
683,backprop,backprop-ai/backprop,model-serialisation,,{},8.0,,1,False,backprop,,,,,,,https://pypi.org/project/backprop,143.0,143.0,,,,,,,,,,,,3.0,,,,,,,,,,,
684,KD-Lib,SforAiDl/KD_Lib,pytorch-utils,,{},6.0,,1,False,KD-Lib,,,,['pytorch'],,,https://pypi.org/project/KD-Lib,64.0,64.0,,,,,,,,,,,,3.0,,,,,,,,,,,
685,pandas-ai,gventuri/pandas-ai,others,,{},112.0,,1,False,pandas-ai,,,,,,,https://pypi.org/project/pandas-ai,,,,,,,,,,,,,,3.0,,,,,,,,,,,
686,StreamAlert,airbnb/streamalert,others,,{},33.0,,1,False,,,,,,,,,,,,,,,,,,,,,,3.0,,,,,,,,,,,
687,awesome-time-series,lmmentel/awesome-time-series,data-science,,{},14.0,,0,False,,,,,,,,,,,,,,,,,,,,,,,,,,,,,,,,,
688,Data-science,khuyentran1401/Data-science,data-science,,{},8.0,,0,False,,,,,,,,,,,,,,,,,,,,,,,,,,,,,,,,,
689,datascience,r0f1/datascience,data-science,,{},20.0,,0,False,,,,,,,,,,,,,,,,,,,,,,,,,,,,,,,,,
690,Production-Level-Deep-Learning,alirezadir/Production-Level-Deep-Learning,data-science,,{},11.0,,0,False,,,,,,,,,,,,,,,,,,,,,,,,,,,,,,,,,
691,kaggle-solutions,faridrashidi/kaggle-solutions,data-science,,{},5.0,,0,False,,,,,,,,,,,,,,,,,,,,,,,,,,,,,,,,,
692,nupic.torch,numenta/nupic.torch,ml-frameworks,,{},14.0,,0,False,nupic.torch,,,,,,,https://pypi.org/project/nupic.torch,,,,,,,,,,,,,,,,,,,,,,,,,
693,AutoGL,THUMNLab/AutoGL,graph,,{},18.0,,0,False,auto-graph-learning,,,,['pytorch'],,,https://pypi.org/project/auto-graph-learning,,,,,,,,,,,,,,,,,,,,,,,,,
694,OpenKE,thunlp/OpenKE,graph,,{},14.0,,0,False,,,,,,,,,,,,,,,,,,,,,,,,,,,,,,,,,
695,OpenNE,thunlp/OpenNE,graph,,{},12.0,,0,False,,,,,['tensorflow'],,,,,,,,,,,,,,,,,,,,,,,,,,,,
696,GraphEmbedding,shenweichen/GraphEmbedding,graph,,{},9.0,,0,False,,,,,['sklearn'],,,,,,,,,,,,,,,,,,,,,,,,,,,,
697,surpriver,tradytics/surpriver,financial-data,,{},6.0,,0,False,,,,,,,,,,,,,,,,,,,,,,,,,,,,,,,,,
698,traintool,jrieke/traintool,ml-experiments,,{},,,0,False,traintool,,,,"['pytorch', 'tensorflow', 'sklearn']",,,https://pypi.org/project/traintool,16.0,16.0,,,,,,,,,,,,,,,,,,,,,,,
699,nnDetection,MIC-DKFZ/nnDetection,medical-data,,{},12.0,,0,False,,,,,['pytorch'],,,,,,,,,,,,,,,,,,,,,,,,,,,,
700,moolib,facebookresearch/moolib,distributed-ml,,{},6.0,,0,False,,,,,['pytorch'],,,,,,,,,,,,,,,,,,,,,,,,,,,,
701,rvc-tts-webui,litagin02/rvc-tts-webui,audio,,{},,,0,False,,,,,,,,,,,,,,,,,,,,,,,,,,,,,,,,,
702,Retrieval-based-Voice-Conversion-WebUI,RVC-Project/Retrieval-based-Voice-Conversion-WebUI,audio,,{},,,0,False,,,,,,,,,,,,,,,,,,,,,,,,,,,,,,,,,
703,audio-webui,gitmylo/audio-webui,audio,,{},10.0,,0,False,,,,,,,,,,,,,,,,,,,,,,,,,,,,,,,,,
704,ultimatevocalremovergui,Anjok07/ultimatevocalremovergui,audio,,{},8.0,,0,False,,,,,,,,,,,,,,,,,,,,,,,,,,,,,,,,,
705,textlesslib,facebookresearch/textlesslib,audio,,{},8.0,,0,False,,,,,['pytorch'],,,,,,,,,,,,,,,,,,,,,,,,,,,,
706,FATE,FederatedAI/FATE,privacy-ml,,{},102.0,,0,False,ETAF,,,,,1.0,1.0,https://pypi.org/project/ETAF,2.0,2.0,,,,,,,,,,,,,,,,,,,,,,,
707,traingenerator,jrieke/traingenerator,others,,{},3.0,,0,False,,,,,,,,,,,,,,,,,,,,,,,,,,,,,,,,,
708,awesome-RecSys,jihoo-kim/awesome-RecSys,data-science,,{},2.0,,-1,False,,,,,,,,,,,,,,,,,,,,,,3.0,,,,,,,,,,,
709,tslumen,hsbc/tslumen,time-series-data,,{},2.0,,-1,False,tslumen,conda-forge/tslumen,,,,,,https://pypi.org/project/tslumen,18.0,18.0,https://anaconda.org/conda-forge/tslumen,,,,,,,,,,,3.0,,,,,,,,,,,
